title,author,date,publication_type,rejection_reason
100 Best Cannabis Strains,Michael Blood,2021-03-02,Book,encouraging or instructing on the commision of criminal activity
100 Deadly Skills,Clint Emerson,2019-07-02,Book,describing fighting techniques
100 Impressive Ways of the Gods Within the NGE,B. K. Ullah,2015-02-17,Book,encouraging or instructing on the commision of criminal activity
100 Years of Lynchings,Ralph Ginzburg,2014-10-07,Book,encouraging or instructing on the commision of criminal activity
100 Years of Tattoos,David McComb,2018-08-07,Book,containing sexually explicit material
1000 Record Covers,Michael Ochs,2018-04-03,Book,containing sexually explicit material
101 Fascinating Facts About Anabolic Steroids in Bodybuilding,Robin Barratt,2015-03-03,Book,encouraging or instructing on the commision of criminal activity
101 Things not everyone should know how to do: Forbidden Knowledge,Michael Powell,2023-08-01,Book,encouraging or instructing on the commision of criminal activity
101 Things that Fly,Popular Mechanics,2018-03-20,Book,encouraging or instructing on the commision of criminal activity
12 Volt Solar Power,Michael Daniek,2015-07-07,Book,encouraging or instructing on the commision of criminal activity
120 Days of Sodom,Marquis DeSade,2014-12-16,Book,containing sexually explicit material
"25,000 Years of Erotic Freedom",Alan Moore,2014-02-04,Book,containing sexually explicit material
2600 The Hacker Quarterly,NA,2015-05-05,Magazine/Newspaper,safety and security reasons
365 Sex Positions,Lisa Sweet,2021-07-06,Book,containing pictorially explicit nudity
48 Hours of Kristallnacht,Mitchell G. Bard,2013-09-17,Book,describing or encouraging physical violence or group disruption
48 Laws of Hustling,Ricky St. Julien II,2018-09-18,Book,encouraging or instructing on the commision of criminal activity
4strugglemag,NA,2014-12-02,Magazine/Newspaper,describing or encouraging physical violence or group disruption
50 Nights in Gray,Laura Elias,2015-02-17,Book,containing sexually explicit material
504 Dymes,NA,2013-05-21,Magazine/Newspaper,containing sexually explicit material
98 Underground Businesses,Thomas Paine II,2015-10-06,Book,encouraging or instructing on the commision of criminal activity
A Bronx Tale,Lockdown Publications written by Ghost,2024-09-03,Book,containing written sexually explicit material involving the use of force or non-consent
A Bronx Tale,Lockdown Publications written by Ghost,2024-09-03,Book,encouraging or instructing on the commision of criminal activity
A Bronx Tale,Lockdown Publications written by Ghost,2024-09-03,Book,containing written sexually explicit material involving the use of force or non-consent
A Child of a Crack Head,Shameek Speight,2016-03-01,Book,containing sexually explicit material
A Child of a Crack Head,Shameek A. Speight,2024-07-16,Book,containing written sexually explicit material involving the use of force or non-consent
A Comic Anthology,ABO Comix,2020-01-07,Book,containing pictorially explicit nudity
A Curious Hisorty of Sex,Kate Lister,2022-07-05,Book,containing pictorially explicit nudity
"A Gallery of Fairies, Sprites, and Nymphs: Fairy Song",NA,2014-04-01,Book,containing sexually explicit material
A Game of Thrones The Graphic Novel,George R. R. Martin,2016-06-21,Book,containing sexually explicit material
A Game of Thrones The Graphic Novel Vol. 4,George R. R. Martin,2016-06-21,Book,containing sexually explicit material
A Gentleman in Moscow,Amor Towels,2022-10-18,Book,not being included in the original store packaging
A Good White Woman,Michael Massey,2021-06-15,Book,containing written sexually explicit material involving the use of force or non-consent
A Hood Legend: The Triple Crown Collection,Victor Martin,2018-04-03,Book,containing sexually explicit material
A Life for a Life,Mike Jefferies,2013-07-02,Book,containing sexually explicit material
A Life for a Life II,Mike Jefferies,2013-07-02,Book,containing sexually explicit material
A Lonely Married Man,Derek Jordan,2022-11-15,Book,containing written sexually explicit material involving minors
A Naughty new lesson plan from those 3 horny instructors,Enrique Villagram,2023-01-17,Book,containing pictorially explicit sexual activity
A Perfect Mistress,Jacqueline Ophir,2019-04-16,Book,containing written sexually explicit material involving the use of force or non-consent
A Rose Among Thorns,Jimmy Dasaint,2017-11-07,Book,containing sexually explicit material
A Rose That Grew From Concrete,Tupac Shakur,2016-12-20,Book,encouraging or instructing on the commision of criminal activity
A Ruined Wife,Jennifer Nite,2021-04-06,Book,containing written sexually explicit / sado-masochistic behavior
A Ruined Wife,Jennifer Nite,2021-04-06,Book,containing written sexually explicit / sado-masochistic behavior
"A Ruined Wife, Andrea's Story",Jennifer Nite,2021-04-06,Book,containing written sexually explicit / sado-masochistic behavior
"A Ruined Wife, Andrea's Story",Jennifer Nite,2021-04-06,Book,containing written sexually explicit / sado-masochistic behavior
A Ruined Wife: Andrea's Story,Jennifer Nile,2019-08-20,Book,containing written sexually explicit material involving the use of force or non-consent
A Shot in the Dark,Sante D'Orazio,2025-12-02,Book,containing pictorially explicit nudity
A Stolen Life,Jaycee Daugard,2013-10-01,Book,encouraging or instructing on the commision of criminal activity
A Taste for Brown Sugar,Mireille Miller-Young,2020-10-06,Book,containing pictorially explicit nudity
A Time To Kill,John Grisham,2012-12-18,Book,containing sexually explicit material
A Treacherous Hustle,Serenill Hall,2020-06-02,Book,containing written sexually explicit material involving minors
A Treasury of Ibn Taymiyyah,Mustapha Sheikh,2018-05-15,Book,"containing language or references that espouse hatred towards specific individuals, races, or religions"
A Year of Corcoran Sun,NA,2015-03-17,Book,encouraging or instructing on the commision of criminal activity
A is for Arsenic,Kathryn Harkup,2019-02-05,Book,being detrimental to security for the following reason:
A+ Lab Manual,Jane/Charles Holcombe,2012-07-03,Book,encouraging or instructing on the commision of criminal activity
A.S.I.A. Journal,S. Quanaah,2012-12-04,Book,describing or encouraging physical violence or group disruption
A.S.I.A. Journal Volume 1,S. Quanaah,2013-04-02,Book,describing or encouraging physical violence or group disruption
A.S.I.A. Journal Volume 2,S. Quanaah,2013-04-02,Book,describing or encouraging physical violence or group disruption
A.S.I.A. Journal Volume 3,S. Quanaah,2013-04-02,Book,describing or encouraging physical violence or group disruption
AKIDO,Hong Thong Dang,2023-01-17,Book,describing fighting techniques
AS IS Assets,NA,2012-07-03,Magazine/Newspaper,containing sexually explicit material
AS IS Assets,NA,2012-07-03,Magazine/Newspaper,containing sexually explicit material
AS is Magazine Crime,Magazine,2023-01-17,Magazine/Newspaper,containing descriptions of security risk group material or activity
ASCO 300 Series Power Transfer Switches,NA,2012-07-03,Magazine/Newspaper,encouraging or instructing on the commision of criminal activity
ASCO 4000 Series Digital Generator Paralleling Switch Gear,NA,2012-07-03,Magazine/Newspaper,encouraging or instructing on the commision of criminal activity
ASCO 4000 Series Power Transfer Switches,NA,2012-07-03,Magazine/Newspaper,encouraging or instructing on the commision of criminal activity
ASCO 7000 Series Power Transfer Switch World Class Technology,NA,2012-07-03,Magazine/Newspaper,encouraging or instructing on the commision of criminal activity
ASCO 7000 Series Power Transfer Switches,NA,2012-07-03,Magazine/Newspaper,encouraging or instructing on the commision of criminal activity
ASCO Series 185 Power Transfer Switches,NA,2012-07-03,Magazine/Newspaper,encouraging or instructing on the commision of criminal activity
ASIS Crime Book,Unknown,2017-04-04,Book,encouraging or instructing on the commision of criminal activity
ASIS Magazine,NA,2013-03-05,Magazine/Newspaper,containing sexually explicit material
ASIS Magazine,NA,2015-06-02,Magazine/Newspaper,encouraging or instructing on the commision of criminal activity
ASIS Magazine,NA,2015-06-02,Magazine/Newspaper,encouraging or instructing on the commision of criminal activity
ASIS Magazine,NA,2015-06-02,Magazine/Newspaper,encouraging or instructing on the commision of criminal activity
ASIS Magazine,NA,2015-02-17,Magazine/Newspaper,encouraging or instructing on the commision of criminal activity
ASIS The Crime Book Revised Edition,NA,2019-04-16,Magazine/Newspaper,being detrimental to security for the following reason:
ATM Latinas,NA,2021-07-06,Magazine/Newspaper,containing pictorially explicit nudity
ATM Magazine Pawgs,BBO Magazine.BBOMAG.com,2021-04-20,Book,containing pictorially explicit nudity
Abandoned,Anya Peters,2020-11-03,Book,containing written sexually explicit material involving the use of force or non-consent
Abenaki Dictionary,Bowman Books,2021-08-03,Book,containing writings in code
Absolute 3,Shinichirou Narie,2020-07-07,Book,containing pictorially explicit sexual activity
Absolute Duo 3,Shinichirou Narie,2020-07-07,Book,containing pictorially explicit sexual activity
Absolute Duo 4,Shinichirou Narie,2020-07-07,Book,containing pictorially explicit sexual activity
Absolute Mayhem: Secret Confessions of a Porn Star,Monica Mayhem,2019-06-04,Book,containing pictorially explicit nudity
Abstract Graffiti,Cedar Lewisohn,2013-12-24,Book,containing sexually explicit material
Adam Black Video Illustrated,NA,2015-10-06,Magazine/Newspaper,containing sexually explicit material
Adbusters,NA,2013-08-06,Magazine/Newspaper,describing or encouraging physical violence or group disruption
Addicted,Zane,2022-12-06,Book,containing written sexually explicit / sado-masochistic behavior
Addicted,Zane,2023-01-17,Book,containing written sexually explicit / sado-masochistic behavior
Addicted,Zane,2024-12-17,Book,containing pictorially explicit sexual activity
Adult Video News,NA,2014-03-04,Magazine/Newspaper,containing sexually explicit material
Adventures from the Technology Underground,William Gurstelle,2014-06-03,Book,containing weapon construction procedures
Aftermath,Tracy Brown,2020-05-19,Book,containing written sexually explicit material involving minors
Aho-Girl,Hiroyuki,2020-05-19,Book,containing written sexually explicit material involving minors
Akama ga Kill Zero,Takahiro & Toru,2020-06-16,Book,containing written sexually explicit / sado-masochistic behavior
Akido,Hong Thing Dang & Lynn Seiser,2022-12-06,Book,describing fighting techniques
Akira,Katsuhiro Otomo,2020-07-07,Book,containing pictorially explicit sexual activity
Akira,Katsuhiro Otomo,2020-07-07,Book,containing pictorially explicit nudity
Al-quidah Al-Wasitiyyah,NA,2013-11-05,Book,encouraging or instructing on the commision of criminal activity
Al-quidah Al-Wasitiyyah,NA,2013-11-05,Book,encouraging or instructing on the commision of criminal activity
Alchemy 1977 Gothic 2018 Calendar,Unknown,2017-12-05,Book,containing sexually explicit material
Alias the Cat,Kim Deitch,2013-10-01,Book,containing sexually explicit material
All About Moonshine,Timothy J. Smith and Tom Des Jean,2018-04-03,Book,describing procedures to brew alcohol or manufacture drugs
All I Want Is That Hood Love,Mercedes G,2016-03-15,Book,containing sexually explicit material
All Natural Beauties,Adam Koons-Goliath,2021-07-06,Book,containing pictorially explicit nudity
All Over the Place,Jermaine Swurve Young,2022-01-04,Book,being detrimental to security for the following reason:
All You Need is Paper,Thunder Bay Press,2023-08-01,Book,being detrimental to security for the following reason:
Almighty Black P Stone Nation,Natalie Y. Moore,2022-12-27,Book,being detrimental to security for the following reason:
Almighty Black P Stone Nation,Natalie Y. Moore,2022-12-27,Book,containing descriptions of security risk group material or activity
Alphabets and Scripts Tattoo Design Directory,Vince Hemingson,2014-05-06,Book,encouraging or instructing on the commision of criminal activity
Amazing Freak Show,S. Maruo,2016-04-19,Book,containing sexually explicit material
America Swings,Richard Prince,2016-07-19,Book,containing sexually explicit material
American Bulletin,NA,2015-08-18,Magazine/Newspaper,encouraging or instructing on the commision of criminal activity
American Curves,NA,2013-07-02,Magazine/Newspaper,containing sexually explicit material
American Curves,NA,2013-03-05,Magazine/Newspaper,containing sexually explicit material
American Curves,NA,2013-01-15,Magazine/Newspaper,containing sexually explicit material
American Curves,NA,2013-04-02,Magazine/Newspaper,containing sexually explicit material
American Curves,NA,2013-04-16,Magazine/Newspaper,containing sexually explicit material
American Dreams,Sapphire,2014-04-01,Book,containing sexually explicit material
American Photography of the Male Nude 1940-1970,Al Urban,2014-09-02,Book,containing sexually explicit material
American Survival Guide,NA,2017-02-21,Magazine/Newspaper,containing weapon construction procedures
"American's Bulletin, The",NA,2013-08-06,Magazine/Newspaper,describing or encouraging physical violence or group disruption
"American's Sovereign Bulletin, The",NA,2013-08-06,Magazine/Newspaper,describing or encouraging physical violence or group disruption
Anal Pleasure and Health,Jack Morin,2014-09-02,Book,containing sexually explicit material
Anatomical Anomalies,I. Alston & K. Dixon,2015-05-05,Book,containing sexually explicit material
Anatomy,Malerie Marder,2021-04-06,Book,containing pictorially explicit nudity
And Then She Killed Me,Robert Scott,2013-08-06,Book,encouraging or instructing on the commision of criminal activity
And the Truth Shall Set You Free,Davis Icke,2014-08-05,Book,encouraging or instructing on the commision of criminal activity
Angel Sone: A glorious Collection of HEavenly Bodies,Unknow,2017-10-03,Book,containing sexually explicit material
Angel Song - A Glorious Collection of Heavenly Bodies,An SOP Presentation,2017-08-01,Book,containing sexually explicit material
Angels of Death: Inside the Biker Gangs' Crime Empire,Julian Sher,2018-09-18,Book,encouraging or instructing on the commision of criminal activity
Animal Factory,Edward Bunker,2015-09-15,Book,encouraging or instructing on the commision of criminal activity
Anime Figures: Tokyo's Hottest 50 Figurines,Yoshio Shimono,2014-03-04,Book,containing sexually explicit material
Annie's Revenge,unknown,2013-02-05,Book,containing sexually explicit material
Anti-Magic Academy The 25th Test Platoon The Complete,Touki Yanagmi - Seven Seas,2020-04-21,Book,containing pictorially explicit sexual activity
Apes and Babes,Frank Cho,2019-04-16,Book,containing pictorially explicit nudity
Aprende Pything an un fin de semana,Alfredo Munoz,2022-12-06,Book,being detrimental to security for the following reason:
Aqua Erotica,MaryAnn Mohanraj,2023-11-21,Book,containing written sexually explicit / sado-masochistic behavior
Arduino Robotics,"J.D. Warren, J. Adams & H. Molle",2015-10-06,Book,safety and security reasons
Are You Coming? A Vagina Owners Guide to Orgasm,Laura Hiddinga,2022-02-01,Book,containing pictorially explicit sexual activity
Are You Smart Or What,Pat Battaglia,2014-04-01,Book,containing writings in code
Armed,Daniel Boone Mills,2018-02-06,Book,safety and security reasons
Armed with Good Intentions,Wallo 267,2025-07-15,Book,containing descriptions of security risk group material or activity
Art Fantastix Portfolio,Dorian Cleavenger,2015-04-07,Book,containing sexually explicit material
Art Forum,NA,2012-12-18,Magazine/Newspaper,containing sexually explicit material
Art Forum,NA,2012-11-06,Magazine/Newspaper,containing sexually explicit material
Art Models 10,Johnson,2018-03-20,Book,containing pictorially explicit nudity
Art Models 2: Life Nude Photos for the Visual Arts,Maureen and Douglas Johnson,2016-05-03,Book,containing sexually explicit material
Art Models 3: Life Nude Photos for the Visual Arts,Maureen and Douglas Johnson,2016-05-03,Book,containing sexually explicit material
Art Models 4: Life Nude Photos for the Visual Arts,Maureen and Douglas Johnson,2016-05-03,Book,containing sexually explicit material
Art Models 5: Life Nude Photos for the Visual Arts,Maureen and Douglas Johnson,2016-05-03,Book,containing sexually explicit material
Art Models 6: The Female Figure in Shadow and Light,Maureen and Douglas Johnson,2016-05-03,Book,containing sexually explicit material
Art Models 7: Dynamic Figures for the Visual Arts,Maureen & Douglas Johnson,2013-02-05,Book,containing sexually explicit material
Art Models 8,Maureen & Douglas Johnson,2013-10-15,Book,containing sexually explicit material
"Art of Getting Over, The",Stephen Powers,2012-09-18,Book,encouraging or instructing on the commision of criminal activity
Artform,NA,2012-09-04,Magazine/Newspaper,encouraging or instructing on the commision of criminal activity
As Is,NA,2012-07-03,Magazine/Newspaper,containing sexually explicit material
As Is,NA,2012-12-18,Magazine/Newspaper,containing sexually explicit material
As Is,NA,2012-12-18,Magazine/Newspaper,containing sexually explicit material
As Is,NA,2020-04-07,Magazine/Newspaper,being detrimental to security for the following reason:
As Kinky As You Wanna Be,Shanna German,2016-09-20,Book,containing sexually explicit material
"As The Sun Rises, It Dawns on Hin",Ross Patterson,2024-02-06,Book,containing written sexually explicit material involving the use of force or non-consent
AsIs Assets,NA,2017-04-18,Magazine/Newspaper,encouraging or instructing on the commision of criminal activity
Asian Martial Arts; Constructive Thoughts & Practical Applications,Michael DeMarco,2021-08-17,Book,describing fighting techniques
Asian Tribes,David Howard,2012-12-18,Book,containing sexually explicit material
Astrosex,Sarah Bartlett,2019-07-02,Book,containing pictorially explicit nudity
At the Devil's Table,William C. Rempel,2014-11-18,Book,encouraging or instructing on the commision of criminal activity
Atlas of Foreshortening,John Cody,2012-09-18,Book,containing sexually explicit material
Attack On The Titan,Hajime Isayama,2015-12-15,Book,encouraging or instructing on the commision of criminal activity
Attacking Network Protocols,James Forshaw,2018-08-07,Book,encouraging or instructing on the commision of criminal activity
Authentic Shaolin Heritage: Dian Xue Shu (Dim Mak) Skill of Acting on Acupoints,JinJing Zhong,2017-02-21,Book,describing or encouraging physical violence or group disruption
Automotive Electrical Manual,Haynes Techbook,2014-10-21,Book,encouraging or instructing on the commision of criminal activity
Automotive Technology,Jack Erjaven,2024-04-16,Book,being detrimental to security for the following reason:
Awesome Orals,Erotic Couples Playbook,2025-11-04,Book,containing pictorially explicit nudity
Ax,Sean Michael Wilson,2019-02-19,Book,containing pictorially explicit sexual activity
Ax,Sean Michael Wilson,2019-02-19,Book,containing pictorially explicit nudity
Ax,Sean Michael Wilson,2019-02-19,Book,containing written sexually explicit / sado-masochistic behavior
B-More Careful,NA,2013-08-06,Magazine/Newspaper,containing sexually explicit material
BBO Magazine,NA,2016-09-06,Magazine/Newspaper,containing sexually explicit material
BBO Magazine,NA,2021-07-06,Magazine/Newspaper,containing pictorially explicit nudity
BGM,NA,2013-04-02,Magazine/Newspaper,describing or encouraging physical violence or group disruption
BGM,NA,2013-04-02,Magazine/Newspaper,describing or encouraging physical violence or group disruption
BMF,Mara Shalhoup,2023-09-19,Book,encouraging or instructing on the commision of criminal activity
BMF - The Rise and Fall of Big Meech and the Black Mafia Family,Mara Shalhoup,2014-09-02,Book,encouraging or instructing on the commision of criminal activity
Baby Animals,NA,2012-08-21,Magazine/Newspaper,encouraging or instructing on the commision of criminal activity
Baby Brother,Noire,2015-04-07,Book,encouraging or instructing on the commision of criminal activity
Baby Doll,Hollie Overton,2019-11-19,Book,containing written sexually explicit material involving the use of force or non-consent
Baby Got Back Anal Erotica,Rachel Kramer,2017-03-07,Book,containing sexually explicit material
Baby Got Back: Anal Erotics,Rachel Bussell,2017-03-07,Book,containing sexually explicit material
Back to Basics,Abigail R. Gehring,2014-07-15,Book,describing procedures to brew alcohol or manufacture drugs
"Bad Apple, The Baddest Chick",Nisa Santiago,2013-02-05,Book,containing sexually explicit material
Bad Broads,NA,2012-07-03,Magazine/Newspaper,containing sexually explicit material
Bad Girl Club,Dave Nestler,2019-06-04,Book,containing pictorially explicit nudity
Badass,Ben Thompson,2013-09-17,Book,describing or encouraging physical violence or group disruption
Badass Boxing,Jennifer Dugwen Cheng,2020-08-04,Book,describing fighting techniques
Badbroads,O.D.I.S.,2015-01-20,Book,containing sexually explicit material
Baking Soda,Vicki Lansky,2014-03-18,Book,containing weapon construction procedures
Ballots or Bullets,Emil Lou,2017-04-04,Book,encouraging or instructing on the commision of criminal activity
Ballpoint Beauties,Frank Cho,2019-11-05,Book,containing pictorially explicit nudity
Bang: Masturbation for People of All Genders & Abilties,Vic Liu,2022-02-15,Book,containing pictorially explicit nudity
Bantu Mayombe,Wilfredo Fernandez,2013-12-24,Book,encouraging or instructing on the commision of criminal activity
Banzai Girls Stripped Down,Jinky Coronado,2023-07-18,Book,containing pictorially explicit nudity
Banzai Girls-Stripped Down,Jinky Coronado,2023-08-15,Book,containing pictorially explicit sexual activity
Barbie Black,REDIT-X,2022-12-06,Magazine/Newspaper,containing written sexually explicit / sado-masochistic behavior
Bare Arms,NA,2015-12-01,Magazine/Newspaper,containing sexually explicit material
Bare It All,Barbara Jenson,2021-03-02,Book,containing pictorially explicit nudity
Base Instincts,Jonathan H. Pincus,2012-08-07,Book,containing sexually explicit material
Basic Electronics,Grob,2012-10-16,Book,encouraging or instructing on the commision of criminal activity
Basic Fundamentals of Modern Tattoo,C. R. Jordan,2014-10-07,Book,encouraging or instructing on the commision of criminal activity
Be Ready When the Shit Goes Down,F. Griffin & E. Krauss,2015-02-03,Book,describing or encouraging physical violence or group disruption
Beautiful Bastard,Christina Lauren,2021-03-02,Book,containing pictorially explicit sexual activity
Beautiful You,Chuck Palahniuk,2014-12-16,Book,containing sexually explicit material
Beauty's Kingdom,Anne Rice,2016-07-19,Book,containing sexually explicit material
Beauty's Punishment,Anne Rice,2016-08-02,Book,containing sexually explicit material
Beauty's Release,Anne Rice,2016-03-01,Book,containing sexually explicit material
Becoming Cliterate,Dr. Laurie Mintz,2013-04-02,Book,containing pictorially explicit sexual activity
Becoming His Master,M.Q. Barber,2019-11-19,Book,containing written sexually explicit / sado-masochistic behavior
Bee Vixens From Mars,Grindhouse,2017-09-19,Book,containing sexually explicit material
Begging For It,Lilah Pace,2017-12-05,Book,containing sexually explicit material
Behind the Yellow Tape,Jarrett Hallcox,2013-01-15,Book,encouraging or instructing on the commision of criminal activity
Behold A Pale Whore,Marcus Spears,2016-03-01,Book,encouraging or instructing on the commision of criminal activity
Being Peace,Thich Nhat Hanh,2022-10-18,Book,not being included in the original store packaging
Belly of the Beast,Caleb Alexander,2016-02-02,Book,describing or encouraging physical violence or group disruption
Beltina Rhelms Gender Studies,Steidl,2021-05-04,Book,containing pictorially explicit nudity
Beneath a Ruthless Sun,Gilbert King,2018-08-21,Book,containing sexually explicit material
Berries,Roger Yepsen,2020-10-06,Book,describing procedures to brew alcohol or manufacture drugs
Berserk,Kentaro Miura,2015-03-03,Book,containing sexually explicit material
Berserk,Kentaro Miura,2015-03-03,Book,containing sexually explicit material
Berserk,Kentaro Miura,2015-03-03,Book,containing sexually explicit material
Berserk,Kentaro Miura,2023-12-19,Book,containing pictorially explicit nudity
Beserk,Kentaro Miura,2023-11-21,Book,containing pictorially explicit nudity
Beserk,Kentaro Miura,2019-11-05,Book,containing pictorially explicit nudity
Best Fetish Erotica,Cara Bruce,2018-01-16,Book,containing sexually explicit material
Best Gay Erotica 09,Richard Labonte,2018-06-19,Book,containing sexually explicit material
Best Gay Romance 2010,RIchard LaBonte,2018-06-19,Book,containing sexually explicit material
Best Laid Plans,Brick and Storm,2018-03-20,Book,encouraging or instructing on the commision of criminal activity
Best Lesbian of the Year,Sinclair Sexsmith,2023-02-21,Book,containing written sexually explicit material involving minors
Best New Erotica,Many,2015-12-15,Book,containing sexually explicit material
Best Sex Ever,Mens Health,2022-08-16,Book,containing pictorially explicit sexual activity
Best Sex Writing of the Year,Jon Pressick,2019-05-21,Book,containing written sexually explicit / sado-masochistic behavior
Best Women's Eroica,Violet Blue,2017-06-06,Book,containing sexually explicit material
Best Women's Eroica,Violet Blue,2017-06-06,Book,containing sexually explicit material
Beta,Jasinda Wilder,2016-03-01,Book,containing sexually explicit material
Bettie Page: Queen of the Nile,Jim Slike,2021-06-15,Book,containing pictorially explicit nudity
Bettie!,Irving Klaw,2020-07-07,Book,containing written sexually explicit / sado-masochistic behavior
Beyond Desire,Thea Devine,2014-03-04,Book,containing sexually explicit material
Beyond Science Fiction,Michael Whelan,2021-07-06,Book,containing pictorially explicit sexual activity
Beyond Science Fiction,Baby Tattoo Carnival of Astounding Art,2021-07-06,Book,containing pictorially explicit nudity
Big Black Book of Secrets,Men's Health,2021-04-06,Book,containing pictorially explicit nudity
Big Black Book of Sex Position,Jennifer Baritchi  and Rob Alex,2020-05-05,Book,containing pictorially explicit sexual activity
"Big Book Of IQ Tests, The",Norman Sullivan,2012-07-17,Book,encouraging or instructing on the commision of criminal activity
Big Book of Sex Quotes,Cassell,2013-09-03,Book,containing sexually explicit material
Big Magic for Little Hands,Joshua Jay,2016-12-06,Book,safety and security reasons
Binding Discoveries,Claire Thompson,2021-06-15,Book,containing written sexually explicit / sado-masochistic behavior
Bionics for the Evil Genius,Newton Braga,2013-10-01,Book,encouraging or instructing on the commision of criminal activity
Bishop,RM Johnson,2013-08-20,Book,encouraging or instructing on the commision of criminal activity
Bitter Fruit,DeVan Faye Brittenum,2016-01-05,Book,containing sexually explicit material
"Bizzare Thailand: Tales of Crime, Sex and Black Magic",Jim Algie,2022-01-04,Book,containing written sexually explicit material involving minors
Black & White,NA,2020-07-21,Magazine/Newspaper,containing pictorially explicit nudity
Black Coffee Blues,Henry Rollins,2018-04-17,Book,containing sexually explicit material
Black Gangsters of Chicago,Ron Shepsiuk,2016-11-01,Book,encouraging or instructing on the commision of criminal activity
Black Girl Lost,Donald Goines,2020-10-20,Book,containing written sexually explicit material involving the use of force or non-consent
Black Humour,Adam Smith,2022-01-04,Book,containing written sexually explicit material involving minors
Black Lingerie,NA,2013-07-16,Magazine/Newspaper,containing sexually explicit material
Black Lingerie,NA,2012-09-18,Magazine/Newspaper,containing sexually explicit material
Black Lingerie,NA,2012-09-18,Magazine/Newspaper,containing sexually explicit material
Black Lingerie,NA,2015-10-20,Magazine/Newspaper,containing sexually explicit material
Black Men,NA,2012-11-06,Magazine/Newspaper,containing sexually explicit material
Black Onyx,Nika Michelle,2016-03-01,Book,containing sexually explicit material
Black Out,George Sherman Hudson,2013-09-03,Book,encouraging or instructing on the commision of criminal activity
Black Reign,Edd McNair,2017-09-19,Book,containing sexually explicit material
Black and Pink,NA,2013-09-03,Magazine/Newspaper,describing or encouraging physical violence or group disruption
Black and Ugly,T. Styles,2014-08-05,Book,encouraging or instructing on the commision of criminal activity
BlackMen,NA,2015-05-19,Magazine/Newspaper,containing sexually explicit material
BlackMen,NA,2013-04-16,Magazine/Newspaper,containing sexually explicit material
BlackMen,NA,2014-12-02,Magazine/Newspaper,containing sexually explicit material
BlackMen,NA,2013-04-16,Magazine/Newspaper,containing sexually explicit material
BlackMen,NA,2013-07-16,Magazine/Newspaper,containing sexually explicit material
BlackMen,NA,2013-09-17,Magazine/Newspaper,containing sexually explicit material
Blackbelt,NA,2015-07-07,Magazine/Newspaper,safety and security reasons
Blackbelt,NA,2016-01-05,Magazine/Newspaper,describing or encouraging physical violence or group disruption
Blackbelt,NA,2016-02-16,Magazine/Newspaper,safety and security reasons
Blackbelt,NA,2015-07-07,Magazine/Newspaper,safety and security reasons
Blackbelt,NA,2015-10-20,Magazine/Newspaper,safety and security reasons
Blackman,NA,2013-04-02,Magazine/Newspaper,containing sexually explicit material
Blackthorns Protection Magic,Amy Blackthorn,2023-03-21,Book,describing or encouraging escape methods
Blank Canvas,Craig Stanland,2023-09-19,Book,describing or encouraging escape methods
Block Party 666,Al-Saadiq Banks,2024-11-05,Book,containing descriptions of security risk group material or activity
Blocked In,George Sherman Hudson,2015-12-01,Book,containing sexually explicit material
Blood Bath,S.D. Mustafa & T. Clayton,2016-01-05,Book,encouraging or instructing on the commision of criminal activity
Blood Ink,Russ Thorne,2013-12-03,Book,encouraging or instructing on the commision of criminal activity
Blood Lust,Gary C. King,2024-03-19,Book,containing written sexually explicit / sado-masochistic behavior
Blood Wicked,Sharon Page,2013-10-15,Book,containing sexually explicit material
Blood in my Eye,George L. Jackson,2022-10-04,Book,describing procedures to brew alcohol or manufacture drugs
Blood in my Eye,George L. Jackson,2022-10-04,Book,safety and security reasons
Blow,Bruce Porter,2016-07-19,Book,encouraging or instructing on the commision of criminal activity
"Blue Page, Black Redemption",Barbara Becnel,2016-11-01,Book,encouraging or instructing on the commision of criminal activity
Blueprint Reading for Electricians,Thomson,2020-01-07,Book,not being included in the original store packaging
Bodies of Evidence:  Forensic Science & Crime,Dr. Scott Christianson,2012-09-18,Book,encouraging or instructing on the commision of criminal activity
Body Art,Titan Books,2012-08-21,Book,encouraging or instructing on the commision of criminal activity
Body Art 2,Titan Books,2012-08-21,Book,encouraging or instructing on the commision of criminal activity
Body Art 3,Titan Books,2012-08-21,Book,encouraging or instructing on the commision of criminal activity
Body Art 4,Titan Books,2013-05-07,Book,encouraging or instructing on the commision of criminal activity
Body Heat,Kristen Bjorn,2015-05-05,Book,containing sexually explicit material
Body Painting Masterpieces,Joanne Gair,2012-09-04,Book,containing sexually explicit material
Body Piercing,Russ Thorne,2012-10-16,Book,encouraging or instructing on the commision of criminal activity
"Bomb Built In Hell, A",Andrew Vachss,2012-11-20,Book,encouraging or instructing on the commision of criminal activity
Bomb Queen,Jimmie Robinson,2019-02-05,Book,containing pictorially explicit nudity
Bomb Queen,Jimmie Robinson,2019-02-05,Book,containing pictorially explicit nudity
Bombshells,The Gallery Girls Collection,2023-01-17,Book,containing pictorially explicit nudity
Boobs Coloring Book & Ultimate Porn Addict Coloring Book,Coloring Book,2024-01-02,Book,containing pictorially explicit nudity
Book of the Vampire,Nigel Suckling,2013-08-20,Book,containing sexually explicit material
Book three of the breathless trilogy,Maya Banks,2023-01-17,Book,containing written sexually explicit / sado-masochistic behavior
Boon Island,A. Vietze & S. Erickson,2015-10-06,Book,encouraging or instructing on the commision of criminal activity
Booty Encyclopedia,Unknown,2020-03-03,Book,containing pictorially explicit nudity
Borderline,Lawrence Block,2016-04-05,Book,containing sexually explicit material
Born in the Streets But Raised in Prison,Tra Verdejo,2019-06-04,Book,encouraging or instructing on the commision of criminal activity
Boston Noir,Dennis Lehane,2015-04-07,Book,containing sexually explicit material
Bound by Ink,NA,2013-03-05,Magazine/Newspaper,containing sexually explicit material
Bower's Book of Conditioning and Drilling,Mark Hatmaker,2016-10-04,Book,describing or encouraging physical violence or group disruption
Boxing Workouts,NA,2020-09-01,Magazine/Newspaper,describing fighting techniques
Boys of Life,Paul Russell,2018-07-17,Book,containing written sexually explicit material involving minors
Brain Tanning: An Easy Guide for the 21st Century,Dick Walsh,2021-06-15,Book,containing weapon construction procedures
Breaking into Cybersecurity,Sunday Bitrus,2025-01-07,Book,encouraging or instructing on the commision of criminal activity
Breaking the Code,Pat Matter,2016-12-06,Book,encouraging or instructing on the commision of criminal activity
Bred by the Slums,Lockdown Publications written by Ghost,2024-09-03,Book,containing written sexually explicit material involving the use of force or non-consent
Bred by the Slums,Lockdown Publications written by Ghost,2024-09-03,Book,encouraging or instructing on the commision of criminal activity
Brie Learns the Art of Submission,Red Phoenix,2016-03-01,Book,containing sexually explicit material
"Brief Encounters- 69 Hot Gay Shorts, Edited",Shane Allison,2018-01-16,Book,containing sexually explicit material
Briggs Land,Brian Wood,2018-09-18,Book,safety and security reasons
Bright Fire,Maya Hess,2014-06-03,Book,containing sexually explicit material
Bruce Lee The Tao of Gung Fu: A Study In The Way of Chinese Martial Artt,Tuttle,2016-05-17,Book,describing or encouraging physical violence or group disruption
Bruce Lee's Jeet Kume Do,Sam Fury,2023-01-17,Book,describing fighting techniques
Bud Plant's Incredible Catalog,Various,2016-04-05,Book,containing sexually explicit material
Buddhist Origami,Nick Robinson,2018-10-16,Book,being detrimental to security for the following reason:
Budo Secrets: Teachings of the Martial Arts Masters,John Stevens,2013-10-15,Book,describing or encouraging physical violence or group disruption
Build Your Own Drone,Alex Elliott,2017-02-07,Book,safety and security reasons
Build Your Own Free to Air FTA Satellite TV System,Dennis C. Brewer,2013-01-15,Book,encouraging or instructing on the commision of criminal activity
Build your own AR-15,David Strauss,2024-02-06,Book,being detrimental to security for the following reason:
Bully Girl,NA,2013-03-05,Magazine/Newspaper,containing sexually explicit material
Burn,Roy Milligan,2023-01-17,Book,containing written sexually explicit / sado-masochistic behavior
Burn,Maya Banks,2022-12-06,Book,containing written sexually explicit / sado-masochistic behavior
Burnt Tongues,Chuck Palahniuk,2016-06-07,Book,containing sexually explicit material
Bush Knife,Bradley Richardson,2024-08-20,Book,being detrimental to security for the following reason:
Busy Bodies,Zane,2013-08-20,Book,containing sexually explicit material
Buther & Blackbird,Brynne Weaver,2025-11-04,Book,describing or encouraging physical violence or group disruption
Butterfly,Ashley Antoinette,2020-12-15,Book,containing written sexually explicit / sado-masochistic behavior
Butterfly,Ashley Antionette,2025-07-01,Book,containing written sexually explicit / sado-masochistic behavior
Butterfly,Ashley Antoinette,2023-03-21,Book,containing written sexually explicit material involving the use of force or non-consent
Butterfly,Ashley Antoinette,2023-03-21,Book,containing written sexually explicit material involving the use of force or non-consent
Buttman,NA,2014-12-16,Magazine/Newspaper,containing sexually explicit material
Buttman,NA,2014-12-16,Magazine/Newspaper,containing sexually explicit material
C is for Coeds,Alison Tyler,2013-07-16,Book,containing sexually explicit material
CBD Everyday,Sandra Hinchilffe,2021-05-18,Book,describing procedures to brew alcohol or manufacture drugs
CELTIC MAGIC SEX,Jon G. Hughes,2023-04-18,Book,containing pictorially explicit sexual activity
CELTIC SEX MAGIC,John G. Hughes,2023-04-18,Book,containing pictorially explicit nudity
"CIA Lockpicking Manual, The",CIA,2012-11-20,Book,encouraging or instructing on the commision of criminal activity
Cain's Blood,Geoffrey Girard,2015-06-16,Book,encouraging or instructing on the commision of criminal activity
"Calendar Girls, Sex Goddesses & Pin Up Queens Of the 40's 50's and 60's",John Ortner,2020-02-18,Book,containing pictorially explicit nudity
Call Girl in Another World,Mashiro Morios,2022-05-17,Book,containing pictorially explicit nudity
Calligraphy: A Course in Hand Lettering,Maryanne Grebenstein,2013-05-07,Book,encouraging or instructing on the commision of criminal activity
Can't Get Enough:Erotica for Women,Tenille Brown,2017-06-06,Book,containing sexually explicit material
Candy Licker,Noire,2016-09-20,Book,containing sexually explicit material
Cannabis Jobs: How to Make A living and Have A Career In the World of Legalized Marijuana,Andrew King,2020-05-05,Book,describing procedures to brew alcohol or manufacture drugs
Cannabis Regeneration,J. B. Haze,2016-12-06,Book,encouraging or instructing on the commision of criminal activity
Capital Punishment,Billy Wayne Sinclair,2013-08-06,Book,containing sexually explicit material
Captive Genders,Eric A. Stanley and Nat Smith,2022-03-01,Book,describing or encouraging physical violence or group disruption
Capture or Kill,Yosri Fouda,2015-04-07,Book,describing or encouraging physical violence or group disruption
Carnal Alchemy,"Stephen Flowers, Crystal Flowers",2018-03-06,Book,containing sexually explicit material
Carnal Craving,Ray Gordon,2014-02-04,Book,containing sexually explicit material
Carrie's Story,Molly Wetherfield,2015-02-17,Book,containing sexually explicit material
Carries'Story: An Erotic S/M Novel,Molly Weatherfield,2017-10-03,Book,containing sexually explicit material
Casper Book 1: A Gangster Love Story,A. Cruz & R. Childress,2015-03-17,Book,encouraging or instructing on the commision of criminal activity
Castro's Secrets,Brian Latell,2013-03-05,Book,encouraging or instructing on the commision of criminal activity
Cats and Girls,Balthus,2019-03-19,Book,containing pictorially explicit nudity
Caution Slippery When Wet,NA,2018-10-16,Magazine/Newspaper,containing pictorially explicit nudity
Cavewoman Oasis book 1,Basement B,2013-04-02,Book,containing sexually explicit material
Celebrity Skin,NA,2012-07-03,Magazine/Newspaper,containing sexually explicit material
Certain Days: The 2013 Freedom for Political Prisoners Calendar,NA,2013-03-05,Book,describing or encouraging physical violence or group disruption
Certified Ethical Hacker,Matt Walker,2019-11-19,Book,encouraging or instructing on the commision of criminal activity
Chained Guilt,Terry Keys,2017-01-17,Book,containing sexually explicit material
Chainsaw Man,Tatsuki Fujimoto,2024-02-06,Book,containing written sexually explicit / sado-masochistic behavior
Chainsaw Man,Tatsuki Fujimoto,2024-03-05,Book,containing pictorially explicit nudity
Charisma Baller's Wife,Nikki Turner,2023-11-21,Book,containing written sexually explicit material involving the use of force or non-consent
Charlie and the Angels,Alex Caine,2014-09-16,Book,encouraging or instructing on the commision of criminal activity
Chasing the High,Kyle Keegan,2016-02-02,Book,safety and security reasons
Checkmate: The Baddest Chick,Nisa Santiago,2014-05-06,Book,containing sexually explicit material
Cheeks,NA,2021-06-15,Magazine/Newspaper,containing pictorially explicit sexual activity
Cheeky Spanking Stories,Rachel Kramer Bussel,2016-08-02,Book,containing sexually explicit material
Cheeky Spankink Stories,Rachel Kramer Bussel,2015-06-16,Book,containing sexually explicit material
Chemistry Made Easy,Study Guide,2022-04-19,Book,being detrimental to security for the following reason:
Chica Erotica,Jordi Bernet,2021-08-17,Book,containing pictorially explicit nudity
Chili Pimping in Atlantic City,Michael Mick-man Gourdine,2016-03-15,Book,encouraging or instructing on the commision of criminal activity
China Art Book,Uta Grosenik,2015-06-02,Book,containing sexually explicit material
Choices,Johnny Jarrell,2014-11-04,Book,containing sexually explicit material
Chosen Prey,John Sandford,2016-12-20,Book,encouraging or instructing on the commision of criminal activity
Chuck Close Work,Christopher Finch,2014-06-17,Book,encouraging or instructing on the commision of criminal activity
Church Boyz,H. H. Fowler,2014-11-04,Book,containing sexually explicit material
Cinema Sewer,Robin Bougie,2021-03-16,Book,containing pictorially explicit sexual activity
Citizen Outlaw,Charles Barber,2019-11-19,Book,containing descriptions of security risk group material or activity
Citizen Outlaw,Charles Barber,2023-06-20,Book,being detrimental to security for the following reason:
City Lights,George Sherman Hudson,2013-09-03,Book,encouraging or instructing on the commision of criminal activity
Claim Me,J. Kenner,2013-05-21,Book,containing sexually explicit material
Classic Album Covers of the 1970's,Audrey Powell,2016-03-01,Book,containing sexually explicit material
Classic Modern Pin-ups,Schiffer,2015-05-05,Book,containing sexually explicit material
Clitology,Jordan LaRousse,2013-04-02,Book,containing sexually explicit material
Close Up Photography,Michael Freeman,2014-05-06,Book,containing sexually explicit material
Clown Niggas,T. Styles,2020-09-01,Book,containing written sexually explicit material involving the use of force or non-consent
Coalition for Prisoners Rights,NA,2013-08-06,Magazine/Newspaper,describing or encouraging physical violence or group disruption
Coalition for Prisoners Rights,NA,2013-08-06,Magazine/Newspaper,describing or encouraging physical violence or group disruption
Coalition for Prisoners Rights,NA,2013-08-06,Magazine/Newspaper,describing or encouraging physical violence or group disruption
Coalition for Prisoners Rights,NA,2013-08-06,Magazine/Newspaper,describing or encouraging physical violence or group disruption
Coalition for Prisoners Rights,NA,2013-08-06,Magazine/Newspaper,describing or encouraging physical violence or group disruption
Coalition for Prisoners Rights,NA,2013-08-06,Magazine/Newspaper,describing or encouraging physical violence or group disruption
Coalition for Prisoners Rights,NA,2013-08-06,Magazine/Newspaper,describing or encouraging physical violence or group disruption
Coalition for Prisoners Rights,NA,2012-08-07,Magazine/Newspaper,encouraging or instructing on the commision of criminal activity
Coalition for Prisoners Rights,NA,2013-08-06,Magazine/Newspaper,describing or encouraging physical violence or group disruption
Coalition for Prisoners Rights,NA,2013-08-06,Magazine/Newspaper,describing or encouraging physical violence or group disruption
Coca Kola: The Baddest Chick Part 2,Nisa Santiago,2014-05-06,Book,encouraging or instructing on the commision of criminal activity
Cocaine Nation,Tom Feiling,2012-08-21,Book,encouraging or instructing on the commision of criminal activity
Code Breakers: The Inside Story of Bletchley Park,F.H. Hinsley & A. Stripp,2013-12-24,Book,containing writings in code
Coke King 4,T.J. Edwards,2023-03-07,Book,containing written sexually explicit material involving the use of force or non-consent
Coke Kings,T.J. Edwards,2023-02-07,Book,containing written sexually explicit material involving the use of force or non-consent
Coke Kings,T.J. Edwards,2023-03-07,Book,containing written sexually explicit material involving the use of force or non-consent
Coke Kings 2,T. J. Edwards,2021-03-16,Book,containing written sexually explicit material involving the use of force or non-consent
Coke Kings 4,T.J. Edwards,2023-02-07,Book,containing written sexually explicit material involving the use of force or non-consent
Color My Boobs,D.D. Stacks,2013-05-07,Book,containing sexually explicit material
Coloring Books for Adults,Creative Coloring Publications,2024-09-03,Book,containing pictorially explicit nudity
Colossus: The Secrets of Bletchley Park's Code-breaking Computers,B.Jack Copeland,2013-12-24,Book,containing writings in code
Combat Knives and Knife Combat,Delmar Pohl & Jim Wagner,2020-06-16,Book,describing fighting techniques
Comic Artist's Essential Photo Reference: People and Poses,Buddy Scalera,2017-04-18,Book,describing or encouraging physical violence or group disruption
Comickers Art,NA,2015-12-15,Magazine/Newspaper,containing sexually explicit material
Commercial Law,David E. Robinson,2024-08-20,Book,containing material influenced by sovereign citizen ideology
Commissary Kitchen: My Infamous Prison Cookbook,Albert Prodigy Johnson & Kathy Randall,2016-12-20,Book,describing procedures to brew alcohol or manufacture drugs
Compared & Contrasted Modern Weapons,Martin J. Dougherty,2014-10-21,Book,containing weapon construction procedures
Complete A**hole's Guide to Handling Chicks,Indante and Marks,2013-04-16,Book,containing sexually explicit material
Complete Idiot's Guide to Hypnosis,Roberta Temes,2015-02-17,Book,encouraging or instructing on the commision of criminal activity
Comprehensive Cannabis Business Book,Alex Paul,2021-02-16,Book,encouraging or instructing on the commision of criminal activity
Confessions of the Hundred Hottest Porn Stars,Lainie Speiser,2015-01-20,Book,containing sexually explicit material
Connective Tissue,Bob Fingerman,2014-02-04,Book,containing sexually explicit material
Consequences,Aleatha Roming,2015-10-20,Book,containing sexually explicit material
Contemporary Illustrated Pin-Up,Schiffler Publishing,2019-07-02,Book,containing pictorially explicit nudity
Cooking In The Big House,Big Papi,2018-01-16,Book,describing procedures to brew alcohol or manufacture drugs
Cool Sh*t,Frances Reade,2013-09-17,Book,describing procedures to brew alcohol or manufacture drugs
Copyright Your Name and Use It To Ward Off Authorities,American Civics Research Library,2016-01-05,Book,encouraging or instructing on the commision of criminal activity
Copyright Your Name and Use it to Ward Off Authorities,Kapaa Hawaii,2016-08-02,Book,encouraging or instructing on the commision of criminal activity
Corruption Officer,Gary L. Heyward,2015-10-20,Book,safety and security reasons
Court in the Streets,Kevin Bullock,2017-10-17,Book,containing sexually explicit material
Cover Girls,Guillem March,2019-02-19,Book,containing pictorially explicit nudity
Craving,Helen hardt,2016-12-20,Book,containing sexually explicit material
Cream: The Best of the Erotica Readers and Writers Association,Lisabet Sarai,2013-11-05,Book,containing sexually explicit material
Create a New Identity,Sheldon Charrett,2014-04-01,Book,encouraging or instructing on the commision of criminal activity
Creole Belle,James Lee Burke,2012-09-04,Book,containing sexually explicit material
Crime and Punishment,Fyodor Dostoyevsky,2025-08-19,Book,encouraging or instructing on the commision of criminal activity
"Crime of Passion, when Love Begins to Hurt, Run",Mimi,2020-10-06,Book,containing written sexually explicit material involving the use of force or non-consent
Cross Gender Fun,Veronica Vera,2017-09-19,Book,containing sexually explicit material
Crossing the Lines Neighborly Affection Book,M.Q. Barber,2019-05-07,Book,containing written sexually explicit / sado-masochistic behavior
Crossword,Papp,2022-10-18,Book,not being included in the original store packaging
Cruel Hoax,Henry Makow,2021-08-03,Book,"containing language or references that espouse hatred towards specific individuals, races, or religions"
Cruel and Unusual,Anne-Marie Cusac,2013-09-17,Book,describing or encouraging physical violence or group disruption
Cryptograms Puzzle Book for Adults,Stephen Ellis,2022-01-04,Book,containing writings in code
Cult of Boys,Toyin Ibidapo,2021-04-06,Book,containing pictorially explicit nudity
Culture in Nazi Germany,Michael He. Kater,2021-08-17,Book,being detrimental to security for the following reason:
Curbfeeders,NA,2017-08-15,Magazine/Newspaper,containing sexually explicit material
Curvaceous Beauty Alexis Vol. 1,Michael Enoches Photography,2017-10-17,Book,containing sexually explicit material
Cybercrime and the Darknet,Cath Senker,2018-06-05,Book,encouraging or instructing on the commision of criminal activity
Cybersecurity All in one for dummies,Joseph Steinberg,2024-12-03,Book,encouraging or instructing on the commision of criminal activity
D'sire,Supreme Essence,2023-06-06,Book,containing written sexually explicit material involving minors
DIY For Prisoners,Tanner George Cummings,2021-04-06,Book,being detrimental to security for the following reason:
DMZ Compendium One,Brian Wood & Riccardo Burchielli,2024-07-02,Book,containing pictorially explicit nudity
DOC,Jimmy Dasaint,2015-03-03,Book,containing sexually explicit material
DONDIVA,NA,2022-02-01,Magazine/Newspaper,encouraging or instructing on the commision of criminal activity
Daddy Love,Joyce Carol Oates,2014-08-19,Book,containing sexually explicit material
Daddy's Little Bitch,Semiah McGraw,2016-03-01,Book,encouraging or instructing on the commision of criminal activity
Dan Da Dan,Y. Tatsu,2025-07-15,Book,containing written sexually explicit material involving the use of force or non-consent
"Dance in the Vampire Bund 2, scarlet order",Nozomu Tamuki,2019-03-19,Book,containing written sexually explicit material involving minors
Dancers After Dark,Jordan Matter,2017-08-01,Book,containing sexually explicit material
Dancing With the Devil,Mark Currey,2013-04-16,Book,encouraging or instructing on the commision of criminal activity
Dangerous Curves Women of Action!,Paco Diaz,2021-07-20,Book,containing pictorially explicit nudity
Dark Art,Bob Hobbs,2012-08-21,Book,encouraging or instructing on the commision of criminal activity
Dark Dreams,Roy  Hazelwood,2022-07-05,Book,containing written sexually explicit / sado-masochistic behavior
Dark Karma,Joyce Veranda Gray,2013-05-07,Book,containing sexually explicit material
Dark Lines Adult Coloring Book,Ian Mosher,2020-04-21,Book,containing pictorially explicit nudity
Dark Soul of the South,Mel Ayton,2015-04-21,Book,encouraging or instructing on the commision of criminal activity
Darkmarket,Misha Glenny,2014-11-04,Book,encouraging or instructing on the commision of criminal activity
Dating & Sex: The Complete Worst-Case Scenario Survival Handbook,David Borgenicht,2014-11-18,Book,encouraging or instructing on the commision of criminal activity
Daughters of Darkness 3 - A Gallery Girls Collection,NA,2012-08-21,Magazine/Newspaper,containing sexually explicit material
DeMystified French,Annie Hemingway,2012-07-03,Book,encouraging or instructing on the commision of criminal activity
Dead Life,Gaudin Urgell,2019-04-16,Book,containing pictorially explicit nudity
Dead Life,Gaudin Urgell,2019-04-16,Book,containing pictorially explicit nudity
Dead Life,Gaudin Urgell,2018-12-04,Book,containing pictorially explicit nudity
Dead Men Tell No Tales,Dylan Howard,2022-06-07,Book,containing written sexually explicit / sado-masochistic behavior
Dead Men Tell No Tales,Dylan Howard,2022-06-07,Book,containing written sexually explicit material involving the use of force or non-consent
Dead Pool Max,"David Lapham, Kyle Baker, Shawn Crystal",2021-04-06,Book,containing pictorially explicit nudity
DeadFall,Robert Scott,2014-02-04,Book,encouraging or instructing on the commision of criminal activity
Deadly Reings,Terry Woods,2013-05-21,Book,encouraging or instructing on the commision of criminal activity
Deadpool Max,"David Lapham, Kyle Baker, Shawn Crystal",2021-04-06,Book,containing pictorially explicit nudity
Deadpool Max - Involuntary Armagedden,David Lapham,2018-06-19,Book,containing sexually explicit material
Deal With the Devil,Peter Lance,2014-02-04,Book,containing weapon construction procedures
Death Dealer,Rudolph Hoss,2016-05-17,Book,encouraging or instructing on the commision of criminal activity
Death Scenes,Katherine Dunn,2022-09-06,Book,containing pictorially explicit nudity
Decibel,NA,2015-07-21,Magazine/Newspaper,encouraging or instructing on the commision of criminal activity
Decibel,NA,2013-06-04,Magazine/Newspaper,encouraging or instructing on the commision of criminal activity
Deciblel,NA,2018-05-15,Magazine/Newspaper,containing sexually explicit material
Deepest Desires of a Wicked Duke,Sharon Page,2019-03-19,Book,containing written sexually explicit material involving the use of force or non-consent
Defining Contemporary Art,n/a,2014-07-15,Book,encouraging or instructing on the commision of criminal activity
Degrees by Mail,Eden Press,2015-06-02,Book,encouraging or instructing on the commision of criminal activity
Dejah Thoris and the White Apes of Mars,NA,2013-04-16,Book,containing sexually explicit material
Demonizer Zilch,Milan Matra,2021-03-02,Book,containing pictorially explicit nudity
Demons of Magick,Gordon Winterfield,2023-06-20,Book,containing writings in code
Desire New Erotic Photography,Patrick Remy,2020-04-21,Book,containing pictorially explicit nudity
Desire Pandora,Akira Hizuki,2013-04-02,Book,containing pictorially explicit nudity
Details,NA,2013-02-19,Magazine/Newspaper,encouraging or instructing on the commision of criminal activity
Devil's Playground,Vijat Mohindra,2023-01-17,Book,containing pictorially explicit nudity
Devil's Pllayground,Fastner & Larson,2022-12-06,Book,containing pictorially explicit nudity
Diary of  a Madman,Brad SCARFACE Jordan,2017-07-18,Book,encouraging or instructing on the commision of criminal activity
Diary of a Sex Friend:  Girl with a One Track Mind,Abby Lee,2013-08-20,Book,containing sexually explicit material
Diary of a Stalker,Electa Rome Parks,2014-03-04,Book,containing sexually explicit material
Different Loving,"Gloria Brame, William Brame",2020-10-06,Book,containing written sexually explicit / sado-masochistic behavior
Dime Piece Magazine,NA,2012-09-18,Magazine/Newspaper,containing sexually explicit material
Dimepiece Magazine,NA,2013-05-21,Magazine/Newspaper,containing sexually explicit material
Dirty Heat,Cairo,2020-10-20,Book,containing written sexually explicit / sado-masochistic behavior
Dirty Korean,Haewon Geebi Baek,2022-01-04,Book,"containing language or references that espouse hatred towards specific individuals, races, or religions"
Dirty Spanish Workbook,Ulysses Press,2013-08-06,Book,containing sexually explicit material
Dirty Spanish Workbook,Lindsay Mack,2016-12-06,Book,containing sexually explicit material
"Dirty, Sick, X-rated & Politically Incorrect Jokes",Geoff Tibballs,2012-09-04,Book,safety and security reasons
Discover,NA,2013-03-05,Magazine/Newspaper,encouraging or instructing on the commision of criminal activity
Dismantling the Matrix,Baz Moreno,2023-09-19,Book,containing material influenced by sovereign citizen ideology
Dismembered,Susan D. Mustafa,2016-01-05,Book,encouraging or instructing on the commision of criminal activity
Distilled,"J, Harrison B.N. Ridley",2016-06-21,Book,describing procedures to brew alcohol or manufacture drugs
Divine Solace,Joey W. Hill,2015-11-03,Book,containing sexually explicit material
"Do It Yourself, 12 Volt Solar Power",Michel Daniek,2020-12-15,Book,being detrimental to security for the following reason:
Do or Die,Leon Bing,2016-11-15,Book,encouraging or instructing on the commision of criminal activity
Do-It-Yourself Laptop Projects,Justin Jaffe & Brian Nadel,2012-11-20,Book,encouraging or instructing on the commision of criminal activity
Does a hot Elf live next door to you,Meguru Ueno,2023-01-17,Book,containing written sexually explicit material involving minors
"Dog Breed Bible, The",Barron's,2012-08-21,Book,encouraging or instructing on the commision of criminal activity
Dog Eat Dog,Edward Bunker,2015-09-15,Book,encouraging or instructing on the commision of criminal activity
Dogs of Velvet and Steel,Bob Stevens,2017-08-15,Book,encouraging or instructing on the commision of criminal activity
Doll Graphic Novel 1,unknown,2015-10-06,Book,containing sexually explicit material
Dominatrix Heaven,Pan-Exotica,2023-09-19,Book,containing written sexually explicit / sado-masochistic behavior
Doms Guide to BOSM,Matthew Larocco,2020-09-15,Book,containing written sexually explicit / sado-masochistic behavior
Don Diva,NA,2018-02-06,Magazine/Newspaper,encouraging or instructing on the commision of criminal activity
Don Diva,Don Diva Magazine,2023-03-21,Magazine/Newspaper,containing descriptions of security risk group material or activity
Don Diva,Don Diva Magazine,2023-03-21,Magazine/Newspaper,containing descriptions of security risk group material or activity
Don Diva,Don Diva Magazine,2023-03-21,Magazine/Newspaper,containing descriptions of security risk group material or activity
Don Diva,NA,2016-08-02,Magazine/Newspaper,encouraging or instructing on the commision of criminal activity
Don Diva,NA,2017-09-19,Magazine/Newspaper,encouraging or instructing on the commision of criminal activity
Don Diva,NA,2013-05-21,Magazine/Newspaper,containing sexually explicit material
Don Diva,NA,2013-07-16,Magazine/Newspaper,encouraging or instructing on the commision of criminal activity
Don Diva,NA,2015-04-21,Magazine/Newspaper,describing or encouraging physical violence or group disruption
Don Diva - Business Insider,NA,2019-10-01,Magazine/Newspaper,containing descriptions of security risk group material or activity
Don Diva - Honey,NA,2019-10-01,Magazine/Newspaper,encouraging or instructing on the commision of criminal activity
Don Diva - Music View,NA,2019-10-01,Magazine/Newspaper,containing descriptions of security risk group material or activity
Don Diva - Scene,NA,2019-10-01,Magazine/Newspaper,containing descriptions of security risk group material or activity
Don Diva - Scene,NA,2019-10-01,Magazine/Newspaper,containing descriptions of security risk group material or activity
Don Diva -Business 3.0,NA,2013-12-03,Magazine/Newspaper,encouraging or instructing on the commision of criminal activity
Don Diva -Business 3.0,NA,2019-10-01,Magazine/Newspaper,containing descriptions of security risk group material or activity
Don Diva Magazine,NA,2012-09-18,Magazine/Newspaper,containing sexually explicit material
Don Diva Magazine,NA,2014-03-18,Magazine/Newspaper,encouraging or instructing on the commision of criminal activity
Don Diva Magazine,NA,2017-07-18,Magazine/Newspaper,encouraging or instructing on the commision of criminal activity
Don Diva Magazine,NA,2014-04-01,Magazine/Newspaper,encouraging or instructing on the commision of criminal activity
Don't Drop The Soap,Andrew Medal,2022-02-01,Book,being detrimental to security for the following reason:
DonDiva,NA,2018-09-04,Magazine/Newspaper,describing or encouraging physical violence or group disruption
Doom Fox Iceberg Slim,Intro by Ice-T,2017-06-20,Book,containing sexually explicit material
Doom Survival Guide,Mat Doomguy Victor,2012-09-18,Book,encouraging or instructing on the commision of criminal activity
Dope Boys Magic 2,Chris Green,2023-09-05,Book,containing written sexually explicit material involving the use of force or non-consent
Down the Rabbit Hole,McCall & Leibowitz,2018-06-05,Book,safety and security reasons
Dragon Song: Wings of Conquest,Various,2015-11-17,Book,containing sexually explicit material
Dragon Tails #3,SQP. Inc.,2023-02-07,Book,containing pictorially explicit nudity
Dragonar Academy 1,Shiki Mizuchi,2016-02-02,Book,containing sexually explicit material
Drakaina Masters,An SQP Presentation,2020-01-07,Book,containing pictorially explicit nudity
Drakaina: Fantasy Art Muse,Unknown,2017-10-03,Book,containing sexually explicit material
Drakania Masters,NA,2019-04-16,Magazine/Newspaper,containing pictorially explicit nudity
Drauga-Ahrimanian Yatuk Dinoih,Michael W. Ford,2015-09-15,Book,safety and security reasons
Drawing Book,N/A,2022-09-06,Book,containing physical properties which can be manipulated as a security concern
Dream Master,Claire Thompson,2021-08-03,Book,containing written sexually explicit / sado-masochistic behavior
Dreamland,Boris Vallejo,2014-12-16,Book,containing sexually explicit material
Driven,Davis,2012-08-07,Book,encouraging or instructing on the commision of criminal activity
Driven - When you can't take anything else,Kashamba Williams,2012-08-07,Book,encouraging or instructing on the commision of criminal activity
Drugs Unlimited,Mike Power,2018-05-15,Book,encouraging or instructing on the commision of criminal activity
Drunk Stoned Brilliant Dead,Rick Meyerowitz,2013-12-03,Book,containing sexually explicit material
Duffle Bag Cartel 4,Ghost,2023-01-17,Book,containing written sexually explicit / sado-masochistic behavior
Dutch,Terri Wood,2014-10-21,Book,encouraging or instructing on the commision of criminal activity
EPS,Unknown,2017-09-19,Book,containing sexually explicit material
EPS,Unknown,2017-09-19,Book,containing sexually explicit material
EPS,Son Loving Father,2017-09-05,Book,containing sexually explicit material
EPS,Unknown,2017-09-19,Book,containing sexually explicit material
EPS,Unknown,2017-09-19,Book,containing sexually explicit material
EPS,EPS LLC,2019-12-03,Book,containing written sexually explicit / sado-masochistic behavior
ESPN,NA,2014-06-17,Magazine/Newspaper,describing or encouraging physical violence or group disruption
Easy Rider,Easy Rider Magazine,2025-04-01,Magazine/Newspaper,containing pictorially explicit nudity
Easy Riders,NA,2013-05-21,Magazine/Newspaper,encouraging or instructing on the commision of criminal activity
Easy Riders,NA,2018-02-20,Magazine/Newspaper,containing sexually explicit material
Easy Riders,NA,2018-02-20,Magazine/Newspaper,containing sexually explicit material
Easy Riders,NA,2016-04-05,Magazine/Newspaper,containing sexually explicit material
Easy Riders,NA,2019-03-05,Magazine/Newspaper,containing pictorially explicit nudity
Easy Riders,NA,2012-07-03,Magazine/Newspaper,containing sexually explicit material
Easy Riders,NA,2013-07-02,Magazine/Newspaper,containing sexually explicit material
Easy Riders,NA,2016-01-19,Magazine/Newspaper,containing sexually explicit material
Easy Riders,NA,2018-01-16,Magazine/Newspaper,containing sexually explicit material
Easy Riders,NA,2017-12-05,Magazine/Newspaper,containing sexually explicit material
Easy Riders,NA,2018-07-17,Magazine/Newspaper,containing sexually explicit material
Easy Riders,NA,2018-05-01,Magazine/Newspaper,containing sexually explicit material
Easy Riders,NA,2014-02-04,Magazine/Newspaper,containing sexually explicit material
Easy Riders,NA,2018-03-06,Magazine/Newspaper,containing sexually explicit material
Easy Riders,NA,2016-03-15,Magazine/Newspaper,containing sexually explicit material
Easy Riders,NA,2018-05-01,Magazine/Newspaper,containing sexually explicit material
Easy Riders,NA,2020-05-19,Magazine/Newspaper,containing pictorially explicit nudity
Easy Riders,NA,2017-08-15,Magazine/Newspaper,containing sexually explicit material
Easy Riders,NA,2016-08-02,Magazine/Newspaper,containing sexually explicit material
Easyriders,NA,2017-03-07,Magazine/Newspaper,containing sexually explicit material
Easyriders,NA,2015-08-04,Magazine/Newspaper,containing sexually explicit material
Easyriders,NA,2021-03-02,Magazine/Newspaper,containing pictorially explicit sexual activity
Easyriders,NA,2015-12-15,Magazine/Newspaper,containing sexually explicit material
Easyriders,NA,2016-10-18,Magazine/Newspaper,containing sexually explicit material
Easyriders,NA,2017-10-03,Magazine/Newspaper,containing sexually explicit material
Easyriders,NA,2015-04-07,Magazine/Newspaper,containing sexually explicit material
Easyriders,NA,2017-02-21,Magazine/Newspaper,containing sexually explicit material
Easyriders,NA,2015-04-21,Magazine/Newspaper,containing sexually explicit material
Easyriders,NA,2015-12-01,Magazine/Newspaper,containing sexually explicit material
Easyriders,NA,2017-05-02,Magazine/Newspaper,containing sexually explicit material
Easyriders,NA,2021-03-02,Magazine/Newspaper,containing pictorially explicit sexual activity
Easyriders,NA,2016-02-02,Magazine/Newspaper,containing sexually explicit material
Easyriders,NA,2017-02-21,Magazine/Newspaper,containing sexually explicit material
Easyriders,NA,2019-02-05,Magazine/Newspaper,containing pictorially explicit nudity
Easyriders,NA,2017-04-18,Magazine/Newspaper,containing sexually explicit material
Easyriders,NA,2013-10-01,Magazine/Newspaper,containing sexually explicit material
Easyriders,NA,2016-09-20,Magazine/Newspaper,containing sexually explicit material
Easyriders,NA,2012-08-21,Magazine/Newspaper,encouraging or instructing on the commision of criminal activity
Easyriders,NA,2015-10-06,Magazine/Newspaper,containing sexually explicit material
Echoes In Death,J. D. Robb,2019-01-15,Book,containing written sexually explicit / sado-masochistic behavior
"Edgar Allan Poe, The Raven Pop Up",David Pelham & Christopher Wormell,2017-12-19,Book,safety and security reasons
Education of a Felon,Edward Bunker,2015-09-15,Book,encouraging or instructing on the commision of criminal activity
Egyptian Hieroglyphs,Bill Manley,2012-09-18,Book,encouraging or instructing on the commision of criminal activity
El Cartel de los Sapos,Andres Lopez Lopez,2012-07-03,Book,encouraging or instructing on the commision of criminal activity
Electronics All In One for Dummies,Doug Lowe,2012-12-04,Book,encouraging or instructing on the commision of criminal activity
Elemental Magic,Nigel Pennick,2021-07-06,Book,describing procedures to brew alcohol or manufacture drugs
Eleven Minutes,Paulo Coelho,2015-02-03,Book,containing sexually explicit material
Emergency,Neil Strauss,2016-05-17,Book,safety and security reasons
Enter Nationalnomics,T. King Connally-Bey,2021-07-06,Book,containing material influenced by sovereign citizen ideology
Entertainment for a Master,John Preston,2018-09-18,Book,containing written sexually explicit / sado-masochistic behavior
Eretica,DemetrioPaparoni,2013-09-17,Book,containing sexually explicit material
Eric Stanton and the history of the Bizarre Underground,Richard Perez Seves,2019-07-16,Book,containing written sexually explicit material involving the use of force or non-consent
Ero Ninja Scrolls,Haruki,2024-05-07,Book,containing pictorially explicit sexual activity
Erotic Chinese Massage,Wang-Puh We/ Chris Evans,2017-05-16,Book,containing sexually explicit material
Erotic Comics,Tim Pilcher,2014-07-15,Book,containing sexually explicit material
Erotic Stories,4 The Pack Entertainment,2019-01-15,Book,containing written sexually explicit material involving the use of force or non-consent
Erotic Teasers,Rachel Kramer Bussel,2020-02-04,Book,containing written sexually explicit / sado-masochistic behavior
Erotica,Maxim Jakubowski,2014-09-16,Book,containing sexually explicit material
Esquire,NA,2013-05-07,Magazine/Newspaper,encouraging or instructing on the commision of criminal activity
Esquire,NA,2013-10-01,Magazine/Newspaper,encouraging or instructing on the commision of criminal activity
Essentials of the Reid Technique; Criminal Interrogation and Confessions,Fred E. Inbau,2020-02-18,Book,being detrimental to security for the following reason:
Ethic,Ashley Antoinette,2020-12-01,Book,containing written sexually explicit material involving the use of force or non-consent
Ethylene,Lou Black,2018-10-02,Book,encouraging or instructing on the commision of criminal activity
Every Trick in the Book,Charlie Dancey,2014-02-04,Book,encouraging or instructing on the commision of criminal activity
Exile on Front Street: My Life as a Hells Angel...and Beyond,George Christie,2019-09-03,Book,describing or encouraging physical violence or group disruption
Existence Within The Mechanism,Effery Scott,2024-03-19,Book,containing written sexually explicit / sado-masochistic behavior
Existence Within the Mechanism: Witnessing the Re-engineering of Human Society,Jeffrey Scott,2018-07-17,Book,containing sexually explicit material
Exit to Eden,Anne Rice,2012-09-18,Book,containing sexually explicit material
Exodus : Bob Marley & the Wailers Exile,Richard Williams,2017-11-07,Book,encouraging or instructing on the commision of criminal activity
Exotic Sexual Positions,Denise Mackenzie,2017-08-15,Book,containing sexually explicit material
Explicit Erotic Stories,Unknown,2019-08-20,Book,containing written sexually explicit material involving minors
Explorations of God/Earth Mental Health,S. Quanaah,2016-01-19,Book,encouraging or instructing on the commision of criminal activity
Explosive Sex,Richard Emerson,2022-02-01,Book,containing pictorially explicit nudity
Exquisite Corpse,Poppy Brite,2022-10-18,Book,containing written sexually explicit material involving the use of force or non-consent
Extraordinary Projects for Ordinary People,Noah Weinstein,2016-02-02,Book,safety and security reasons
Extreme Encounters,Greg Emmanuel,2019-03-05,Book,describing or encouraging physical violence or group disruption
Extreme Food,Bear Grylis,2017-09-05,Book,safety and security reasons
F.B.I. Handbook of Crime Scene Forensics,FBI,2012-09-04,Book,encouraging or instructing on the commision of criminal activity
F.E.D.S presents SWEETS,NA,2012-09-18,Magazine/Newspaper,containing sexually explicit material
F.E.D.S.,NA,2015-08-04,Magazine/Newspaper,encouraging or instructing on the commision of criminal activity
F.E.D.S.,NA,2016-08-02,Magazine/Newspaper,encouraging or instructing on the commision of criminal activity
F.E.D.S.,NA,2016-01-05,Magazine/Newspaper,encouraging or instructing on the commision of criminal activity
F.E.D.S.,NA,2013-03-05,Magazine/Newspaper,containing sexually explicit material
F.E.D.S.,NA,2021-07-06,Magazine/Newspaper,encouraging or instructing on the commision of criminal activity
F.E.D.S.,NA,2020-05-19,Magazine/Newspaper,containing descriptions of security risk group material or activity
F.E.D.S. Magazine Presents Sweets,NA,2017-05-02,Magazine/Newspaper,encouraging or instructing on the commision of criminal activity
FBI Handbook of Crime Scene Forensics,Federal Bureau of Investigations,2014-10-07,Book,encouraging or instructing on the commision of criminal activity
Face Off: The Baddest Chick,Nisa Santiago,2014-05-06,Book,containing sexually explicit material
Fader,NA,2016-09-06,Magazine/Newspaper,encouraging or instructing on the commision of criminal activity
Faeryland the Secret World of the Hidden Ones,John Matthews,2020-07-21,Book,being detrimental to security for the following reason:
Fairy Song,NA,2013-07-16,Magazine/Newspaper,containing sexually explicit material
Fairy Tale 100 Years Quest,Hiro Mashima,2020-05-19,Book,containing written sexually explicit / sado-masochistic behavior
Faithless,Brian Azzarello,2019-08-20,Book,containing written sexually explicit / sado-masochistic behavior
Fallen Angel: The Unlikely Rise of Walter Stadnick in the Canadian Hells Angels,Jerry Langton,2019-09-03,Book,describing or encouraging physical violence or group disruption
Fast Jack the Last Hustler,John Farrell,2014-12-16,Book,encouraging or instructing on the commision of criminal activity
Fastner & Larson's Tricks & Treats,Unknown,2017-02-21,Book,containing sexually explicit material
Fauxlosophy,Ron English,2016-07-19,Book,containing sexually explicit material
Fear & Loathing in Las Vegas,Hunter S. Thompson,2015-01-06,Book,encouraging or instructing on the commision of criminal activity
Federal Nightmare,James Hairston,2015-10-20,Book,encouraging or instructing on the commision of criminal activity
Felon,NA,2015-04-07,Magazine/Newspaper,safety and security reasons
Female Manga Characters,Hikaru Hayashi,2017-06-06,Book,containing sexually explicit material
Fetish Grab Bag,Joji Manabe,2013-04-02,Book,containing pictorially explicit nudity
Field & Stream Camping Guide,T. Edward Nickens,2013-01-15,Book,encouraging or instructing on the commision of criminal activity
FienMag,NA,2016-10-18,Magazine/Newspaper,containing sexually explicit material
Fifty Shades of Ecstasy,M. Bennett,2017-02-07,Book,containing sexually explicit material
Fifty Shades of Grey,EL James,2024-03-05,Book,containing written sexually explicit / bestiality related material
Fifty Shades of Grey,E.L. James,2015-01-06,Book,containing sexually explicit material
Fifty Shades of Grey,E.L. James,2015-01-06,Book,being detrimental to security for the following reason:
Fifty Shades of Oral Pleasure,Marisa Bennett,2016-02-02,Book,containing sexually explicit material
Fifty Shades of Snow,A. Roy Milligan,2024-07-16,Book,containing written sexually explicit / sado-masochistic behavior
Fight Club,Chuck Palahniuk,2015-07-07,Book,encouraging or instructing on the commision of criminal activity
Fight Club 3,Chuck Palahniuk,2020-02-04,Book,containing pictorially explicit sexual activity
Fight Like a Physicist,Jason Thalken,2016-07-19,Book,safety and security reasons
Fight To Win,Martin J. Dougherty,2021-06-15,Book,describing fighting techniques
Fight to Win,Martin J. Dougherty,2023-09-05,Book,describing fighting techniques
Fight!,NA,2013-08-06,Magazine/Newspaper,encouraging or instructing on the commision of criminal activity
Fighters Only,NA,2017-03-07,Magazine/Newspaper,safety and security reasons
Fighters Only,NA,2016-06-21,Magazine/Newspaper,safety and security reasons
Fighters Only,NA,2017-01-17,Magazine/Newspaper,describing or encouraging physical violence or group disruption
Fighters Only,NA,2016-11-15,Magazine/Newspaper,safety and security reasons
Fighters Only,NA,2017-01-17,Magazine/Newspaper,describing or encouraging physical violence or group disruption
Fighters Only,NA,2016-11-01,Magazine/Newspaper,safety and security reasons
Fighters Only,NA,2017-05-02,Magazine/Newspaper,describing or encouraging physical violence or group disruption
Fighters Only,NA,2017-02-07,Magazine/Newspaper,safety and security reasons
Fighters Only,NA,2017-04-04,Magazine/Newspaper,safety and security reasons
Fighters Only,NA,2016-11-01,Magazine/Newspaper,safety and security reasons
Fighters Only,NA,2016-11-01,Magazine/Newspaper,safety and security reasons
Fighters Only,NA,2016-11-01,Magazine/Newspaper,safety and security reasons
Filthy Rich,James Patterson,2016-11-15,Book,containing sexually explicit material
Final Call,NA,2012-09-18,Magazine/Newspaper,encouraging or instructing on the commision of criminal activity
"Final Call, The",NA,2012-12-18,Magazine/Newspaper,encouraging or instructing on the commision of criminal activity
"Final Call, The",NA,2012-08-07,Magazine/Newspaper,encouraging or instructing on the commision of criminal activity
"Final Call, The",NA,2012-08-07,Magazine/Newspaper,describing or encouraging physical violence or group disruption
Final Notice of Commericial & Administrative Default,Retired Judge Anna Von Reitz,2017-03-21,Book,encouraging or instructing on the commision of criminal activity
First Verse,Amir Butler,2020-09-01,Book,containing descriptions of security risk group material or activity
Fitness Boxing The Ultimate Workout,A. Dumas & J. Dumas,2016-04-05,Book,containing weapon construction procedures
Five Percenter,NA,2012-08-21,Magazine/Newspaper,encouraging or instructing on the commision of criminal activity
Five Percenter,NA,2012-08-21,Magazine/Newspaper,encouraging or instructing on the commision of criminal activity
"Five Percenter, The",NA,2012-08-21,Magazine/Newspaper,encouraging or instructing on the commision of criminal activity
"Five Percenter, The",NA,2012-10-16,Magazine/Newspaper,encouraging or instructing on the commision of criminal activity
"Five Percenter, The",NA,2012-11-20,Magazine/Newspaper,encouraging or instructing on the commision of criminal activity
"Five Percenter, The",NA,2012-12-18,Magazine/Newspaper,describing or encouraging physical violence or group disruption
Fixin Stuff,Nick Harper,2014-03-18,Book,containing weapon construction procedures
Flex,NA,2013-03-05,Magazine/Newspaper,containing sexually explicit material
Flint Book 6,Treasure Hernandez,2016-03-01,Book,containing sexually explicit material
Flirt! The Art of Naughty,Sean Gallimore,2012-08-21,Book,containing sexually explicit material
Fluids,May Leitz,2022-12-06,Book,containing written sexually explicit material involving the use of force or non-consent
"Fly, Colton, Fly - True Story of the Barefoot Bandit",NA,2012-09-04,Magazine/Newspaper,encouraging or instructing on the commision of criminal activity
Flying High: Sexy Stories From the Mile high Club,Rachel Kramer Bussel,2017-09-05,Book,containing sexually explicit material
For the Love of Pawpaws,Michael Judd,2021-02-16,Book,describing procedures to brew alcohol or manufacture drugs
Forbidden Art,Miss Naomi,2023-05-16,Book,containing written sexually explicit / sado-masochistic behavior
Forbidden Art: The World of Erotica,Miss Naomi,2020-04-07,Book,containing written sexually explicit material involving minors
Forbidden Fantasies,Lynn LaFleur,2013-04-02,Book,containing sexually explicit material
Forbidden Knowledge,M. Powell,2021-07-20,Book,describing or encouraging escape methods
Force Decisions: A Citizen's Guide,Rory Miller,2014-08-19,Book,describing or encouraging physical violence or group disruption
Forensics: A Guide for Writers,D.P. Lyle M.D.,2018-06-19,Book,safety and security reasons
Fountain Pens,Peter Twydle,2019-11-05,Book,containing pictorially explicit nudity
Four Feet Tall and Rising,Shorty Rossi,2016-09-20,Book,describing procedures to brew alcohol or manufacture drugs
Fox Magazine,NA,2021-09-07,Magazine/Newspaper,containing pictorially explicit nudity
Fox Magazine,NA,2021-09-07,Magazine/Newspaper,containing pictorially explicit nudity
Foxtail,NA,2020-02-18,Magazine/Newspaper,containing pictorially explicit nudity
Foxtail,NA,2017-04-18,Magazine/Newspaper,containing sexually explicit material
Fragments of Horror,Junji Ito,2017-07-18,Book,containing sexually explicit material
Freedom is More Than Just a 7 Letter Word,Veronica of the Chapman Family,2020-07-07,Book,containing material influenced by sovereign citizen ideology
Freezing,Dall-Young Lim,2016-12-06,Book,containing sexually explicit material
Freezing,Dall-Young Lim,2020-09-01,Book,containing pictorially explicit nudity
Freezing,Dall-Young Lim,2020-06-16,Book,containing written sexually explicit material involving minors
Fresh Off Da Porch,Kinzie Decarlos Thomas,2018-10-02,Book,encouraging or instructing on the commision of criminal activity
Freshly Inked,NA,2012-11-06,Magazine/Newspaper,encouraging or instructing on the commision of criminal activity
Frezett Sketcbook,Spurlock and Frazette,2016-09-20,Book,containing sexually explicit material
From Behind The Wall,Mansfield Frazier,2012-08-21,Book,describing or encouraging physical violence or group disruption
From Niggas to Gods Part 1,Akil,2022-04-19,Book,encouraging or instructing on the commision of criminal activity
From Niggas to Gods Vol I,Akil,2017-10-03,Book,describing or encouraging physical violence or group disruption
From Niggas to Gods Vol I,Akil,2017-10-03,Book,describing or encouraging physical violence or group disruption
From Niggas to Gods Vol I,Akil,2022-05-03,Book,describing or encouraging physical violence or group disruption
From Niggas to Gods Vol. 2,Akil,2019-11-19,Book,"containing language or references that espouse hatred towards specific individuals, races, or religions"
From Prison to Power,Kent Osbourne,2020-09-01,Book,encouraging or instructing on the commision of criminal activity
From Vines to Wines: The Complete Guide to Growing Grapes and Making your Own Wine,Jeff Cox,2020-01-21,Book,describing procedures to brew alcohol or manufacture drugs
Fuck Poems,Vincent Cellucci,2013-05-07,Book,containing sexually explicit material
Full Service,Scotty Bowers,2018-05-01,Book,containing sexually explicit material
Fundamentals of HVAC Systems,Robert McDowell,2012-08-07,Book,encouraging or instructing on the commision of criminal activity
Fury My War Gone By,Ennis Parlove & Parlove,2020-06-16,Book,containing written sexually explicit material involving the use of force or non-consent
Future Crimes,Marc Goodman,2018-02-06,Book,encouraging or instructing on the commision of criminal activity
Fyne Girlz,NA,2014-11-04,Magazine/Newspaper,containing sexually explicit material
G-Spot,Noire,2023-09-05,Book,containing written sexually explicit material involving the use of force or non-consent
GQ,NA,2016-08-02,Magazine/Newspaper,containing sexually explicit material
GQ Magazine,NA,2013-04-01,Magazine/Newspaper,containing sexually explicit material
GQ Magazine,NA,2013-11-05,Magazine/Newspaper,describing or encouraging physical violence or group disruption
GQ Magazine,NA,2014-09-02,Magazine/Newspaper,encouraging or instructing on the commision of criminal activity
Games Criminals Play,Bud Allen,2014-07-01,Book,encouraging or instructing on the commision of criminal activity
Games on Thrones 100 Things to do on the Loo,Michael Powell,2021-03-02,Book,describing fighting techniques
Games: Transactional Analysis Trick-Knowledge and the Psychology of People Running Game,S. Quannah,2016-01-19,Book,encouraging or instructing on the commision of criminal activity
Gangsta Luv,Jazmyne,2013-11-05,Book,encouraging or instructing on the commision of criminal activity
Gangsta Luv II,Jazmyne,2013-11-05,Book,encouraging or instructing on the commision of criminal activity
Gangsta Rap Coloring Book,Aye Jay,2013-11-05,Book,describing or encouraging physical violence or group disruption
Gangsta Twist 1,NA,2012-09-04,Magazine/Newspaper,encouraging or instructing on the commision of criminal activity
Gangsta Twist 2,Clifford Spud Johnson,2013-01-15,Book,encouraging or instructing on the commision of criminal activity
Gantz #17,Hiroya Oku,2016-07-19,Book,containing sexually explicit material
Gantz Omnibus 5,Hiroya Oku,2021-06-01,Book,containing pictorially explicit nudity
Gantz Vol 25,Hiroya Oku,2012-11-20,Book,containing sexually explicit material
Gantz/17,Hiroya Oku,2016-08-02,Book,containing sexually explicit material
Gender Queer,Maia Kobabe,2024-04-02,Book,containing pictorially explicit sexual activity
Generation Ink,Paul Nathan,2015-06-02,Book,containing sexually explicit material
Gentle Birth Choices,"Barbara Harper, R.N.",2013-07-02,Book,containing sexually explicit material
Gentleman of Leisure,Susan Hall,2018-12-04,Book,describing or encouraging physical violence or group disruption
German Insignia of World War II,Chris Bishop G Adam Warner,2016-08-02,Book,describing or encouraging physical violence or group disruption
Get AnyoneTo Do Anything And Never Feel Powerless Again,David Lieberman,2013-06-04,Book,encouraging or instructing on the commision of criminal activity
Get High Now (without drugs),James Nestor,2014-09-16,Book,encouraging or instructing on the commision of criminal activity
Get Money,NA,2012-07-03,Magazine/Newspaper,containing sexually explicit material
Ghosts of the BX,Adonis,2014-11-04,Book,encouraging or instructing on the commision of criminal activity
Girl Crush,R. Gay,2017-03-21,Book,containing sexually explicit material
Girl Friends - The Complete Collection 1,Milk Morinaga,2019-08-20,Book,containing pictorially explicit nudity
Girls! From Line to Color,Michael Dutkiewicz,2017-10-03,Book,containing sexually explicit material
"Girls, Girls, Girls Magazine",NA,2013-05-21,Magazine/Newspaper,containing sexually explicit material
"Girls, Girls, Girls Magazine",NA,2013-05-21,Magazine/Newspaper,containing sexually explicit material
Give In To Me,Lacey Alexander,2015-02-17,Book,containing sexually explicit material
Glamour,NA,2012-07-17,Magazine/Newspaper,containing sexually explicit material
Go F'ck Yourself I'm Coloring,Alex Fleming,2016-12-06,Book,safety and security reasons
Go Viral,Go Viral Magazine,2024-10-15,Magazine/Newspaper,containing pictorially explicit nudity
Go d Forgives,Blake Karrington,2022-09-06,Book,"containing language or references that espouse hatred towards specific individuals, races, or religions"
Go d Forgives,Blake Karrington,2022-09-06,Book,"containing language or references that espouse hatred towards specific individuals, races, or religions"
Goat Foreplay Gold,NA,2021-04-20,Magazine/Newspaper,containing pictorially explicit nudity
Goat Foreplay Gold,NA,2021-04-20,Magazine/Newspaper,containing pictorially explicit nudity
Goat Foreply Gold,NA,2021-04-20,Magazine/Newspaper,containing pictorially explicit nudity
Goblin Slayer,Kumo Kagyu,2023-01-17,Book,containing pictorially explicit nudity
God Forgives,Blake Karrington,2022-09-06,Book,"containing language or references that espouse hatred towards specific individuals, races, or religions"
Goddess of the Glass -1,Mizuki Asamari,2017-06-20,Book,containing sexually explicit material
"Godspells: Written Spells, Spoken Spells",William Alexander Oribello,2013-02-05,Book,encouraging or instructing on the commision of criminal activity
Going Up the River,Joseph T. Hallinan,2014-11-04,Book,encouraging or instructing on the commision of criminal activity
Gone,Mo Hayder,2013-05-07,Book,containing sexually explicit material
Good Girls on Bad Drugs,Mark Mathew Braunstein,2018-03-20,Book,encouraging or instructing on the commision of criminal activity
Gorgeous & Gory,Jessica Rajs,2021-08-03,Book,containing pictorially explicit nudity
Goth: Pimps and Dandies,Gavin Baddeley,2015-10-06,Book,containing sexually explicit material
Gotta Have It: 69 Stories of Sudden Sex,Rachel Kramer Bussell,2014-09-16,Book,containing sexually explicit material
Gou-dre Sora Nagihahra Graphic Novel,unknown,2015-10-06,Book,containing sexually explicit material
Government Indicted,Marc Stevens,2016-01-05,Book,encouraging or instructing on the commision of criminal activity
Graffiti NYC,Martinez & Nato,2014-03-04,Book,describing or encouraging physical violence or group disruption
Grandad's Girl,Emma Louise,2020-07-07,Book,containing written sexually explicit material involving minors
Grid Gurl / Grid Magazine,NA,2014-10-07,Magazine/Newspaper,encouraging or instructing on the commision of criminal activity
Grindhouse-Doors Open at Midnight,Alex De Campi,2017-02-07,Book,containing sexually explicit material
Guerilla Warfare,Ernesto Che Guevara,2015-03-03,Book,safety and security reasons
Guide To Making Fire Without Matches,Christopher Nyerges,2021-02-02,Book,containing weapon construction procedures
Guide to Military Operations Other Than War,LTC K. E. Bonn & MSG A. Baker,2015-05-19,Book,safety and security reasons
Guide to the Runic Alphabet,"Dawkins, Stella",2013-02-19,Book,describing or encouraging physical violence or group disruption
Guilty Pleasures,Keith Garvey,2016-07-19,Book,containing sexually explicit material
Guilty Pleasures,Keith Garvey,2023-01-17,Book,containing pictorially explicit nudity
Gun Care and Repair,Charles Edward Chapel,2022-06-21,Book,containing weapon construction procedures
Gun Digest Book of Suppressors,Patrick Sweeney,2016-08-16,Book,encouraging or instructing on the commision of criminal activity
Guns and Ammo,Unknown,2018-03-20,Book,safety and security reasons
Guns and Ammo Guide to Sniping,Philip Massaro,2018-07-17,Book,containing weapon construction procedures
Gunsmith Cats Burst Vol 2,Kenicki Sonoda,2015-02-17,Book,containing sexually explicit material
Gutter,K'wan,2015-04-07,Book,encouraging or instructing on the commision of criminal activity
Gutter,K'Wan,2023-05-16,Book,encouraging or instructing on the commision of criminal activity
Gypsy Joker to Hells Angel,Phil and Meg Cross,2019-11-19,Book,encouraging or instructing on the commision of criminal activity
Gypsy Joker to a Hells Angel,Phil Cross,2015-04-07,Book,encouraging or instructing on the commision of criminal activity
Gyro Viral,NA,2020-07-07,Magazine/Newspaper,containing pictorially explicit sexual activity
Gyro Virol,NA,2020-04-21,Magazine/Newspaper,containing pictorially explicit nudity
H Para Hombres,NA,2014-05-06,Magazine/Newspaper,containing sexually explicit material
H Para Hombres,NA,2016-03-15,Magazine/Newspaper,safety and security reasons
H Para Hombres,NA,2016-06-21,Magazine/Newspaper,containing sexually explicit material
Hacking Electronics,Simon Monk,2015-12-15,Book,safety and security reasons
Hacking Electronics,Simon Monk,2018-09-04,Book,encouraging or instructing on the commision of criminal activity
Hacking Exposed 7,Stuart McClure,2015-06-16,Book,encouraging or instructing on the commision of criminal activity
Hacking Exposed Computer Forensics,Philipp Cowen Davis,2014-03-04,Book,encouraging or instructing on the commision of criminal activity
Hacking University,Isaac Cody,2017-01-17,Book,encouraging or instructing on the commision of criminal activity
Hacking for Dummies,Kevin Beaver,2016-11-01,Book,encouraging or instructing on the commision of criminal activity
Hackling,Karnel Erickson,2023-08-15,Book,encouraging or instructing on the commision of criminal activity
Halo: Contact Harvest,Joseph Staten,2015-07-21,Book,safety and security reasons
Handgun Hunting: SA Comprehensive Guide to Choosing and Using the Right Firearms for Big and Small Game,Kat Ainsworth,2022-06-21,Book,containing weapon construction procedures
Handy Chemistry Answer Book,Ian Stewart,2017-02-21,Book,safety and security reasons
Hangmen,Dale Arenson,2023-07-18,Book,describing or encouraging physical violence or group disruption
Hangmen,Dale Arenson,2023-08-15,Book,describing or encouraging physical violence or group disruption
Happy Endings,Jim Norton,2014-07-01,Book,describing or encouraging physical violence or group disruption
Hard Candy,Vachss,2013-06-04,Book,containing sexually explicit material
Hard Knocks,Ray Lopez,2024-09-17,Book,containing written sexually explicit material involving the use of force or non-consent
Hard Time,Shaun Altwood,2014-07-01,Book,encouraging or instructing on the commision of criminal activity
Hard White,Anthony Whyte,2016-08-16,Book,encouraging or instructing on the commision of criminal activity
Hard and Fast,Sean Wolfe,2013-04-02,Book,containing sexually explicit material
Hardcore Fitness:  Training Developed in Some of America's Toughest Prisons,Steven Hansen,2015-06-16,Book,describing or encouraging physical violence or group disruption
Harlem on Lock,Karen Williams,2016-02-02,Book,containing sexually explicit material
Harper's,NA,2013-06-04,Magazine/Newspaper,containing weapon construction procedures
Hate List 2,Reign,2013-08-06,Book,containing sexually explicit material
Haunted Universes,Ashley Wood,2022-11-15,Book,containing pictorially explicit nudity
Have Gun Will Travel,Ronin Ro,2016-12-06,Book,encouraging or instructing on the commision of criminal activity
Headloaders Digest,Philip Massaro,2018-07-17,Book,containing weapon construction procedures
Healing the Wounds,M. Q. Barber,2020-10-06,Book,containing written sexually explicit / sado-masochistic behavior
Heat Wave,Alison Tyler,2013-05-21,Book,containing sexually explicit material
Heaven:  Sports Illustrated Swimsuit,Walter Looss,2013-03-05,Book,containing sexually explicit material
Heavy Metal,NA,2013-03-05,Magazine/Newspaper,containing sexually explicit material
Heavy Metal,NA,2013-04-02,Magazine/Newspaper,containing sexually explicit material
Heavy Metal,NA,2013-09-03,Magazine/Newspaper,containing sexually explicit material
Heavy Metal,NA,2014-10-07,Magazine/Newspaper,encouraging or instructing on the commision of criminal activity
Heavy Metal,NA,2015-12-01,Magazine/Newspaper,containing sexually explicit material
Heavy Metal,NA,2016-05-03,Magazine/Newspaper,containing sexually explicit material
Heavy Traffic: Volume three Number fifteen,Bruno Gmunder,2017-06-20,Book,containing sexually explicit material
Heinrich Himmler,Roger Manwell and Heinrich Fraenkel,2020-05-05,Book,"containing language or references that espouse hatred towards specific individuals, races, or religions"
Helicopter Flying Handbook,FAA,2013-05-07,Book,encouraging or instructing on the commision of criminal activity
Hell in the Heartland,Jax Miller,2022-01-04,Book,describing procedures to brew alcohol or manufacture drugs
"Hell's Angel, The Life & Times of Sonny Barger & Hell's Angel's",Ralph Sonny Barger,2020-11-03,Book,containing descriptions of security risk group material or activity
Hell's Angels,Hunter S. Thompson,2020-10-06,Book,containing descriptions of security risk group material or activity
Hell's Angels: The Life and Time of Sonny Barger,Hunter S. Thompson,2014-12-16,Book,safety and security reasons
Hell's Angles: A Strange and Terrible Saga,Hunter S. Thompson,2020-09-01,Book,containing descriptions of security risk group material or activity
Hell's Angles: Three Can Keep a Secret If Two Are Dead,Yves Lavigne,2020-09-01,Book,containing descriptions of security risk group material or activity
Hellblazer:  Original Sins,John Constantine,2013-08-20,Book,encouraging or instructing on the commision of criminal activity
Hellraiser Heaven's Reply,Clive Baker,2015-07-21,Book,encouraging or instructing on the commision of criminal activity
Hellraiser Pursuit of the Flesh,Clive Baker,2015-07-21,Book,encouraging or instructing on the commision of criminal activity
Hellraiser Requiem,Clive Baker,2015-07-21,Book,encouraging or instructing on the commision of criminal activity
Hex Wives,Ben Blacker Mirka,2022-09-06,Book,containing pictorially explicit sexual activity
Hex Wives,Ben Blacker,2023-05-16,Book,containing pictorially explicit nudity
Hide and Seek,Allison Tyler & Kramer Bussel,2017-08-15,Book,containing sexually explicit material
High Gloss,Vijat Mohindra,2022-12-06,Book,containing pictorially explicit nudity
High Gloss Dolls,Goliath,2015-11-17,Book,containing sexually explicit material
High School DxD #2,Hiroji Mishima,2022-01-04,Book,containing pictorially explicit nudity
High School DxD #4,Hiroji Mishima,2022-01-04,Book,containing pictorially explicit nudity
High Society,NA,2020-05-05,Magazine/Newspaper,containing pictorially explicit sexual activity
High Times,NA,2016-09-20,Magazine/Newspaper,encouraging or instructing on the commision of criminal activity
Highschool DxD #5,Hiroji Mishima,2022-01-04,Book,containing pictorially explicit nudity
Hip Hop At The End of the World,Rizzoli New York,2020-11-17,Book,containing descriptions of security risk group material or activity
Hip Hop Weekly,NA,2014-09-16,Magazine/Newspaper,describing or encouraging physical violence or group disruption
Hip Hop Weekly,NA,2014-09-16,Magazine/Newspaper,describing or encouraging physical violence or group disruption
Hip Hop Weekly,NA,2014-09-16,Magazine/Newspaper,describing or encouraging physical violence or group disruption
Hip Hop Weekly,NA,2014-06-03,Magazine/Newspaper,encouraging or instructing on the commision of criminal activity
Hip Hop Weekly,NA,2014-11-18,Magazine/Newspaper,describing or encouraging physical violence or group disruption
Hip Hop Weekly,NA,2014-10-21,Magazine/Newspaper,encouraging or instructing on the commision of criminal activity
Hip Hop Weekly,NA,2016-03-01,Magazine/Newspaper,describing or encouraging physical violence or group disruption
Hip Hop Weekly,NA,2015-06-16,Magazine/Newspaper,encouraging or instructing on the commision of criminal activity
Hip Hop Weekly,NA,2017-02-07,Magazine/Newspaper,encouraging or instructing on the commision of criminal activity
Hip Hop Weekly,NA,2012-07-17,Magazine/Newspaper,encouraging or instructing on the commision of criminal activity
Hip Hop Weekly,NA,2012-07-03,Magazine/Newspaper,describing or encouraging physical violence or group disruption
Hip Hop Weekly,NA,2012-08-07,Magazine/Newspaper,encouraging or instructing on the commision of criminal activity
Hip Hop Weekly,NA,2012-08-07,Magazine/Newspaper,encouraging or instructing on the commision of criminal activity
Hip Hop Weekly,NA,2012-12-04,Magazine/Newspaper,encouraging or instructing on the commision of criminal activity
Hip Hop Weekly,NA,2012-12-18,Magazine/Newspaper,describing or encouraging physical violence or group disruption
Hip Hop Weekly,NA,2013-01-15,Magazine/Newspaper,encouraging or instructing on the commision of criminal activity
Hip Hop Weekly,NA,2013-02-19,Magazine/Newspaper,describing or encouraging physical violence or group disruption
Hip Hop Weekly,NA,2013-06-04,Magazine/Newspaper,describing or encouraging physical violence or group disruption
Hip Hop Weekly,NA,2013-07-16,Magazine/Newspaper,describing or encouraging physical violence or group disruption
Hip Hop Weekly,NA,2013-08-20,Magazine/Newspaper,describing or encouraging physical violence or group disruption
Hip Hop Weekly,NA,2013-07-02,Magazine/Newspaper,describing or encouraging physical violence or group disruption
Hip Hop Weekly,NA,2013-07-16,Magazine/Newspaper,describing or encouraging physical violence or group disruption
Hip Hop Weekly,NA,2013-07-16,Magazine/Newspaper,describing or encouraging physical violence or group disruption
Hip Hop Weekly,NA,2013-08-20,Magazine/Newspaper,encouraging or instructing on the commision of criminal activity
Hip Hop Weekly,NA,2013-09-17,Magazine/Newspaper,encouraging or instructing on the commision of criminal activity
Hip Hop Weekly,NA,2013-09-17,Magazine/Newspaper,encouraging or instructing on the commision of criminal activity
Hip Hop Weekly,NA,2013-11-19,Magazine/Newspaper,encouraging or instructing on the commision of criminal activity
Hip Hop Weekly,NA,2013-11-19,Magazine/Newspaper,encouraging or instructing on the commision of criminal activity
Hip Hop Weekly,NA,2014-01-21,Magazine/Newspaper,describing or encouraging physical violence or group disruption
Hip Hop Weekly,NA,2013-05-07,Magazine/Newspaper,describing or encouraging physical violence or group disruption
Hip Hop Weekly,NA,2014-04-01,Magazine/Newspaper,encouraging or instructing on the commision of criminal activity
Hip Hop Weekly,NA,2013-06-04,Magazine/Newspaper,encouraging or instructing on the commision of criminal activity
Hip Hop Weekly,NA,2013-06-04,Magazine/Newspaper,describing or encouraging physical violence or group disruption
Hip Hop Weekly,NA,2013-06-04,Magazine/Newspaper,describing or encouraging physical violence or group disruption
Hip Hop Weekly,NA,2014-09-02,Magazine/Newspaper,encouraging or instructing on the commision of criminal activity
Hip Hop Weekly,NA,2014-08-05,Magazine/Newspaper,describing or encouraging physical violence or group disruption
Hip Hop Weekly,NA,2014-08-19,Magazine/Newspaper,containing weapon construction procedures
Hip Hop Weekly,NA,2014-09-16,Magazine/Newspaper,encouraging or instructing on the commision of criminal activity
Hip Hop Weekly,NA,2014-03-04,Magazine/Newspaper,describing or encouraging physical violence or group disruption
Hip Hop Weekly,NA,2015-01-20,Magazine/Newspaper,containing sexually explicit material
Hip Hop Weekly,NA,2014-03-04,Magazine/Newspaper,describing or encouraging physical violence or group disruption
Hip Hop Weekly,NA,2014-03-18,Magazine/Newspaper,describing or encouraging physical violence or group disruption
Hip Hop Weekly,NA,2014-03-18,Magazine/Newspaper,describing or encouraging physical violence or group disruption
His Garden: Conversations with a Serial Killer,Anne K. Howard,2018-08-07,Book,containing sexually explicit material
His Garden: Conversations with a Serial Killer,Anne K. Howard,2018-08-07,Book,safety and security reasons
History of Suicide,Jill Bialosky,2013-07-02,Book,encouraging or instructing on the commision of criminal activity
History's Greatest Images,Time,2014-12-16,Book,containing sexually explicit material
Hokusai-A Graphic Biography,Giuseppi Lafanza,2021-06-15,Book,containing pictorially explicit nudity
Holly Corpse Rising,Hosana Tanaka,2018-09-18,Book,containing pictorially explicit nudity
Hollywood Splash,Veronique Vial,2017-07-18,Book,containing sexually explicit material
Holy Corpse Rising,Hosana Tanaka,2018-10-21,Book,containing pictorially explicit nudity
Holy Corpse Rising,Hosana Tanaka,2018-08-21,Book,containing pictorially explicit nudity
Holy Corpse Rising,Hosana Tanaka,2018-08-21,Book,containing pictorially explicit nudity
Holy Corpse Rising,Hosana Tanaka,2020-04-07,Book,containing pictorially explicit nudity
Holy Corpse Rising,Hosana Tanaka,2019-11-05,Book,containing pictorially explicit nudity
Holy Corpse Rising,Hosana Tanaka,2023-08-01,Book,containing pictorially explicit nudity
Holy Rising Corpse,Hosana Tanka,2023-08-01,Book,containing pictorially explicit nudity
"Home Book The Ultimate Guide to Repairs, Improvements",Creative Homeowner,2014-03-18,Book,describing or encouraging escape methods
Homebrewed Vinegar,Kirsten K. Shockey,2021-08-03,Book,describing procedures to brew alcohol or manufacture drugs
Homebrewing for Dummies,Marty Nechel,2017-11-07,Book,describing procedures to brew alcohol or manufacture drugs
Homegoing,Yaa Gyasi,2024-12-17,Book,containing written sexually explicit material involving the use of force or non-consent
Homicide Hartford,King Thomas,2022-03-01,Book,being detrimental to security for the following reason:
Honey,Jenna Jameson,2018-09-18,Book,containing written sexually explicit material involving the use of force or non-consent
Hood Misfits,Brick G. Storm,2015-03-17,Book,encouraging or instructing on the commision of criminal activity
Hood Misfits,Brick G. Storm,2016-12-06,Book,NA
Hood Misfits,Brick G. Storm,2015-03-17,Book,containing sexually explicit material
Hood Misfits,Brick G. Storm,2016-12-06,Book,NA
Hood Misfits,Brick G. Storm,2015-03-03,Book,containing sexually explicit material
Hood Misfits,Brick G. Storm,2016-03-01,Book,encouraging or instructing on the commision of criminal activity
Hood Secrets,Sygne T. Monee,2014-06-17,Book,encouraging or instructing on the commision of criminal activity
Hope: A Memoir of Survival in Cleveland,Amanda Berry,2015-05-19,Book,containing sexually explicit material
Hot Daddies - Gay Erotic Fiction,Richard Labonte,2017-07-18,Book,containing sexually explicit material
Hot Lava Chronicles,Latif Williams,2020-09-01,Book,containing written sexually explicit material involving minors
Hot Law Chronicles Session 1,Latie Williams and Aff Turner,2018-01-16,Book,containing sexually explicit material
Hot List 2019 Calendar,NA,2018-12-18,Magazine/Newspaper,containing pictorially explicit nudity
Hot Stuff,Mitch O'Connell,2013-05-07,Book,encouraging or instructing on the commision of criminal activity
Hot and Horny In Class,Penthouse Magazine,2016-12-20,Book,containing sexually explicit material
Hot to not Summon a Demon,Yukiya Murasaki,2025-01-21,Book,containing pictorially explicit sexual activity
Houdini,Charlotte Montague,2018-09-04,Book,safety and security reasons
House in the Sky,Corbett Lindhout,2015-11-03,Book,containing sexually explicit material
House of Decadence,Marina Anderson,2018-09-18,Book,containing written sexually explicit / sado-masochistic behavior
How It Works,NA,2013-07-02,Magazine/Newspaper,encouraging or instructing on the commision of criminal activity
How Not to Summon a Demon Lord,Yukiya Murasaki,2025-01-21,Book,containing pictorially explicit sexual activity
How Not to Summon a Demon Lord,Yukiya Murasaki,2024-06-18,Book,containing written sexually explicit material involving minors
How Not to Summon a Demon Lord,Yukiya Murasaki,2024-07-16,Book,containing written sexually explicit material involving minors
How Not to Summon a Demon Lord,Yukiya Murasaki,2024-06-18,Book,containing written sexually explicit / sado-masochistic behavior
How Strong Is Our Foundation; Can We Survive?,Louis Farakhan,2014-05-06,CD/Audio,safety and security reasons
How To Fight a Bear and Win,Bathroom Readers Institute,2018-10-16,Book,describing or encouraging physical violence or group disruption
How To Find Out Anything,Don MacLeod,2013-07-02,Book,encouraging or instructing on the commision of criminal activity
How To Fix Absolutely Anything: A Homeowner's Guide,Nicole Smith,2016-06-21,Book,safety and security reasons
How To Jiu Jitsu For Beginners,Nathan Demetz,2020-05-19,Book,describing fighting techniques
How To Make Love All Night,Barbara Keesling,2021-04-06,Book,containing pictorially explicit nudity
How To Make Love Like A Pornstar,Jenna Jameson,2020-01-07,Book,containing pictorially explicit nudity
How To Play Blackjack the Easy Way,mike Baseman,2021-05-18,Book,being detrimental to security for the following reason:
How To Talk Dirty,Natalie Robinson,2021-03-02,Book,containing written sexually explicit / sado-masochistic behavior
How To Win at Gambling,Avery Cardoza,2019-02-05,Book,containing written sexually explicit material involving the use of force or non-consent
How notto summon Demon Lord,Yukiya Murasaki,2024-05-07,Book,containing written sexually explicit material involving minors
How things Work,Theodore Gray,2024-05-07,Book,being detrimental to security for the following reason:
How to Archer,Sterling Archer,2015-06-16,Book,describing procedures to brew alcohol or manufacture drugs
How to Build a Dungeon,Warau Yakan,2022-11-15,Book,containing pictorially explicit sexual activity
How to Build a Dungeon: Book of the Demon King,Warau Yakan,2018-08-21,Book,containing sexually explicit material
How to Create CPN Numbers,James Armstrong,2020-08-18,Book,encouraging or instructing on the commision of criminal activity
How to Create CPN Numbers,Credit Guide,2023-06-20,Book,encouraging or instructing on the commision of criminal activity
How to Disappear,Frank Ahern,2020-12-15,Book,encouraging or instructing on the commision of criminal activity
How to Draw Manga Style,Ilya-San El Drouble,2016-02-16,Book,safety and security reasons
How to Draw Superheroes,Andy Fish,2013-10-01,Book,encouraging or instructing on the commision of criminal activity
How to Eat Pussy,Little Red Book,2020-11-03,Book,containing pictorially explicit sexual activity
How to Make Love to a Woman,Xaviera Hollander,2014-09-02,Book,containing sexually explicit material
How to Stage a Military Coup,David Hebditch,2013-01-15,Book,encouraging or instructing on the commision of criminal activity
How to become a spy,British Soe,2017-07-18,Book,safety and security reasons
"How to communicate with Spirits Seances, Ouija Boards and summoning",Angela Kaelin,2022-11-15,Book,containing writings in code
Howard Huangs' Urban Girls,Taschen,2012-09-18,Book,containing sexually explicit material
Huck Spalding Enterprises Tatoo Supplies,Hulk Spalding Ent,2013-01-15,Book,encouraging or instructing on the commision of criminal activity
Human Race Get Off Your Knees,Icke,2014-01-21,Book,encouraging or instructing on the commision of criminal activity
Humourous Cryptograms,Helen Nash,2013-01-15,Book,encouraging or instructing on the commision of criminal activity
Hurricanes,Rick Ross,2024-01-02,Book,containing descriptions of security risk group material or activity
Hurricanes A Memoir,Rick Ross,2019-09-17,Book,containing descriptions of security risk group material or activity
Hurricanes A Memoir,Rick Ross,2022-04-19,Book,encouraging or instructing on the commision of criminal activity
Hurts So Good Unrestrained Erotica,Alison Tyler,2020-09-01,Book,containing written sexually explicit / sado-masochistic behavior
Hustlenomics,Willie Garland,2018-02-20,Book,encouraging or instructing on the commision of criminal activity
Hustler,NA,2012-09-18,Magazine/Newspaper,containing sexually explicit material
Hustler Feb 2006,Hustler Magazine,2024-02-20,Magazine/Newspaper,containing descriptions of security risk group material or activity
Hybrid x Heart,Masamune Kuji,2018-12-18,Book,containing pictorially explicit sexual activity
Hyena,Jude Angelini,2015-05-05,Book,encouraging or instructing on the commision of criminal activity
Hypnosis,L. Jordan,2016-01-05,Book,safety and security reasons
I Am Cuban,Helena de Braganca,2018-06-05,Book,containing sexually explicit material
"I Don't Like You at All, Big Brother",Kouichi Kusano,2016-06-07,Book,containing sexually explicit material
I Keep Holding On,Tammi Vanessa,2014-08-19,Book,containing sexually explicit material
I Love Boy,J Yatrofsky,2017-11-07,Book,containing sexually explicit material
I Love Tattoos,Takahiro Horitaka Kitamura,2014-07-01,Book,describing or encouraging physical violence or group disruption
I Make My Own Rules,LL Cool J,2013-05-07,Book,containing sexually explicit material
I Want It Now,Sidney Molare,2014-08-19,Book,containing sexually explicit material
I am Raymond Washington The Authorized Biography about the Original Founder of the Crips,Zack Fortier,2020-09-15,Book,containing descriptions of security risk group material or activity
I win You Lose,Rocky Rose and L. Marie,2013-02-05,Book,encouraging or instructing on the commision of criminal activity
I'Adore,NA,2014-06-03,Magazine/Newspaper,containing sexually explicit material
I'm No Monster,Marsh & Pancevki,2013-11-19,Book,containing sexually explicit material
I-D Extraordinary,NA,2021-06-15,Magazine/Newspaper,containing pictorially explicit nudity
I.Lucifer,Corvis Nocturnum,2013-11-05,Book,containing sexually explicit material
ICE,Ice-T & Douglas Century,2014-05-06,Book,describing or encouraging physical violence or group disruption
Ibogaine Explained,Peter Frank,2016-01-19,Book,safety and security reasons
Ideas & Discoveries,NA,2013-08-06,Magazine/Newspaper,encouraging or instructing on the commision of criminal activity
Ideas & Discoveries,NA,2013-08-06,Magazine/Newspaper,encouraging or instructing on the commision of criminal activity
Identity,Identity,2023-02-21,Book,not being included in the original store packaging
Idolhouse,Takayoshi Sano,2019-05-07,Book,containing pictorially explicit nudity
If I Can't Have You,Mary B. Morrison,2018-10-02,Book,containing written sexually explicit material involving the use of force or non-consent
Ignition,John D. Clark,2020-10-06,Book,being detrimental to security for the following reason:
Ignorant Souls,Richard Jeanty,2017-10-17,Book,containing sexually explicit material
Illuminati,Henry Makow,2018-03-20,Book,containing sexually explicit material
Illustrated Guide to The National Electrical Code (5th Edition),Charles R. Miller,2012-08-07,Book,encouraging or instructing on the commision of criminal activity
Illustrations from the Inside:  The Beat Within,Louis E.V. Nevaer,2013-12-03,Book,encouraging or instructing on the commision of criminal activity
In Convenant with Ezra,Love Belvin,2021-07-06,Book,containing written sexually explicit / sado-masochistic behavior
In His Hands,Latasha Holcy,2016-03-01,Book,containing sexually explicit material
In Love with Ezra,Love Belvin,2021-07-06,Book,containing written sexually explicit / sado-masochistic behavior
In Love with the Connect,Ebony Diamonds,2024-07-16,Book,containing written sexually explicit material involving the use of force or non-consent
In Pursuit of Allah's Pleasure,Dsr. Naahah Ibrahim,2018-05-01,Book,describing or encouraging physical violence or group disruption
In Vogue,Alberto Oliva,2013-01-15,Book,encouraging or instructing on the commision of criminal activity
In the Mix,Barbera Owen,2014-06-17,Book,describing or encouraging physical violence or group disruption
In the Name of Allah,n/a,2015-01-20,Book,describing or encouraging physical violence or group disruption
In the Pronaos of the Temple of Wisdom,Franz Hartmann,2015-07-07,Book,safety and security reasons
In the Wind,NA,2012-09-18,Magazine/Newspaper,containing sexually explicit material
In the Wind,NA,2013-09-03,Magazine/Newspaper,containing sexually explicit material
In the Wind,NA,2015-04-21,Magazine/Newspaper,containing sexually explicit material
In the Wind,NA,2013-02-19,Magazine/Newspaper,containing sexually explicit material
In the Wind,NA,2012-11-20,Magazine/Newspaper,containing sexually explicit material
In the Wind,NA,2013-05-21,Magazine/Newspaper,containing sexually explicit material
In the Wind,NA,2013-08-20,Magazine/Newspaper,containing sexually explicit material
Incredible Legal Remedy to Get Any Case Dismissed in Court,NA,2013-12-24,Book,safety and security reasons
Infantry Control THe Rifle Platoon,John F. Antal,2019-11-19,Book,being detrimental to security for the following reason:
Infernium,Keri Lake,2023-11-21,Book,containing written sexually explicit / sado-masochistic behavior
Ink & Steel,Efrain John Gonzalez,2020-09-01,Book,containing pictorially explicit nudity
Ink 'N Girls,Akos Banfalvi,2020-05-05,Book,containing pictorially explicit nudity
Ink Nymphs,Nelson Blanton,2024-03-19,Book,containing pictorially explicit nudity
Ink Nymphs Los Angeles,Nelson Blanton,2020-11-17,Book,containing pictorially explicit nudity
Inked,NA,2013-04-16,Magazine/Newspaper,containing sexually explicit material
Inked,NA,2015-04-07,Magazine/Newspaper,encouraging or instructing on the commision of criminal activity
Inked,NA,2015-04-21,Magazine/Newspaper,encouraging or instructing on the commision of criminal activity
Inked,NA,2014-08-05,Magazine/Newspaper,describing or encouraging physical violence or group disruption
Inked,NA,2013-02-05,Magazine/Newspaper,containing sexually explicit material
Inked,NA,2013-03-05,Magazine/Newspaper,containing sexually explicit material
Inked,NA,2016-09-20,Magazine/Newspaper,containing sexually explicit material
Inked,NA,2013-08-20,Magazine/Newspaper,describing or encouraging physical violence or group disruption
Inked,NA,2013-09-03,Magazine/Newspaper,containing sexually explicit material
Inked Girls,NA,2013-06-18,Magazine/Newspaper,containing sexually explicit material
Inked Girls,NA,2013-08-06,Magazine/Newspaper,containing sexually explicit material
Inked Girls,NA,2013-08-20,Magazine/Newspaper,containing sexually explicit material
Inmate Shopper,NA,2013-12-03,Magazine/Newspaper,containing sexually explicit material
Inmate Shopper,NA,2015-05-19,Magazine/Newspaper,describing or encouraging physical violence or group disruption
Inner City Hoodlum,Donald Goines,2024-09-17,Book,"containing language or references that espouse hatred towards specific individuals, races, or religions"
Inner Paths to Outer Space,"Strassman, Wojtowicz, Luna, Frescka M.D.",2015-06-02,Book,encouraging or instructing on the commision of criminal activity
Innocent by Circumstance,C-Murder and Eugene I. Weems,2018-03-20,Book,safety and security reasons
"Inquisitor, The",Mark Allen Smith,2012-08-07,Book,encouraging or instructing on the commision of criminal activity
Inside Linda Lovelace's Deep Throat,Darwin Porter,2026-01-06,Book,containing pictorially explicit nudity
Inside Linda Lovelace's Deep Throat,Darwin Porter,2014-06-03,Book,containing sexually explicit material
Inside The Criminal Mind,Stanton E. Samenow,2013-04-02,Book,containing sexually explicit material
Inside The Criminal Mind (Revised and Updated Edition),Stanton E. Samenow,2013-04-02,Book,containing sexually explicit material
Inside the Crips,Colton Simpson,2015-09-15,Book,encouraging or instructing on the commision of criminal activity
Inside the Mind of Casey Anthony,Keith Ablow,2013-04-02,Book,containing sexually explicit material
Inside- Life Behind Bars in America,Michael G. Sanders,2017-11-07,Book,safety and security reasons
Insignia of Waffen-SS,Rolf Michaels,2018-10-02,Book,safety and security reasons
Insta Booty,Insta Booty Magazine,2024-10-15,Magazine/Newspaper,containing pictorially explicit nudity
Instant FITNESS,Shifu Yan Lei,2023-06-20,Book,describing fighting techniques
Instant Tai Chi: Exercises and Guidance for Everyday Wellness,Ronnie Robinson,2021-05-18,Book,describing or encouraging physical violence or group disruption
Interloper: A Story of Self-Help for Sexually Assaulted Men,Nicholas Dean,2022-01-04,Book,containing written sexually explicit material involving the use of force or non-consent
Interpretations of the Meaning of the Noble Quran,Muhammed Tagi-ud-Din Al-Hilali,2013-07-16,Book,encouraging or instructing on the commision of criminal activity
Interview,NA,2013-04-16,Magazine/Newspaper,containing sexually explicit material
Interview,NA,2014-12-02,Magazine/Newspaper,containing sexually explicit material
Interview,NA,2014-10-21,Magazine/Newspaper,containing sexually explicit material
Into the Deep,Andrew Hodges,2012-08-07,Book,safety and security reasons
"Introduction to Forensic Science, An",Claude P. Majo,2012-11-20,Book,encouraging or instructing on the commision of criminal activity
Introduction to Policing,"G.L. Scaramella, S.M. Cox,W.P. McCarney",2016-07-19,Book,safety and security reasons
Invisible Master,Leo Lyon Zagami,2020-03-03,Book,containing writings in code
Island of Vice,Richard Zacks,2014-04-01,Book,containing sexually explicit material
It's A Thin Line,Kimberla Lawson Roby,2012-07-17,Book,encouraging or instructing on the commision of criminal activity
It's Elemental,Kate Biberdorf,2023-02-21,Book,being detrimental to security for the following reason:
Itations of Jamaica and I,NA,2012-07-03,Magazine/Newspaper,encouraging or instructing on the commision of criminal activity
Jail House Cuisine,Louise Mathews,2021-04-06,Book,describing procedures to brew alcohol or manufacture drugs
Jailhouse Strong,J. Bryant & A. BenShea,2015-05-05,Book,describing or encouraging physical violence or group disruption
James Whitey Bulger - The Last Interview,Michael Esslinger,2023-11-21,Book,describing or encouraging escape methods
Jane Eyrotica,C. Bronte & K. Rose,2015-02-17,Book,containing sexually explicit material
Japanese Chess: The of Shogi,Trevor Leggett,2021-07-20,Book,being detrimental to security for the following reason:
Jeet Secrets Do Basics,David Cheng,2020-04-07,Book,describing fighting techniques
Jeffrey Dahmer Story,NA,2014-01-21,Book,safety and security reasons
Jesse Ventura's Marijuana Manifesto,Steve Kubby,2016-11-15,Book,describing procedures to brew alcohol or manufacture drugs
Jews Selling Blacks,The Nation of Islam,2018-05-15,Book,describing or encouraging physical violence or group disruption
Jim Balent's Tarot Witch of the Black Rose,NA,2016-01-19,Magazine/Newspaper,containing sexually explicit material
Jiu-Jitsu Combat Tricks,H. Irving Hancock,2017-04-04,Book,safety and security reasons
Jiu-jitsu University,"Saulo Ribeiro, Kevin Howell, Victory Belt Publishing",2024-02-20,Book,describing fighting techniques
Johnny the Homicidal Maniac Directors Cut,NA,2013-08-20,Book,encouraging or instructing on the commision of criminal activity
Judgement Cometh and that Right Soon,Scott Pratt,2019-08-06,Book,containing written sexually explicit material involving the use of force or non-consent
Juego De Tronos,George Martin,2023-07-18,Book,containing pictorially explicit nudity
Juego De Tronos,George R.R. Martin,2023-08-01,Book,containing pictorially explicit nudity
Jujitsu,George Kirby,2019-01-15,Book,describing fighting techniques
Jujitsu,NA,2019-01-15,Magazine/Newspaper,describing fighting techniques
Justine,Marquis de Sade,2018-07-17,Book,containing sexually explicit material
Juxtapoz,NA,2013-07-16,Magazine/Newspaper,encouraging or instructing on the commision of criminal activity
Juxtapoz,NA,2013-11-05,Magazine/Newspaper,containing sexually explicit material
Juxtapoz,NA,2014-03-04,Magazine/Newspaper,encouraging or instructing on the commision of criminal activity
Juxtapoz,NA,2013-04-16,Magazine/Newspaper,containing sexually explicit material
Juxtapoz,NA,2021-09-21,Magazine/Newspaper,containing pictorially explicit nudity
KG Presents Body,NA,2017-03-21,Magazine/Newspaper,containing sexually explicit material
KILLA Chronicles of a Killer,Sa'id Salaam,2016-11-15,Book,safety and security reasons
Kama-Sutra,Alicia Gallotti,2022-09-06,Book,containing pictorially explicit sexual activity
Kampfflieger,Nick Beale,2013-01-15,Book,describing or encouraging physical violence or group disruption
Kane,King Coopaj,2025-01-21,Book,containing written sexually explicit material involving the use of force or non-consent
Karma III,Sabrina Eubanks,2013-05-07,Book,containing sexually explicit material
Karmas Angel,John Franklin,2024-03-19,Book,containing written sexually explicit material involving minors
Katlick School,Sante D'Crazio,2021-05-18,Book,containing pictorially explicit nudity
Kill Shot King,NA,2020-01-07,Magazine/Newspaper,"containing language or references that espouse hatred towards specific individuals, races, or religions"
Kill or Be Killed,Robert Scott,2013-08-06,Book,encouraging or instructing on the commision of criminal activity
Killadelphia,Jimmy Dasaint,2017-03-21,Book,containing sexually explicit material
Killing Girl: A Sister's Love,Glen Brunswick,2019-09-03,Book,containing pictorially explicit nudity
King of Kings,King Thomas,2022-03-01,Book,being detrimental to security for the following reason:
King of New York,T.J. Edwards,2023-03-21,Book,containing written sexually explicit material involving the use of force or non-consent
King of New York,T.J. Edwards,2023-03-21,Book,containing written sexually explicit material involving the use of force or non-consent
King of New York,T.J. Edwards,2023-03-21,Book,containing written sexually explicit material involving the use of force or non-consent
King of New York,T.J. Edwards,2023-03-21,Book,containing written sexually explicit material involving the use of force or non-consent
Kingdom of Fear,Hunter S. Thompson,2015-02-17,Book,encouraging or instructing on the commision of criminal activity
Kingology,R.C. Blake,2023-05-02,Book,"containing language or references that espouse hatred towards specific individuals, races, or religions"
Kingpin Miami,Nikki Turner,2018-09-04,Book,containing sexually explicit material
Kings of Vice,Ice-T & Mal Radcliff,2013-08-06,Book,encouraging or instructing on the commision of criminal activity
Kiss Kiss Bang Bang,Ashley and JaQuavis,2013-04-02,Book,containing written sexually explicit material involving the use of force or non-consent
Kiss Me Kill Me,Ann Rule,2012-08-21,Book,encouraging or instructing on the commision of criminal activity
Kiss and Tell,Ann Rodgers,2023-09-19,Book,containing written sexually explicit material involving minors
Knights of Sidonia: Season 1,Johnny Young Bosch,2015-10-06,Book,containing sexually explicit material
Knockd Yerself Out,Joe Capobianco,2013-04-02,Book,containing sexually explicit material
Knockouts: Five Decades of Swimsuit Photography,Sports Illustrated,2015-04-07,Book,containing sexually explicit material
Knots & Ropes for Climbers,Duane Raleigh,2020-05-19,Book,being detrimental to security for the following reason:
Krav Maga for Beginners,Darren Levine,2014-09-02,Book,describing or encouraging physical violence or group disruption
Kustom Kamera,Anthony Duma,2018-06-05,Book,containing sexually explicit material
L.A. Noir,John Buntin,2013-01-15,Book,containing sexually explicit material
LL Gazette Newsletter,Outlaws Motor Cycle Club,2015-03-03,Magazine/Newspaper,being detrimental to security for the following reason:
LL Gazette Newsletter,Outlaws Motor Cycle Club,2015-03-03,Magazine/Newspaper,being detrimental to security for the following reason:
La Brega,Supreme Understanding,2013-09-17,Book,encouraging or instructing on the commision of criminal activity
Labryinth,Randall Sullivan,2021-08-03,Book,containing descriptions of security risk group material or activity
Lace,Shirley Conran,2021-03-02,Book,containing written sexually explicit material involving minors
Lady Gaga Extreme Style,Lizzy Goodman,2012-08-21,Book,containing sexually explicit material
Lap Dancing: The Naught Girl's Guide,Rebecca Drury,2017-11-07,Book,containing sexually explicit material
Last Minute Survival Secrets,Joey Green,2021-06-15,Book,being detrimental to security for the following reason:
Last Minute Survival Secrets: 128 Ingenious Tips,Joey Green,2021-06-15,Book,describing or encouraging escape methods
Latina Spice,NA,2021-04-20,Magazine/Newspaper,NA
Leadership and Training ffor the Fight,"MSG Paul R. Howe, US Army Retired",2017-10-17,Book,containing weapon construction procedures
Leavenworth Seven: The Deadly 1931 Prison Break,Kenneth M. Lamaster,2020-01-07,Book,describing or encouraging escape methods
Lesbian Coloring Book,Tattoo Inc,2024-10-15,Book,containing pictorially explicit nudity
Lesbian Cops Erotic Investigations,Sacchi Green,2013-04-02,Book,containing sexually explicit material
Lethal Guardian,M. William Phelps,2017-10-03,Book,safety and security reasons
Letters To Penthouse,Editors of Penthouse,2024-02-20,Book,containing written sexually explicit / sado-masochistic behavior
Letters to Authorities,Robert Arthur Menard,2017-06-20,Book,encouraging or instructing on the commision of criminal activity
Letters to Penthous XXXII,Penthouse Editors,2023-08-01,Book,containing written sexually explicit / sado-masochistic behavior
Letters to Penthouse,Editors of Penthouse,2015-07-07,Book,containing sexually explicit material
Letters to Penthouse,Editors of Penthouse,2014-01-21,Book,containing sexually explicit material
Letters to Penthouse,Editors of Penthouse,2014-09-02,Book,containing sexually explicit material
Letters to Penthouse,Editors of Penthouse,2018-01-16,Book,containing sexually explicit material
Letters to Penthouse,Editors of Penthouse,2012-08-07,Book,containing sexually explicit material
Letters to Penthouse,Editors of Penthouse,2015-04-07,Book,containing sexually explicit material
Letters to Penthouse,Editors of Penthouse,2017-04-04,Book,containing sexually explicit material
Letters to Penthouse,Letters to Penthouse Editors,2024-03-05,Book,containing written sexually explicit / sado-masochistic behavior
Letters to Penthouse,Editors of Penthouse,2012-09-04,Book,containing written sexually explicit / sado-masochistic behavior
Letters to Penthouse,Editors of Penthouse,2012-07-03,Book,containing sexually explicit material
Letters to Penthouse,Editors of Penthouse,2019-03-19,Book,containing written sexually explicit / sado-masochistic behavior
Letters to Penthouse,Editors of Penthouse,2023-01-17,Book,containing written sexually explicit / sado-masochistic behavior
Letters to Penthouse,The Editors of Penthouse,2024-10-01,Book,containing written sexually explicit material involving the use of force or non-consent
Letters to Penthouse Dirty Girls and Sex Toys,Editors of Penthouse,2021-05-04,Book,containing written sexually explicit material involving the use of force or non-consent
Letters to Penthouse III,The Editors of Penthouse Magazine,2023-07-18,Book,containing written sexually explicit / sado-masochistic behavior
Letters to Penthouse III,Penthouse Editors,2023-08-01,Book,containing written sexually explicit / sado-masochistic behavior
Letters to Penthouse XIX,NA,2019-06-18,Magazine/Newspaper,containing written sexually explicit / sado-masochistic behavior
Letters to Penthouse XIX,NA,2023-01-17,Magazine/Newspaper,containing written sexually explicit / sado-masochistic behavior
Letters to Penthouse XXXI,Editors of Penthouse Magazine,2017-08-15,Book,containing sexually explicit material
Letters to Penthouse XXXXI,NA,2012-07-17,Magazine/Newspaper,containing sexually explicit material
Letters to Penthouse XXXXL; Wives Gone Wild,Editors of Penthouse Magazine,2017-01-03,Book,containing sexually explicit material
"Letters to Penthouse: Hot, Bothered, and Ready",Editors of Penthouse Magazine,2014-02-04,Book,containing sexually explicit material
Letters to penthouse VII,Penthouse Magazine,2015-03-03,Book,containing sexually explicit material
Levitt Letter,NA,2013-02-05,Magazine/Newspaper,encouraging or instructing on the commision of criminal activity
Life After Death,Damien Echols,2012-12-18,Book,containing weapon construction procedures
Life Skills,Hickman Powell,2018-10-16,Book,being detrimental to security for the following reason:
Lighting the Nude,Roger Hicks,2023-05-16,Book,containing written sexually explicit / sado-masochistic behavior
Lights Out,George Sherman Hudson,2013-09-03,Book,encouraging or instructing on the commision of criminal activity
Like Father Like Son,Robert Scott,2015-09-15,Book,containing sexually explicit material
Lingerie 2019 -16 Month Calendar,Belleville Press,2019-02-19,Magazine/Newspaper,containing pictorially explicit nudity
Lingerie 2021 Calendar,avonside Publishing Ltd,2020-11-17,Book,containing pictorially explicit nudity
Lingerie Stockings and Heels,NA,2018-10-16,Magazine/Newspaper,containing pictorially explicit nudity
Lingerie Stockings and Heels,NA,2018-05-01,Magazine/Newspaper,containing sexually explicit material
Linux Basixs For Hackers,Occupy/theWeb,2022-09-06,Book,encouraging or instructing on the commision of criminal activity
Little Black Girl Lost,Keith Lee Johnson,2015-04-21,Book,containing sexually explicit material
Little Book of Knots,Geoffrey Budworth and Jason Dalton,2020-03-03,Book,being detrimental to security for the following reason:
Living the Martial Way,Forrest E. Morgan Majr USAF,2017-04-18,Book,describing or encouraging physical violence or group disruption
Lock & Key,Joe Hill and Gabriel Rodriguez,2022-02-01,Book,describing or encouraging physical violence or group disruption
Lock Down America: Police & Prisons in the Age of Crisis,Christian Parenti,2016-03-15,Book,safety and security reasons
Lock and Key,NA,2016-08-16,Magazine/Newspaper,describing or encouraging physical violence or group disruption
Locke & Key,Joe Hill and Gabriel Rodriguez,2022-02-01,Book,describing or encouraging physical violence or group disruption
Locks and Locksmithing,Bill Phillips,2015-01-06,Book,safety and security reasons
Long Way Home,Cameron Douglas,2019-11-05,Book,encouraging or instructing on the commision of criminal activity
Lookers: Ember #1,Boundless Comics,2015-03-03,Magazine/Newspaper,containing sexually explicit material
Lorton Legends,Eyone Williams,2014-04-01,Book,describing procedures to brew alcohol or manufacture drugs
Los Gatos Negros,Anibal Santana Merced,2023-02-21,Book,containing written sexually explicit material involving minors
Lost Arts of War,Dr. Haha Lung,2018-03-20,Book,encouraging or instructing on the commision of criminal activity
Lost and Found,John Glatta,2014-09-02,Book,containing sexually explicit material
Lost and Turned Out,Ernest Morris,2023-03-07,Book,containing written sexually explicit material involving minors
Louder Than Hell: The Definitive Oral History of metal,J. Wiederhorn & K. Turman,2016-03-15,Book,encouraging or instructing on the commision of criminal activity
Love Affair,Leslie Kenton,2014-08-05,Book,containing sexually explicit material
Love Alters: Lesbin Love Stories,Emma Donoghue,2016-06-07,Book,encouraging or instructing on the commision of criminal activity
Love Behind Bars,Jennifer Jagger,2020-12-15,Book,containing written sexually explicit material involving the use of force or non-consent
Love Behind Bars,Jodie Sinclair,2023-09-19,Book,containing written sexually explicit material involving minors
Love Pain Life,Tiquana Williams,2021-01-19,Book,containing written sexually explicit material involving the use of force or non-consent
Love Stage,Eiki Eiki,2023-01-17,Book,containing pictorially explicit sexual activity
Love Yourself Wildly,BuddahDoodles,2015-01-20,Book,safety and security reasons
Love in Hell,Reiji Suzumaru,2020-07-21,Book,containing pictorially explicit nudity
Love in Hell,Reiji Suzumaru,2018-09-04,Book,containing sexually explicit material
Love the Pain,Tiquann Williams a.k.a. Diamond P,2021-02-02,Book,containing written sexually explicit material involving minors
Loving the G Spot,Marcia Durante,2017-03-07,Book,containing sexually explicit material
Loving the G-Spot,Marcia Durante,2018-05-15,Book,containing sexually explicit material
Low Volume 1: The Delirium of Hope,Remender & Tocchini,2015-04-21,Book,containing sexually explicit material
Loyal to the Game,T.J. & Jelissa,2021-01-05,Book,containing pictorially explicit sexual activity
"Loyalty, Love, Betrayal",Wayne Grind,2024-03-19,Book,containing pictorially explicit nudity
"Loyalty, Love, Betrayal",Wayne Grind,2024-04-16,Book,containing written sexually explicit material involving minors
Lucasville,Staughton Lynd,2015-05-19,Book,encouraging or instructing on the commision of criminal activity
Luciferian Goetia,Michael W. Ford,2015-09-15,Book,safety and security reasons
Luscious,Alison Taylor,2016-06-07,Book,containing sexually explicit material
Lust in Latex,Rachael Kramer Bussel,2017-03-07,Book,containing sexually explicit material
Lust to Kill,Robert Scott,2013-08-06,Book,containing sexually explicit material
Lustfully Ever After,Kristina Wright,2017-02-21,Book,containing sexually explicit material
Luxury Beauties,King Tislam,2023-03-07,Book,containing written sexually explicit material involving the use of force or non-consent
Luxury Beauties,King Tislam,2023-02-07,Book,containing written sexually explicit material involving the use of force or non-consent
Lying In Wait,A. Rule,2016-06-07,Book,safety and security reasons
Lysergic,Krystle A. Cole,2014-01-21,Book,describing procedures to brew alcohol or manufacture drugs
MCMAP,Marine Corps Martial Arts Prograom,2021-02-16,Book,describing or encouraging physical violence or group disruption
MI6 Spy Skills for Civillians,Red Riley,2021-02-02,Book,describing fighting techniques
"MIM, The Theory",NA,2012-08-07,Magazine/Newspaper,encouraging or instructing on the commision of criminal activity
MMA Sports,NA,2012-12-18,Magazine/Newspaper,describing or encouraging physical violence or group disruption
Mad Max: Fury Road,NA,2017-12-05,Magazine/Newspaper,containing sexually explicit material
Magical Thinking,Augusten Burroughs,2015-02-03,Book,containing sexually explicit material
Magika Sowrdsman and Summoner,Mitsuki Mihara,2020-04-07,Book,containing pictorially explicit nudity
Magika Swordsman and Summoner,Mitsuki Mihara,2020-07-21,Book,containing pictorially explicit nudity
Magika Swordsman and Summoner,Mitsuki Mihara,2020-04-21,Book,containing pictorially explicit nudity
Magika Swordsman and Summoner,Milsuke Mihara,2019-03-19,Book,containing pictorially explicit nudity
Magika Swordsman and Summoner,Mitsuki Mihara,2018-10-16,Book,containing pictorially explicit nudity
Magika Swordsman and Summoner,Mitsuki Mihara,2019-05-07,Book,containing pictorially explicit nudity
Magika Swordsman and Summoner,Mitsuki Mihara,2019-05-07,Book,containing pictorially explicit nudity
Magika Swordsman and Summoner,Mitsuki Mihara,2015-03-03,Book,containing pictorially explicit sexual activity
Magika Swordsman and Summoner,Mitsuki Mihara,2020-04-07,Book,containing pictorially explicit nudity
Magika-Swordsman and Summoner,Mitsuki Mihara,2023-03-21,Book,containing pictorially explicit sexual activity
Magna,Nicole Rousmaniere,2022-01-04,Book,containing written sexually explicit / sado-masochistic behavior
Magnum Opus - Secrets of the Inner Sanctum,Aleister Nacht,2015-09-15,Book,safety and security reasons
Make Me,Beth Kery,2021-03-02,Book,containing written sexually explicit / sado-masochistic behavior
Make Your Own E-Liquid,Mike Sands,2018-05-01,Book,safety and security reasons
Makes More Electricity,Charles Platt,2020-05-19,Book,being detrimental to security for the following reason:
"Making 100,000 with CPN",Matin Bonnke,2023-06-20,Book,encouraging or instructing on the commision of criminal activity
Mammoth Book of Gorgeous Guys,Barbars Cardy,2015-05-05,Book,containing sexually explicit material
Man Up! 367 Classic Skills,O'Donnell,2013-04-02,Book,encouraging or instructing on the commision of criminal activity
Man Up! 367 Classic Skills for the Modern Guy,Paul O'Donnell,2013-05-07,Book,encouraging or instructing on the commision of criminal activity
Manhandled,Austin Foxxe,2021-02-16,Book,containing written sexually explicit / sado-masochistic behavior
Manhood: The Bare Reality,Laura Dodsworth,2018-06-05,Book,containing sexually explicit material
Manhood: The Bare Reality,Laura Dodsworth,2022-01-04,Book,containing pictorially explicit nudity
Manhunters,Colin Wilson,2016-03-01,Book,encouraging or instructing on the commision of criminal activity
Marathon Sex,Sonia Borg,2017-03-07,Book,containing sexually explicit material
Marijuana Business,Jeff Grissler,2018-09-18,Book,encouraging or instructing on the commision of criminal activity
Marijuana Daily Gardening,Henry Woodward,2016-08-16,Book,encouraging or instructing on the commision of criminal activity
Marijuana Grow Basics,Jorge Cervantes,2019-08-06,Book,describing procedures to brew alcohol or manufacture drugs
Marijuana Lets Grow a Pound,See More Buds,2022-12-06,Book,describing procedures to brew alcohol or manufacture drugs
Marked for Life,Steve Bonge,2020-04-21,Book,containing pictorially explicit nudity
Maurice Denis,Musee D'Orsay,2015-03-03,Book,containing sexually explicit material
Mauricio Tattoo 2,Mauricio Teodoro Da Silva,2014-07-01,Book,containing sexually explicit material
Maxim,NA,2013-04-16,Magazine/Newspaper,containing sexually explicit material
Maxim,NA,2013-04-16,Magazine/Newspaper,containing sexually explicit material
Maxim,NA,2013-04-02,Magazine/Newspaper,containing sexually explicit material
Maxim,NA,2013-04-02,Magazine/Newspaper,containing sexually explicit material
Maxim,NA,2014-04-01,Magazine/Newspaper,encouraging or instructing on the commision of criminal activity
Maxim,NA,2016-12-06,Magazine/Newspaper,containing sexually explicit material
Maxim,NA,2016-07-19,Magazine/Newspaper,containing sexually explicit material
Maxim,NA,2013-03-05,Magazine/Newspaper,containing sexually explicit material
Maxim,NA,2017-09-05,Magazine/Newspaper,containing sexually explicit material
Mayfair,NA,2018-01-16,Magazine/Newspaper,containing sexually explicit material
Mayo Chicki Omnibus Collection,Hajime Asano,2020-03-17,Book,containing pictorially explicit sexual activity
Mayo Child,Hajime Asano,2019-05-07,Book,containing pictorially explicit nudity
Me and My Bol,Sacchi Green,2018-02-06,Book,containing sexually explicit material
Measure of Madness,Cheryl Paradis,2012-09-18,Book,encouraging or instructing on the commision of criminal activity
Mechanical Trades,Audel,2012-07-03,Book,encouraging or instructing on the commision of criminal activity
Mechanisms and Mechanical Devices,Neil Sclater,2013-05-21,Book,describing or encouraging escape methods
Medieval Punishments,William Andrews,2015-06-16,Book,describing or encouraging physical violence or group disruption
Meet Your Strawman,We The People,2021-05-18,Book,containing material influenced by sovereign citizen ideology
Meet Your Strawman and Whatever You Want to know,National Liberty Alliance.Org,2016-12-20,Book,encouraging or instructing on the commision of criminal activity
Mein Kampf,Adolph Hitler,2020-02-04,Book,"containing language or references that espouse hatred towards specific individuals, races, or religions"
Mein Kempf The Official 1939 Edition,Bob Carruthers,2019-06-18,Book,"containing language or references that espouse hatred towards specific individuals, races, or religions"
Memories of My Melancholy Whores,Garcia Marquez,2015-06-16,Book,containing sexually explicit material
Memos to Shitty People Adult Coloring Book,NA,2016-08-16,Magazine/Newspaper,describing or encouraging physical violence or group disruption
Men Unlearning Rape,n/a,2015-01-20,Book,safety and security reasons
Men Women & Children,Chad Kultgen,2013-04-02,Book,containing sexually explicit material
Mens Health The Big Book,Jeff C. Stan,2019-11-05,Book,not being included in the original store packaging
Mercy,Mirka Andolfo,2021-03-02,Book,containing pictorially explicit sexual activity
Mercy Sparks,Devil's Due,2014-03-04,Book,containing sexually explicit material
Mercy Sparx,Devil's Due,2013-07-16,Book,containing sexually explicit material
Mermaid Song Desires of the Deep,Sal Quartuccio,2017-06-20,Book,containing sexually explicit material
Mermaids 2 - A Gallery Girls Collection,NA,2012-08-21,Magazine/Newspaper,containing sexually explicit material
Message to the Blackman in America,Elijah Muhammad,2019-05-07,Book,"containing language or references that espouse hatred towards specific individuals, races, or religions"
Message to the Blackman in America,Elijah Muhammad,2025-11-18,Book,"containing language or references that espouse hatred towards specific individuals, races, or religions"
Metal Lathe,Harold Hall,2025-03-04,Book,containing weapon construction procedures
Metal Work and Machining Hints and Tips:,Ian Bradley,2025-03-04,Book,containing weapon construction procedures
Meteor 1 vs. V1 Flying Bomb 1944,Donald Nijboer,2013-03-05,Book,encouraging or instructing on the commision of criminal activity
Methland,Nick Reding,2014-07-01,Book,encouraging or instructing on the commision of criminal activity
Miami Graffiti,James & Karla Murray,2014-02-04,Book,encouraging or instructing on the commision of criminal activity
Middle Men: Gay Exotic Threesomes,"Allison, Shane",2016-05-03,Book,containing sexually explicit material
Might as well Cheat,Munmun,2025-01-21,Book,containing pictorially explicit nudity
Military Uniforms Visual Encyclopedia,Amber Books,2013-01-15,Book,describing or encouraging physical violence or group disruption
Millenium: The Girl With the Dragon Tattoo,Runberg,2020-11-03,Book,containing pictorially explicit sexual activity
Mind Manipulation,Dr. Lung & C. Prowant,2014-01-21,Book,encouraging or instructing on the commision of criminal activity
Mind Warrior,Dr. Haha Lung,2018-06-19,Book,safety and security reasons
Mind over matter: How I became the Model Inmate,RaSun Allah,2022-05-17,Book,being detrimental to security for the following reason:
Mindblowing Morning: Naughty Nooners & Wild Nights,Emily Dubberly,2017-03-07,Book,containing sexually explicit material
Mistakes Were Made: Prosecutor,Lettie McSpadden,2015-12-15,Book,encouraging or instructing on the commision of criminal activity
Misty Copeland,Gregg Delman,2019-09-17,Book,containing pictorially explicit nudity
MmMaMa,Okayado,2020-01-21,Book,containing pictorially explicit sexual activity
Mo' Chedda,NA,2012-11-06,Magazine/Newspaper,encouraging or instructing on the commision of criminal activity
Modern Sex Magick,Donald M. Kraig,2015-05-19,Book,containing sexually explicit material
Module 1 Electrician Student Assignment Booklet,Stratford Career Institute,2013-07-02,Book,encouraging or instructing on the commision of criminal activity
Mondo Erotica,Art by Roberto Baldazzini,2017-11-21,Book,containing sexually explicit material
Money,Martin Arnis,2017-01-17,Book,containing sexually explicit material
Monster Massacre,John Ross,2015-05-19,Book,containing sexually explicit material
Monster Massacre Vol.  2,Published by Titan Comics,2017-11-07,Book,containing sexually explicit material
Monster Mesume,Okayado,2018-01-16,Book,containing sexually explicit material
Monster Musume,Okayado,2014-11-04,Book,containing sexually explicit material
Monster Musume,Okayado,2014-11-04,Book,containing sexually explicit material
Monster Musume,Okayado,2020-04-07,Book,containing pictorially explicit nudity
Monster Musume - Everyday Life with Monster Girls,Okayado,2018-06-19,Book,containing sexually explicit material
Monster Musume - Everyday Life with Monster Girls,Okayado,2018-06-19,Book,containing sexually explicit material
Monster Musume - Everyday Life with Monster Girls,Okayado,2018-06-19,Book,containing sexually explicit material
Monster Musume - Everyday Life with Monster Girls,Okayado,2018-06-19,Book,containing sexually explicit material
Monster Musume I Heart Monster Girls,Okayado,2015-03-03,Book,containing sexually explicit material
Monster Musume I Heart Monster Girls,Okayado,2015-03-03,Book,containing sexually explicit material
Monster Musume I Heart Monster Girls,Shake O,2019-02-19,Book,containing pictorially explicit nudity
Monster: The Autobiography of an L.A. Gang Member,Sanyika Shakur,2013-05-07,Book,describing or encouraging physical violence or group disruption
Monstrous Compendium,NA,2013-08-20,Book,encouraging or instructing on the commision of criminal activity
Moon Lake,Dan Fogler,2022-10-04,Book,containing pictorially explicit nudity
Moonlake,Dan Fogler,2022-11-15,Book,containing pictorially explicit nudity
"Moors, Moabite and Man",Bandele El-Amin,2022-03-01,Book,containing material influenced by sovereign citizen ideology
Motivation Part II,Swift,2018-09-04,Book,containing sexually explicit material
Muay Thai Unleashed: Learn Technique & Strategy from Thailand's Warrior Elite,Krauss & Cordoza,2016-03-15,Book,encouraging or instructing on the commision of criminal activity
Murder In Paradise,NA,2013-05-07,Book,containing sexually explicit material
Muscle & Fitness,NA,2012-09-04,Magazine/Newspaper,encouraging or instructing on the commision of criminal activity
Muscular Development,NA,2013-03-05,Magazine/Newspaper,encouraging or instructing on the commision of criminal activity
Muscular Development,NA,2013-12-03,Magazine/Newspaper,containing sexually explicit material
My Bloody Life - The Making of a Latin King,Reymundo Sanchez,2019-10-15,Book,containing descriptions of security risk group material or activity
My Blue Suede Shoes,Tracy Price-Thompson,2013-11-05,Book,encouraging or instructing on the commision of criminal activity
My Body My Limits My Pleasure My Choice,Generation Five,2015-01-20,Book,safety and security reasons
My Crazy Beuatiful Life,Ke$ha,2014-03-18,Book,containing sexually explicit material
My Famous Life (Mobb Deeps),Mobb Deeps,2015-04-07,Book,encouraging or instructing on the commision of criminal activity
My Favorite Thing Is Monsters,Emill Ferris,2017-09-19,Book,containing sexually explicit material
My Favorite This Is A Monster,Emil Ferris,2023-02-21,Book,containing pictorially explicit nudity
My Infamous Life,Laura Checkoway,2013-11-05,Book,containing descriptions of security risk group material or activity
My Infamous Life,Laura Checkoway,2023-08-15,Book,encouraging or instructing on the commision of criminal activity
My Infamous Life - The Autobiography of Mobb Deep's * Prodigy,Prodigy with Laura cHECKOWAY,2018-10-16,Book,containing descriptions of security risk group material or activity
My Life and Loves,Frank Harris,2012-12-18,Book,containing sexually explicit material
My Man My Abuser,Rocky Rose,2014-11-04,Book,containing sexually explicit material
Mysterios's Encyclopedia of Magic and Conjuring,Gabe Fajuri,2013-02-05,Book,containing sexually explicit material
Mythical Creatures Bible,B. Rosen,2015-09-01,Book,containing sexually explicit material
Mythical and Spiritual Tattoo Design,Russ Thorne,2014-08-19,Book,encouraging or instructing on the commision of criminal activity
Nailed,Amie Stuart,2013-04-02,Book,containing sexually explicit material
Naive to the Street,"A, Roy Mullligan",2022-12-06,Book,containing written sexually explicit material involving minors
Naive to the Streets,A Roy Milliagan,2023-01-17,Book,containing written sexually explicit material involving minors
Naked Las Vegas,Greg Friedler,2012-08-07,Book,containing sexually explicit material
Nameless,Grant Morrison,2019-04-02,Book,containing written sexually explicit material involving the use of force or non-consent
Nasty Boys,Shane Allison,2016-03-01,Book,containing sexually explicit material
Natchez Shooters Supplies,NA,2013-01-15,Magazine/Newspaper,encouraging or instructing on the commision of criminal activity
National Electrical Code,National Fire Protection Assn.,2020-09-01,Book,encouraging or instructing on the commision of criminal activity
National Institute of Justice Journal,NA,2018-03-20,Magazine/Newspaper,safety and security reasons
Natural Born Liar,Noire,2012-08-21,Book,containing sexually explicit material
Natural Born Ryderz,Ty Robinson,2013-04-02,Book,containing written sexually explicit / sado-masochistic behavior
Naughty Bits,Joey W. Hill,2020-07-07,Book,containing written sexually explicit / sado-masochistic behavior
Naughty Dots,Fairwinds Press,2019-07-16,Book,containing pictorially explicit sexual activity
Naughty Erotic Desires Short Sex,Catherine Howell,2023-09-19,Book,containing written sexually explicit material involving the use of force or non-consent
Naughty School Girls,The SCORE group,2015-03-03,Magazine/Newspaper,containing sexually explicit material
Navy Seal Sniper,G. Doherty & B. Webb,2013-12-03,Book,encouraging or instructing on the commision of criminal activity
Nec 2014: National Electric Code 2014/NFPA 70,NFPA Edition 13,2015-06-16,Book,safety and security reasons
Nefarious,T. Styles,2019-09-03,Book,containing written sexually explicit material involving the use of force or non-consent
Neon Genesis Evangelion,Khara Yoshiyuki Sadamoto,2018-12-18,Book,containing pictorially explicit nudity
Neon Genesis Evangelion,Khara Yoshiyuki Sadamoto,2023-01-17,Book,containing pictorially explicit nudity
Neon Genesis Evangelion 01 02 03,Yoshiyuki Sadamoto,2020-07-07,Book,containing pictorially explicit sexual activity
Neon Genesis Evangelion 07 08 09,Yoshiyuki Sadamoto,2020-07-07,Book,containing pictorially explicit sexual activity
Neon Genesis Evangelion 10 11 12,Yoshiyuki Sadamoto,2020-07-07,Book,containing pictorially explicit sexual activity
Neon Genesis Evangelion 13 14 End,Yoshiyuki Sadamoto,2020-07-07,Book,containing pictorially explicit sexual activity
Nepantla,Christopher Soto,2024-04-02,Book,describing or encouraging physical violence or group disruption
Nerve: The First Ten Years,Editors of Nerve.com,2013-04-02,Book,containing sexually explicit material
Nestler Girls,NA,2016-06-07,Magazine/Newspaper,containing sexually explicit material
Never Have the Same Sex Twice,"Tyler, Alison",2016-05-03,Book,containing sexually explicit material
Never Say Never,Ricki Lake,2014-12-16,Book,containing sexually explicit material
New Black Neighbor Fantasy,Leonides Martinez,2019-03-19,Book,containing written sexually explicit / sado-masochistic behavior
New York Burlesque,Roy Kamp,2016-07-19,Book,containing sexually explicit material
New York Magazine,NA,2013-08-06,Magazine/Newspaper,containing sexually explicit material
Next Level Graffiti Techniques,Scape Martinez,2013-08-06,Book,encouraging or instructing on the commision of criminal activity
Nicki Minaj: The Woman Who Stole the World,Lynette Holloway,2015-04-07,Book,encouraging or instructing on the commision of criminal activity
Night Fire,Vonna Harper,2013-02-05,Book,containing sexually explicit material
Night Shade,Keri Lake,2023-11-21,Book,containing written sexually explicit / sado-masochistic behavior
Nightmare in Elm City,Maineyo,2022-11-15,Book,describing or encouraging physical violence or group disruption
Nikki,George Sherman Hudson,2015-03-03,Book,containing sexually explicit material
Ninja Secrets of Invisibility,Ashinda Kim,2015-05-19,Book,safety and security reasons
Ninja Skills: The Authentic Ninja Training Manual,Anthony Cummins,2018-08-21,Book,describing or encouraging physical violence or group disruption
Nitrious Oxide Performance Handbook,Jeff Hartman,2012-08-07,Book,encouraging or instructing on the commision of criminal activity
Nitrous Oxide Performance Handbook,Jeff Hartman,2012-08-07,Book,safety and security reasons
No Angel,Jay Dobyns,2012-12-04,Book,encouraging or instructing on the commision of criminal activity
No Crueler Tyannies,Dorothy Rabinowitz,2014-08-05,Book,encouraging or instructing on the commision of criminal activity
No Longer Human,Junji Ito,2024-12-17,Book,containing pictorially explicit nudity
No Safeword,Claire Thompson,2021-08-03,Book,containing written sexually explicit / sado-masochistic behavior
No Straight Lines (Four Decades of Queer Comics),Justin Hall,2015-05-05,Book,containing sexually explicit material
No Turning Back,Brenda Hampton,2016-04-05,Book,containing sexually explicit material
Nobel Drew All The Exhuming of a Nation,"Thru, Sheik Elihu N Pleasant Bay",2016-06-21,Book,encouraging or instructing on the commision of criminal activity
Nobody's Women,Steve Miller,2013-03-05,Book,encouraging or instructing on the commision of criminal activity
Nocturnation,unknown,2016-03-15,Book,encouraging or instructing on the commision of criminal activity
"Nudes, Illustrators Reference Manual",Peter Hince,2012-08-07,Book,containing sexually explicit material
Nurse Hitomi's Monster Infirmary,Shake O,2018-10-16,Book,containing pictorially explicit sexual activity
Nurse Hitomi's Monster Infirmary,Shake O,2018-06-19,Book,containing sexually explicit material
Nuts & Volts:  Everything for Electronics,NA,2013-05-07,Magazine/Newspaper,encouraging or instructing on the commision of criminal activity
Nuts & Volts:  Everything for Electronics,NA,2013-05-07,Magazine/Newspaper,encouraging or instructing on the commision of criminal activity
Nuts & Volts:  Everything for Electronics,NA,2013-08-06,Magazine/Newspaper,containing weapon construction procedures
Nuts & Volts:  Everything for Electronics,NA,2013-05-07,Magazine/Newspaper,encouraging or instructing on the commision of criminal activity
Nuts and Volts,NA,2013-05-07,Magazine/Newspaper,containing weapon construction procedures
Nympho,Andrea Blackstone,2013-05-07,Book,containing sexually explicit material
Obsessed,Rachel Kramer Bussel,2018-02-20,Book,containing sexually explicit material
Obsessed An Invitation Erotic Odyssey,Delilah Devlin,2016-05-17,Book,containing sexually explicit material
Obsession,Helen Hardt,2016-12-20,Book,containing sexually explicit material
Old School Boxing Fitness: How to Train Like a Champ,A. Dumas & J. Dumas,2016-03-15,Book,safety and security reasons
Omega,Jasinda Wilder,2016-03-01,Book,containing sexually explicit material
Once a King Always a King - The Unmaking of a Latin King,Reymundo Sanchez,2019-10-15,Book,containing descriptions of security risk group material or activity
One Long Night,Andrea Pitzer,2020-11-03,Book,containing written sexually explicit material involving the use of force or non-consent
One Percenter's Stand,W.T. Roadblock Harrell,2015-03-17,Book,encouraging or instructing on the commision of criminal activity
Opening Moves,Steven James,2012-10-16,Book,encouraging or instructing on the commision of criminal activity
Oral Sex For Eevrybody,Tina Robbins,2023-03-07,Book,containing pictorially explicit nudity
Oral Sex for Everybody,Tina Robbins,2023-02-07,Book,containing pictorially explicit sexual activity
Orchard Beach: The Bronx Riviera,Wayne Lawrence,2018-03-20,Book,containing sexually explicit material
Organized Crime,D. Southwell,2015-11-03,Book,describing or encouraging physical violence or group disruption
Origami City,Shuki Kato and Jordan Langerak,2018-10-16,Book,containing physical properties which can be manipulated as a security concern
Origami for Him,Didler Boursin,2017-07-18,Book,safety and security reasons
Original Game,Darryel Woodson,2016-05-17,Book,encouraging or instructing on the commision of criminal activity
Original Game,Darryel Woodson,2018-12-04,Book,encouraging or instructing on the commision of criminal activity
Original Gangster,St Matin's Press,2013-06-18,Book,encouraging or instructing on the commision of criminal activity
Original Sin: Ritual Child Rape & the Church,DCA Hillman,2014-08-19,Book,containing sexually explicit material
Our Saviour Has Arrived,Elijah Muhammad,2013-04-02,Book,"containing language or references that espouse hatred towards specific individuals, races, or religions"
Out,NA,2019-09-03,Magazine/Newspaper,containing pictorially explicit sexual activity
Out In the Open,"R. Louis Schultz, PhD",2012-09-04,Book,containing sexually explicit material
Outdoor Life,NA,2013-10-01,Magazine/Newspaper,encouraging or instructing on the commision of criminal activity
Outdoor Survival Guide,T. Edward Nickens,2013-05-21,Book,encouraging or instructing on the commision of criminal activity
Outlaw 1% Letter Lizards Gazette Jan 2021,N/A,2022-05-17,Book,describing or encouraging physical violence or group disruption
Outlaw 1% Letter Lizards Lounge Gazette Birmingham 83,N/A,2022-05-17,Magazine/Newspaper,describing or encouraging physical violence or group disruption
Outlaw Biker,NA,2015-03-03,Magazine/Newspaper,containing sexually explicit material
Outlaw Biker,Outlaw Biker Magazine,2025-09-16,Magazine/Newspaper,containing pictorially explicit nudity
Outlaw Biker,NA,2013-10-15,Magazine/Newspaper,containing sexually explicit material
Outlaw Tales of Colorado,Jan Murphy,2013-08-06,Book,encouraging or instructing on the commision of criminal activity
Outlaws,Tony Thompson,2014-02-04,Book,describing or encouraging physical violence or group disruption
PAN,NA,2014-10-21,Magazine/Newspaper,describing or encouraging physical violence or group disruption
PAN,NA,2014-03-18,Magazine/Newspaper,encouraging or instructing on the commision of criminal activity
PAPER,NA,2015-07-21,Magazine/Newspaper,containing sexually explicit material
PERV the Sexual Deviant in All of Us,Jesse Bering,2015-08-04,Book,containing sexually explicit material
Pablo Escobar: My Father,Juan Pablo Escobar,2017-09-05,Book,encouraging or instructing on the commision of criminal activity
Pack of Origami Paper,NA,2020-04-21,Magazine/Newspaper,being detrimental to security for the following reason:
Painting and Photography 1839-1914,Hammarion,2016-09-06,Book,containing sexually explicit material
Panzram Butchering Humanity,Carl Panzram,2022-11-01,Book,describing or encouraging physical violence or group disruption
Paranoia & Heartbreak: Fifteen Years in a Juvenile Facility,Gold,2013-06-04,Book,containing sexually explicit material
Party Time,Shaun Attwood,2017-06-06,Book,encouraging or instructing on the commision of criminal activity
Patriots,"James Wesley, Rawles",2012-10-16,Book,containing sexually explicit material
Payback Ain't Enough,Wahida Clark,2014-06-03,Book,containing sexually explicit material
Payback is a Mutha,Wahida Clark,2014-06-03,Book,containing sexually explicit material
Peak of Perfection,Jon Ortner,2018-01-16,Book,containing sexually explicit material
Pencil and Ink,Frank Cho,2021-11-16,Book,containing pictorially explicit nudity
Penetration Testing Essentials,Sean-Philip Oriyano,2018-08-07,Book,encouraging or instructing on the commision of criminal activity
Penis Genius,Jordan LaRousse,2018-12-18,Book,containing pictorially explicit sexual activity
Penitiaries of the United States,William Crawford,2019-07-02,Book,describing or encouraging escape methods
Penthouse,NA,2013-03-05,Magazine/Newspaper,containing sexually explicit material
Penthouse,NA,2012-09-18,Magazine/Newspaper,containing sexually explicit material
Penthouse,NA,2012-07-03,Magazine/Newspaper,containing sexually explicit material
Penthouse Letters,Editors of Penthuse,2016-11-01,Magazine/Newspaper,containing sexually explicit material
Penthouse Letters + Variations,NA,2021-04-06,Magazine/Newspaper,containing pictorially explicit sexual activity
Penthouse Letters + Variations,NA,2021-04-06,Magazine/Newspaper,containing pictorially explicit sexual activity
Penthouse Magazine,Penthouse Magazine,2022-06-21,Magazine/Newspaper,containing written sexually explicit / sado-masochistic behavior
Penthouse Uncensored,Editors of Penthouse,2016-11-01,Book,containing sexually explicit material
Penthouse Uncensored III Letters to America's Hottest Magazine,The Editors of Penthouse Magazine,2014-10-07,Book,containing sexually explicit material
Penthouse Uncensored VI,Penthouse,2015-03-17,Book,containing sexually explicit material
Penthouse Variations Sexy Stories from the Edge,The Editors of Penthouse,2014-10-07,Book,containing sexually explicit material
Penthouse Variations on Submission,Editors of Penthouse Variations,2017-07-18,Book,containing sexually explicit material
Penthouse Variations on Three Ways,Penthouse Variations,2017-11-07,Book,containing sexually explicit material
Perfect Victim,Christine McGuire,2017-01-17,Book,containing sexually explicit material
Peter Grill and The Philosopher's Time,Daisuke Hiyama,2021-03-16,Book,containing pictorially explicit sexual activity
Phat Puffs,NA,2013-08-06,Magazine/Newspaper,containing sexually explicit material
Phat Puffs,NA,2015-07-21,Magazine/Newspaper,containing sexually explicit material
Phat Puffs,NA,2020-07-21,Magazine/Newspaper,containing written sexually explicit / sado-masochistic behavior
Phat Puffs,NA,2014-06-03,Magazine/Newspaper,containing sexually explicit material
Physique,Peter Kunhst,2017-08-01,Book,containing sexually explicit material
Pimpology,Pimpin' Ken,2015-07-07,Book,encouraging or instructing on the commision of criminal activity
Pimpology,Pimpin' Ken,2015-07-07,Book,safety and security reasons
Pimpology,Pimpin Ken - Karen Hunter,2023-05-16,Book,encouraging or instructing on the commision of criminal activity
Pimpology,Manny Fresh,2025-02-04,Book,encouraging or instructing on the commision of criminal activity
Pin-Up Girls,Isabella Alston,2016-02-16,Book,containing sexually explicit material
Pirate Queens Booty,Stefano Mazzotti,2019-04-02,Book,containing pictorially explicit nudity
Pizza Bomber,Clark,2014-01-21,Book,safety and security reasons
Planet Muscle,NA,2013-05-07,Magazine/Newspaper,containing sexually explicit material
Planet Muscle,NA,2013-08-20,Magazine/Newspaper,containing sexually explicit material
Planet Muscle,NA,2014-01-21,Magazine/Newspaper,containing sexually explicit material
Planet Muscle,NA,2013-02-05,Magazine/Newspaper,containing sexually explicit material
Planet Muscle,NA,2013-07-02,Magazine/Newspaper,containing sexually explicit material
Planet Muscle,NA,2013-04-02,Magazine/Newspaper,containing sexually explicit material
Play Poker Like the Pros,"Phil Hellmuth, Jr.",2013-03-05,Book,encouraging or instructing on the commision of criminal activity
Playboy,NA,2013-04-02,Magazine/Newspaper,containing sexually explicit material
Playboy,NA,2014-04-01,Magazine/Newspaper,containing sexually explicit material
Playboy,NA,2013-05-21,Magazine/Newspaper,containing sexually explicit material
Playboy,NA,2013-12-03,Magazine/Newspaper,containing sexually explicit material
Playboy,NA,2015-01-06,Magazine/Newspaper,containing sexually explicit material
Playboy,NA,2013-05-21,Magazine/Newspaper,containing sexually explicit material
Playboy,NA,2015-01-06,Magazine/Newspaper,containing sexually explicit material
Playboy,NA,2013-05-21,Magazine/Newspaper,containing sexually explicit material
Playboy,NA,2015-01-06,Magazine/Newspaper,containing sexually explicit material
Playboy,NA,2014-01-21,Magazine/Newspaper,containing sexually explicit material
Playboy,NA,2012-08-07,Magazine/Newspaper,containing sexually explicit material
Playboy,NA,2013-07-02,Magazine/Newspaper,containing sexually explicit material
Playboy,NA,2012-08-07,Magazine/Newspaper,containing sexually explicit material
Playboy,NA,2017-07-18,Magazine/Newspaper,containing sexually explicit material
Playboy,NA,2018-12-18,Magazine/Newspaper,containing pictorially explicit nudity
Playboy,NA,2013-06-04,Magazine/Newspaper,containing sexually explicit material
Playboy,NA,2013-07-16,Magazine/Newspaper,containing sexually explicit material
Playboy,NA,2013-03-05,Magazine/Newspaper,containing sexually explicit material
Playboy,NA,2014-03-18,Magazine/Newspaper,containing sexually explicit material
Playboy,NA,2017-03-07,Magazine/Newspaper,containing sexually explicit material
Playboy,NA,2013-05-07,Magazine/Newspaper,containing sexually explicit material
Playboy,NA,2017-05-02,Magazine/Newspaper,containing sexually explicit material
Playboy,NA,2017-11-07,Magazine/Newspaper,containing sexually explicit material
Playboy,NA,2013-05-21,Magazine/Newspaper,containing sexually explicit material
Playboy,NA,2013-11-05,Magazine/Newspaper,containing sexually explicit material
Playboy,NA,2017-01-03,Magazine/Newspaper,containing sexually explicit material
Playboy,NA,2012-09-18,Magazine/Newspaper,containing sexually explicit material
Playboy,NA,2012-08-21,Magazine/Newspaper,containing sexually explicit material
Playboy,NA,2015-09-15,Magazine/Newspaper,containing sexually explicit material
Playboy,NA,2015-09-15,Magazine/Newspaper,containing sexually explicit material
Please Sir,Rachel Kramer Bussel,2012-08-07,Book,containing sexually explicit material
Pleasure Exchange,Cathryn Fox,2016-05-17,Book,containing sexually explicit material
Pleasure Prolonged,Cathryn Fox,2016-05-17,Book,containing sexually explicit material
Pleats Please,Issey Miyake,2017-01-03,Book,containing sexually explicit material
Pledges,Shane Allison,2015-12-15,Book,safety and security reasons
Plus Size Elf,Synecdoche,2024-07-16,Book,containing pictorially explicit nudity
Plus-Sized Elf,Synecdoche,2020-09-15,Book,containing pictorially explicit nudity
Pole BLVD,NA,2017-02-07,Magazine/Newspaper,containing sexually explicit material
Police: A Harry Hole Novel,Jo Nesbo,2014-01-21,Book,safety and security reasons
"Politics, Escorts, Blackmail",Pynk,2014-12-16,Book,containing sexually explicit material
Polygamy in Islam,Dr. Abu Philips,2017-03-07,Book,describing or encouraging physical violence or group disruption
Poor Little Bitch Girl,Jackie Collins,2018-07-17,Book,containing sexually explicit material
Popular Mechanics,Popular Mechanics Magazine,2024-04-16,Magazine/Newspaper,containing writings in code
Portraits,Robert Mapplethorpe,2014-09-02,Book,containing sexually explicit material
Portraits of American Bikers: Inside Looking Out,Beverly V. Roberts,2015-02-03,Book,encouraging or instructing on the commision of criminal activity
Position of the Day,Nerve.com,2020-11-03,Book,containing pictorially explicit sexual activity
Possession,Helen Hardt,2016-12-20,Book,containing sexually explicit material
Postmortem,Dr. Steven A. Koehler,2013-05-07,Book,encouraging or instructing on the commision of criminal activity
Power,NA,2013-03-05,Magazine/Newspaper,encouraging or instructing on the commision of criminal activity
Practical Antenna Handbook,Joseph Carr,2013-01-15,Book,encouraging or instructing on the commision of criminal activity
Practical Approach to Electrical Work,Ray E. Staszko,2013-07-02,Book,encouraging or instructing on the commision of criminal activity
Practical Electrical Wiring,H. Richter & F. P. Hartwell,2018-09-04,Book,safety and security reasons
Practical Mental Magic,Theodore Ann Emann,2016-03-15,Book,safety and security reasons
Prank Postcards,Andrew McNeil,2021-08-03,Book,being detrimental to security for the following reason:
Preacher,Garth Ennis,2019-09-03,Book,containing written sexually explicit / sado-masochistic behavior
Preacher,Garth Ennis,2019-07-16,Book,encouraging or instructing on the commision of criminal activity
Preacher,Garth Ennis,2019-07-16,Book,encouraging or instructing on the commision of criminal activity
Preacher,Garth Ennis,2024-03-19,Book,containing written sexually explicit / sado-masochistic behavior
Press Here: Sensual Massage for Beginners,Sydney Price,2022-01-04,Book,containing pictorially explicit sexual activity
Pressure Point Fighting Guide,Rick Clark,2024-12-17,Book,describing fighting techniques
Pretty Ladies,Jack Henslee,2023-05-16,Book,containing written sexually explicit / sado-masochistic behavior
Pride & Prejudice; Hidden Lusts,Mitzi Szereto,2013-07-16,Book,containing sexually explicit material
Pride of a Hustler Part 1,K-Lou,2015-03-03,Book,encouraging or instructing on the commision of criminal activity
Prison Action News,NA,2017-03-21,Magazine/Newspaper,encouraging or instructing on the commision of criminal activity
Prison Legal News,Human Rights Defense Center,2024-08-06,Book,being detrimental to security for the following reason:
Prison Legal News,The Human Rights Defense Center,2024-09-17,Magazine/Newspaper,encouraging or instructing on the commision of criminal activity
Prison Ramen,Clifton Collins,2022-09-06,Book,describing or encouraging physical violence or group disruption
Prison Ramen: Recipies and Stories From Behind Bars,Collins & Alvarez,2016-03-01,Book,encouraging or instructing on the commision of criminal activity
Prison School,Akira Hiramoto,2020-05-19,Book,containing pictorially explicit nudity
Prison Time,Shaun Attwood,2017-06-20,Book,encouraging or instructing on the commision of criminal activity
Private Club,J.S. Cooper,2015-05-05,Book,encouraging or instructing on the commision of criminal activity
Private Club 2,J.S. Cooper,2015-05-05,Book,encouraging or instructing on the commision of criminal activity
Private Club 3,J.S. Cooper,2015-05-05,Book,encouraging or instructing on the commision of criminal activity
Private Investigator,Stratford Career Institute,2014-04-15,Book,containing sexually explicit material
Prodigal Father Pagan Son,Anthony Menginie,2020-04-07,Book,containing descriptions of security risk group material or activity
Product of My Environment - Sex Murder Mayhem,Dannie Beverly,2019-10-15,Book,containing written sexually explicit material involving the use of force or non-consent
Professional Serial Killer & The Career of Ted Bundy,NA,2014-01-21,Book,safety and security reasons
Promiscuities,Naomi Wolf,2012-09-18,Book,containing sexually explicit material
Psilocybin Production,Adam Gottlieb,2013-02-05,Book,describing procedures to brew alcohol or manufacture drugs
Psychedelics Encyclopedia,Peter Stafford,2020-07-21,Book,encouraging or instructing on the commision of criminal activity
Psychology Today,NA,2013-05-07,Magazine/Newspaper,encouraging or instructing on the commision of criminal activity
Puccini Manon Lescaut,n/a,2015-01-20,CD/Audio,safety and security reasons
Puccini: Laboheme,n/a,2015-01-20,CD/Audio,safety and security reasons
Pulling Back the Shades,Gresh & Slattery,2016-01-05,Book,safety and security reasons
Punisher,Max Comics,2021-03-16,Book,encouraging or instructing on the commision of criminal activity
PunisherMax - Kingpin,Jason Aaron,2012-09-04,Book,encouraging or instructing on the commision of criminal activity
Punk: The Definitive Record of a Revolution,S. Colegrave & C. Sullivan,2014-03-04,Book,containing sexually explicit material
Push,Aaron Relentless,2014-07-15,Book,encouraging or instructing on the commision of criminal activity
Push,Tayari Jones,2025-08-05,Book,containing written sexually explicit material involving minors
Pushing Ink,Spider Webb,2021-01-05,Book,containing pictorially explicit nudity
Pygmy,Chuck Palahniuk,2016-10-04,Book,containing sexually explicit material
Quiver,Tobsha Learner,2016-05-17,Book,containing sexually explicit material
REDEMPTION Manual 5 Series / The Uniform Comercial Code,N/A,2022-07-05,Book,containing material influenced by sovereign citizen ideology
Rahmeek and Bella,Mercy B.,2015-03-03,Book,containing sexually explicit material
Random Family,Adrian Nicole LeBlanc,2017-09-19,Book,containing sexually explicit material
Rap Music Exposed: Illuminati Secrets Revealed,Mack Cordell Moore,2020-01-07,Book,containing descriptions of security risk group material or activity
Raw Law: How to Copyright Your Name and Use it to Ward off Authorities,American Civics Research Library,2019-11-05,Book,containing material influenced by sovereign citizen ideology
Reactions,Theodore Gray,2025-06-17,Book,describing procedures to brew alcohol or manufacture drugs
Reader's Digest,NA,2013-01-15,Magazine/Newspaper,encouraging or instructing on the commision of criminal activity
Reader's Digest,NA,2013-11-05,Magazine/Newspaper,encouraging or instructing on the commision of criminal activity
"Real Aliens, Space Beings, and Creatures",Brad Steiger,2013-03-05,Book,containing sexually explicit material
Reason,NA,2013-11-05,Magazine/Newspaper,encouraging or instructing on the commision of criminal activity
Reason,NA,2018-06-05,Magazine/Newspaper,describing procedures to brew alcohol or manufacture drugs
Reason,NA,2021-06-15,Magazine/Newspaper,being detrimental to security for the following reason:
Reclaim your Sovereignty,David E. Robinson,2024-08-06,Book,containing material influenced by sovereign citizen ideology
"Red Army's Do-It-Yourself, Nazi-Bashing Manual, The",Lester Grau and Michael Gress,2012-07-03,Book,encouraging or instructing on the commision of criminal activity
Red Heads,Raffaele Marinetti,2023-05-16,Book,containing written sexually explicit / sado-masochistic behavior
Redemption Manual,McCutcheons Ink,2023-02-07,Book,containing material influenced by sovereign citizen ideology
Redemption Manual,Sovereign Filing Solutions,2025-07-01,Book,containing material influenced by sovereign citizen ideology
Redemption Manual,Sovereign Filing Solutions,2025-07-01,Book,containing material influenced by sovereign citizen ideology
Redemption Manual,Sovereign Filing Solutions,2025-09-16,Book,containing material influenced by sovereign citizen ideology
Redemption Manual,Secured Party Creditor to Sovereign,2025-09-16,Book,containing material influenced by sovereign citizen ideology
Redemption Manual 5 Series,The Uniform Commercial Code,2016-11-01,Book,containing material influenced by sovereign citizen ideology
Redemption Manual 5.0 Series,McCutsheons Ink,2023-03-07,Book,containing material influenced by sovereign citizen ideology
Redemption Manual 5.0 Series,McCutcheons Ink,2023-03-07,Book,containing material influenced by sovereign citizen ideology
Redemption Manual Operating Secured,Sovereign Filing Solutions,2025-07-01,Book,containing material influenced by sovereign citizen ideology
Redemption Manual Series,Manual,2025-12-16,Book,containing material influenced by sovereign citizen ideology
Reflection,Elene Sallinger,2018-02-06,Book,containing sexually explicit material
Release Your Anger: 40 Swear Words to Color Your Away,James Alexander,2016-09-06,Book,describing or encouraging physical violence or group disruption
Released from Bondage,Dr. Neil Anderson,2024-04-02,Book,containing written sexually explicit material involving minors
Remy and Rose,Mz Lady P,2015-05-05,Book,containing sexually explicit material
Renegade Boys: Death by Destruction,Meesha,2020-10-06,Book,containing written sexually explicit material involving the use of force or non-consent
Rent A Girlfirend,Reiji Miyajima,2022-08-16,Book,containing pictorially explicit sexual activity
Rent A Girlfriend,Reija Miyajima,2022-08-16,Book,containing pictorially explicit nudity
Renting Lacy,Linda Smith,2021-07-20,Book,containing written sexually explicit material involving minors
Resist,NA,2014-06-17,Magazine/Newspaper,encouraging or instructing on the commision of criminal activity
Respect,NA,2013-04-16,Magazine/Newspaper,describing or encouraging physical violence or group disruption
Return to the Chateau,Pauline Reage,2013-06-18,Book,containing sexually explicit material
Revelacion Divina,Mary K. Baxter,2012-07-03,Book,encouraging or instructing on the commision of criminal activity
Revelation of the God,B.K. Uallah,2015-05-05,Book,encouraging or instructing on the commision of criminal activity
Revelations,Justice Howard,2020-03-03,Book,containing pictorially explicit nudity
Revelations,Justice Howard,2022-07-05,Book,containing pictorially explicit nudity
Revelations of the Nuwaupians,Paa Munzal Nazdar,2013-08-20,Book,describing or encouraging physical violence or group disruption
Revenge is Best Served Cold,J. J. Jackson,2017-09-05,Book,containing sexually explicit material
Revolution,NA,2013-05-21,Magazine/Newspaper,describing or encouraging physical violence or group disruption
Revolution,NA,2012-08-21,Magazine/Newspaper,encouraging or instructing on the commision of criminal activity
Revolution,NA,2012-08-21,Magazine/Newspaper,encouraging or instructing on the commision of criminal activity
Revolution,NA,2013-09-17,Magazine/Newspaper,describing or encouraging physical violence or group disruption
Revolution,NA,2013-05-07,Magazine/Newspaper,encouraging or instructing on the commision of criminal activity
Revolution,NA,2013-05-07,Magazine/Newspaper,encouraging or instructing on the commision of criminal activity
Revolution,NA,2015-03-17,Magazine/Newspaper,describing or encouraging physical violence or group disruption
Revolution,NA,2013-08-06,Magazine/Newspaper,describing or encouraging physical violence or group disruption
Revolution,NA,2012-08-07,Magazine/Newspaper,encouraging or instructing on the commision of criminal activity
Revolution,NA,2013-09-03,Magazine/Newspaper,describing or encouraging physical violence or group disruption
Revolution,NA,2012-08-07,Magazine/Newspaper,encouraging or instructing on the commision of criminal activity
Revolution,NA,2012-07-03,Magazine/Newspaper,encouraging or instructing on the commision of criminal activity
Revolution,NA,2012-08-07,Magazine/Newspaper,encouraging or instructing on the commision of criminal activity
Revolution,NA,2013-05-21,Magazine/Newspaper,describing or encouraging physical violence or group disruption
Revolution,NA,2013-05-07,Magazine/Newspaper,encouraging or instructing on the commision of criminal activity
Revolution,NA,2015-03-17,Magazine/Newspaper,encouraging or instructing on the commision of criminal activity
Revolution,NA,2014-05-06,Magazine/Newspaper,describing or encouraging physical violence or group disruption
Revolution,NA,2013-05-21,Magazine/Newspaper,describing or encouraging physical violence or group disruption
Revolution,NA,2012-07-03,Magazine/Newspaper,encouraging or instructing on the commision of criminal activity
Revolution,NA,2014-06-17,Magazine/Newspaper,encouraging or instructing on the commision of criminal activity
Revolution,NA,2013-10-15,Magazine/Newspaper,encouraging or instructing on the commision of criminal activity
Revolution,NA,2013-10-15,Magazine/Newspaper,describing or encouraging physical violence or group disruption
Revolver,NA,2013-06-04,Magazine/Newspaper,encouraging or instructing on the commision of criminal activity
Revolver,NA,2015-06-02,Magazine/Newspaper,containing sexually explicit material
Revolver,NA,2013-04-02,Magazine/Newspaper,describing or encouraging physical violence or group disruption
Rhymes & Dimes,NA,2012-07-03,Magazine/Newspaper,containing sexually explicit material
Rhymes & Dimes,NA,2013-03-05,Magazine/Newspaper,containing sexually explicit material
Rick and Morty,ONI Press,2020-11-17,Book,being detrimental to security for the following reason:
Rick and Morty,Rick and Morty Productions,2024-01-02,Book,being detrimental to security for the following reason:
Riding High,Zara Stoneley,2018-05-01,Book,containing sexually explicit material
Riding With Evil,Ken Croke,2023-07-18,Book,describing or encouraging physical violence or group disruption
Riding With Evil,Ken Croke,2023-08-01,Book,describing or encouraging physical violence or group disruption
Rise to Power 3,T.J. Edwards,2025-01-21,Book,containing written sexually explicit material involving the use of force or non-consent
Rising of the Rarri Dynasty,Marcus McBroom,2025-03-18,Book,containing written sexually explicit material involving minors
Rob Zombie presents The Haunted World of El Superbeasto,Rob Zombie,2015-03-03,Book,containing sexually explicit material
Rock Her World,"A. Glasser, aka Seymore Butts",2013-03-05,Book,containing sexually explicit material
Rockability psycobility,Jamie Kendall,2019-07-16,Book,containing pictorially explicit nudity
Rockets & Missiles,A. Bowdoin Van Riper,2013-01-15,Book,containing weapon construction procedures
Rolling Stone,NA,2015-04-21,Magazine/Newspaper,encouraging or instructing on the commision of criminal activity
Rolling Stone,NA,2014-11-04,Magazine/Newspaper,encouraging or instructing on the commision of criminal activity
Rolling Stone,NA,2012-11-06,Magazine/Newspaper,encouraging or instructing on the commision of criminal activity
Rolling Stone,NA,2013-07-02,Magazine/Newspaper,encouraging or instructing on the commision of criminal activity
Rolling Stone,NA,2012-11-20,Magazine/Newspaper,encouraging or instructing on the commision of criminal activity
Ropes and Knots,Charles Stronge,2015-05-05,Book,containing sexually explicit material
Rosebudd The American Pimp,John Dickson,2019-11-05,Book,encouraging or instructing on the commision of criminal activity
Rotten Movies We Love,Paul Feig,2025-01-07,Book,encouraging or instructing on the commision of criminal activity
Rough N' Queeny,Xavier Gicquel,2013-04-02,Book,containing sexually explicit material
Royal Parchment Scroll of Black Supremacy,Pettersburgh,2013-06-04,Book,describing or encouraging physical violence or group disruption
Running With Scissors,Augustine Burroughs,2018-05-15,Book,containing sexually explicit material
Russia: 1941-1942,Will Fowler,2013-06-18,Book,encouraging or instructing on the commision of criminal activity
Russian Criminal Tattoo Encyclopedia,Danzig Baldaev,2014-05-06,Book,containing sexually explicit material
Russian Prison Tattoos,Alix Lambert,2020-07-21,Book,containing pictorially explicit nudity
Ruth Bernhard: The Eternal Body,Ruth Bernhard,2017-08-01,Book,containing sexually explicit material
Ruthless,Cairo,2020-07-07,Book,containing written sexually explicit / sado-masochistic behavior
SAS & Elite Forces Guide Mental Endurance,Chris McNab,2024-12-17,Book,describing fighting techniques
SAS Survival Handbook,John Wiseman,2020-09-01,Book,describing fighting techniques
SSX Black Men,NA,2013-04-02,Magazine/Newspaper,containing sexually explicit material
Sacred Symbols of Dogon,Laird Scranton,2014-04-01,Book,encouraging or instructing on the commision of criminal activity
Sacrifice,Andrew Vachss,2014-10-21,Book,containing sexually explicit material
Sadie,Jane Elliott,2013-07-02,Book,containing sexually explicit material
Safe House,Andrew Vachss,2014-10-21,Book,containing sexually explicit material
Safe Word: An Erotic S/M Novel,Molly Weatherfield,2017-10-03,Book,containing sexually explicit material
Sag Survival  Handbook,John Lofty Wiseman,2020-08-04,Book,being detrimental to security for the following reason:
Saga,B. K. Vaughan & F. Staples,2014-02-04,Book,containing sexually explicit material
Saga,Fiona Staples & Brian K. Vaughn,2025-06-17,Book,containing pictorially explicit sexual activity
Sahih Al-Bukhari,Dr. Muhammad Muhsin Khan,2016-01-08,Book,encouraging or instructing on the commision of criminal activity
Sainted Love,Steve Orlando,2023-12-05,Book,containing pictorially explicit sexual activity
Sainted Love,Steve Orlando,2023-10-17,Book,containing pictorially explicit nudity
Sainted Love,Steve Orlando,2024-02-20,Book,containing pictorially explicit nudity
Sainted Love,Orlando Giopta,2023-12-19,Book,containing pictorially explicit sexual activity
Saki the Succubus Hungers Tonight,Mikokuno Homare,2020-04-07,Book,containing pictorially explicit nudity
Samantha's Story,Cleaver Black,2017-11-21,Book,encouraging or instructing on the commision of criminal activity
Satan Speaks,Anton Szandor LaVey,2015-06-16,Book,encouraging or instructing on the commision of criminal activity
Satan's Affair,H.D. Carlton,2025-10-07,Book,describing or encouraging physical violence or group disruption
Satanic Bible,Anton Szamdpr Lavey,2014-11-04,Book,describing or encouraging physical violence or group disruption
Satanic Rituals,Anton Szandor Lavey,2014-11-04,Book,describing or encouraging physical violence or group disruption
Scandalicious,Allison Hobbs,2013-05-07,Book,containing sexually explicit material
Science Illustrated,NA,2013-03-05,Magazine/Newspaper,encouraging or instructing on the commision of criminal activity
Science: A Definitive Visual Guide,DK Publishing,2012-07-03,Book,encouraging or instructing on the commision of criminal activity
Scientific American Mind,NA,2013-03-05,Magazine/Newspaper,encouraging or instructing on the commision of criminal activity
Scratch and Solve Hangman,Mike Ward,2012-07-03,Book,encouraging or instructing on the commision of criminal activity
Secret Diary of a Call Girl,Anonymous,2015-06-02,Book,containing sexually explicit material
Secret Identity: The Fetish Art of Superman's Co-creator Joe Shuster,Craig Yoe,2013-05-07,Book,containing sexually explicit material
Secret Societies,Time,2012-07-17,Book,encouraging or instructing on the commision of criminal activity
Secrets In The Cellar,John Glatt,2012-10-02,Book,containing sexually explicit material
Secrets of Making and Breaking Codes,Hamilton Nickels,2014-12-16,Book,containing writings in code
Secrets of Tarot,Amanda Hall,2021-02-16,Book,containing physical properties which can be manipulated as a security concern
Secrets of a Jewel,Juliet C,2017-04-18,Book,containing sexually explicit material
Secrets of a Porn Star,Roxy Reynolds,2018-04-03,Book,containing sexually explicit material
Sekirei,Sakurako Gokurakun,2022-08-02,Book,containing pictorially explicit nudity
Selfish,Kim Kardashian,2015-06-02,Book,containing sexually explicit material
Serial Killer,Al Cimino,2022-01-04,Book,containing pictorially explicit sexual activity
Serial Killers The Method and Madness of Monsters,Peter Vronsky,2016-06-07,Book,describing or encouraging physical violence or group disruption
Serial Killers and Psychopaths:True-Life Cases that Shocked the World,Charlotte Greig,2016-12-06,Book,containing sexually explicit material
Serving Him: Sexy Stories of Sumission,Rachel Kramer Bussel,2017-02-21,Book,containing sexually explicit material
Servo,NA,2013-06-04,Magazine/Newspaper,encouraging or instructing on the commision of criminal activity
Seven Years Dead,Chuck Driskell,2020-06-02,Book,containing descriptions of security risk group material or activity
Sex & Drugs & Rock 'n' Roll Over 400 X Rated Photos,Chris Charlesworth,2019-07-16,Book,containing pictorially explicit nudity
Sex Positions,Jasmine Wilder,2026-01-20,Book,containing pictorially explicit sexual activity
"Sex, Drugs, Ratt & Roll",Stephen Pearcy,2013-08-06,Book,encouraging or instructing on the commision of criminal activity
Sex-Ed 101,Enrique Villagran,2021-04-06,Book,containing pictorially explicit sexual activity
Sexual Deliverance Manual,Gene Moody,2018-11-06,Book,"containing language or references that espouse hatred towards specific individuals, races, or religions"
Sexual Personae,Camille Paglia,2013-12-24,Book,containing sexually explicit material
Sexually Astrology,Martine,2020-07-21,Book,containing written sexually explicit / sado-masochistic behavior
Sexwise,Susie Brighs,2012-08-21,Book,containing sexually explicit material
Sexy Tattoo Girl Coloring Book,Tattoo Inc,2024-10-15,Book,containing pictorially explicit nudity
Sham,Brent McCall,2021-09-07,Book,being detrimental to security for the following reason:
Shameless Art,Underwood Books,2013-02-05,Book,containing sexually explicit material
Shameless Art,Underwood Books,2013-09-03,Book,containing sexually explicit material
Shaolin Kung Fu Training Techniques,Donn Draeger,2024-05-21,Book,describing fighting techniques
She Comes First,Ian Kerner,2015-05-19,Book,containing sexually explicit material
She Comes First,Ian Kerner,2022-08-16,Book,containing pictorially explicit sexual activity
She Comes First,Ian Kenner,2025-11-18,Book,containing pictorially explicit nudity
She Fell in Love with A New York Hitta,Infinity,2018-05-01,Book,containing sexually explicit material
She's Dickmatized,Tania Marie,2021-02-02,Book,containing written sexually explicit / sado-masochistic behavior
"She's Mine, She's Yours. She's Wild",Editors of Penthouse,2024-02-06,Book,containing written sexually explicit / sado-masochistic behavior
Sheisty,T.N. Baker,2016-03-01,Book,encouraging or instructing on the commision of criminal activity
Shine,Donny Jacobowitz,2015-03-03,Book,encouraging or instructing on the commision of criminal activity
Shit Magnet,Jim Goad,2023-10-17,Book,"containing language or references that espouse hatred towards specific individuals, races, or religions"
Shomin Sample,"Nanatusuki, Takafumi",2016-06-07,Book,containing sexually explicit material
Shomin Sample,"Nanatusuki, Takafumi",2021-04-06,Book,containing pictorially explicit nudity
Shomin Sample,"Nanatusuki, Takafumi",2019-02-19,Book,containing written sexually explicit material involving minors
Shomin Sample,"Nanatusuki, Takafumi",2021-07-06,Book,containing pictorially explicit sexual activity
Shomin Sample,"Nanatusuki, Takafumi",2018-11-06,Book,containing pictorially explicit nudity
Shomin Sample,"Nanatusuki, Takafumi",2020-01-21,Book,containing written sexually explicit material involving minors
Shomin Sample 1,Takafumi Nanatsuki,2013-04-02,Book,containing pictorially explicit nudity
Shooter's Bible Guide to AR-15s,Doug Howlett,2020-12-15,Book,containing weapon construction procedures
Shooter's Bible Guide to Home Defense,Roger Eckstine,2016-04-05,Book,safety and security reasons
"Shooter's Bible: Guide to Firearms Assembly, Disassembly, and Clearing",Robert Sadowski,2021-05-04,Book,containing weapon construction procedures
Shooting & Selling Your Photos,Jim Zuckerman,2013-07-02,Book,containing sexually explicit material
Show,NA,2013-07-16,Magazine/Newspaper,containing sexually explicit material
Show,NA,2013-03-05,Magazine/Newspaper,containing sexually explicit material
Show Black Lingerie,NA,2013-03-05,Magazine/Newspaper,containing sexually explicit material
Show Girlz.com,NA,2013-02-19,Magazine/Newspaper,containing sexually explicit material
Show Magazine,NA,2012-08-07,Magazine/Newspaper,containing sexually explicit material
Show Me,Celia May Hart,2012-09-18,Book,encouraging or instructing on the commision of criminal activity
Show Me How,Derek Fagerstrom & Lauren Smith,2020-09-01,Book,being detrimental to security for the following reason:
Show: The Art of Sexy Magazine,NA,2013-03-05,Magazine/Newspaper,containing sexually explicit material
Sick Bastards,Matt Shaw,2017-11-21,Book,encouraging or instructing on the commision of criminal activity
Sick City,Tony O'Neill,2013-05-07,Book,containing sexually explicit material
Silverview,John Le Carre,2022-10-18,Book,not being included in the original store packaging
Simplified Tai Chi Chuan,S. Liang & W. Wu,2015-07-21,Book,safety and security reasons
Sister to Sister,NA,2013-07-16,Magazine/Newspaper,encouraging or instructing on the commision of criminal activity
Sketching and Drawing,Matt Pagett,2014-04-01,Book,safety and security reasons
Skin Art,NA,2013-11-05,Magazine/Newspaper,containing sexually explicit material
Skin Graf Masters of Gaffiti Tattoo,McLeer Burke,2015-07-07,Book,describing or encouraging physical violence or group disruption
Skin Tight The Art of Marcus Gray,NA,2012-08-21,Magazine/Newspaper,containing sexually explicit material
Skunk,NA,2017-04-04,Magazine/Newspaper,encouraging or instructing on the commision of criminal activity
Skunk,NA,2015-10-06,Magazine/Newspaper,encouraging or instructing on the commision of criminal activity
Slave Girl,Sarah Forsyth,2024-12-17,Book,containing written sexually explicit material involving minors
Slave Girl,Sarah Forsyth,2025-01-21,Book,containing written sexually explicit material involving minors
Slave Girls,D. L. King,2015-02-17,Book,containing sexually explicit material
Slave to the Trade,Percy Levy,2014-04-01,Book,containing sexually explicit material
Sleepers,Lorenzo Corcaterra,2018-06-19,Book,containing sexually explicit material
Sleeping with the Enemy,W. Clark & K. Swinson,2016-09-06,Book,encouraging or instructing on the commision of criminal activity
Slippery When Wet,Cairo,2015-10-06,Book,containing sexually explicit material
Slow Sex Secrets Lessons,Adam Tokunaga,2025-05-06,Book,containing pictorially explicit nudity
Smoke Signals,Martin Lee,2013-08-06,Book,encouraging or instructing on the commision of criminal activity
Smokin' Hot Firemen,Delilah Devlin,2017-06-20,Book,containing sexually explicit material
Smooth Girl,NA,2012-08-07,Magazine/Newspaper,containing sexually explicit material
Smooth Girl,NA,2013-07-16,Magazine/Newspaper,containing sexually explicit material
Smooth Girl,NA,2012-08-07,Magazine/Newspaper,containing sexually explicit material
Smooth Girl,NA,2013-11-19,Magazine/Newspaper,containing sexually explicit material
Sneaky Science Tricks,Cy Tymany,2014-12-16,Book,safety and security reasons
Snow White,Anna J,2025-07-15,Book,containing written sexually explicit material involving minors
Snowpiercer,Jaques Lob & Jean-Marc Rochette,2021-06-15,Book,containing pictorially explicit nudity
Snowpiercer,Jaques Lob & Jean-Marc Rochette,2021-06-15,Book,containing pictorially explicit nudity
Snowpiercer,Jaques Lob & Jean-Marc Rochette,2021-06-15,Book,containing pictorially explicit nudity
Soft Cocaine Love Stories,B. George & C. McGill,2015-04-07,Book,containing sexually explicit material
"Soldaten - On Fighting, Killing and Dying",Sonke Neitzel,2013-06-18,Book,containing sexually explicit material
Soldier Boy,Keely Hutton,2022-10-18,Book,not being included in the original store packaging
Soldier of Fortune,NA,2015-01-06,Magazine/Newspaper,describing or encouraging physical violence or group disruption
Soldier of Fortune Guide to How to Become a Mercenary,Barry Davies,2014-03-18,Book,encouraging or instructing on the commision of criminal activity
Soldier of Fortune Guide to How to Disappear and Never be Found,Barry Davies,2014-11-04,Book,encouraging or instructing on the commision of criminal activity
Soldier of Fortune Guide to Super Sniper,Robert K. Brown,2014-12-16,Book,safety and security reasons
Some Like it Rough,Kate Pearce,2019-05-07,Book,containing written sexually explicit / sado-masochistic behavior
Son of a Guna,Robert George III,2020-11-17,Book,containing descriptions of security risk group material or activity
Sosa from Scarface,Lou Garden Price,2022-05-17,Book,containing written sexually explicit material involving the use of force or non-consent
Spank!,Fernando Caretta,2021-07-06,Book,containing pictorially explicit nudity
Spanked,Rachel Kramer Bussel,2012-10-16,Book,containing sexually explicit material
Special Forces Fitness Training,Augusta Dejuan Hathaway,2016-10-18,Book,describing or encouraging physical violence or group disruption
Spectrum 10,Fenner & Fenner,2016-10-04,Book,containing sexually explicit material
Spectrum 11,Fenner & Fenner,2016-10-04,Book,containing sexually explicit material
Spectrum 12,Fenner & Fenner,2016-10-04,Book,containing sexually explicit material
Spectrum 13,Fenner & Fenner,2016-10-04,Book,containing sexually explicit material
Spectrum 15,Fenner & Fenner,2016-06-21,Book,containing sexually explicit material
Spectrum 16,Fenner & Fenner,2016-06-21,Book,containing sexually explicit material
Spectrum 17,Fenner & Fenner,2016-06-21,Book,containing sexually explicit material
Spectrum 18,Fenner & Fenner,2016-10-04,Book,containing sexually explicit material
Spectrum 19,Fenner & Fenner,2016-10-04,Book,containing sexually explicit material
Spectrum 20,Fenner & Fenner,2016-06-21,Book,containing sexually explicit material
Spectrum 23,John Fleskes,2021-04-20,Book,containing pictorially explicit nudity
Spectrum 26,John Fleskes,2021-04-20,Book,containing pictorially explicit nudity
Spectrum 6,Fenner & Fenner,2016-10-04,Book,containing sexually explicit material
Spectrum 9,Fenner & Fenner,2016-10-04,Book,containing sexually explicit material
Spells & Magic - The Little Giant Encyclopedia,The Dragon Group,2013-07-16,Book,encouraging or instructing on the commision of criminal activity
Spice & Wolf,"Hasekura, Isuna",2018-02-06,Book,containing sexually explicit material
Spice & Wolf Vol 1,Isuna Hasekura,2022-04-19,Book,containing pictorially explicit nudity
"Spicy Bedtime Companion, The",Joan Elizabeth Lloyd,2012-10-16,Book,containing sexually explicit material
Spilled Milk,K.L. Randis,2018-06-05,Book,containing sexually explicit material
Spin:20 Years of Alternative Music,Will Hermes,2016-07-19,Book,containing sexually explicit material
Spirit of the Huaorani,Pete Oxford & Renee Bish,2013-02-05,Book,containing sexually explicit material
Sport Illustrated Swimsuit 50 Years of Beautiful,Editors of Sports Illustrated,2016-07-19,Book,containing sexually explicit material
Sports Illustrated,Authors of Sports Illustratred,2017-02-07,Book,containing sexually explicit material
Sports Illustrated,Authors of Sports Illustratred,2015-10-20,Book,containing sexually explicit material
Sports Illustrated,Authors of Sports Illustratred,2015-10-20,Book,containing sexually explicit material
Sports Illustrated,NA,2016-07-19,Magazine/Newspaper,containing sexually explicit material
Sports Illustrated,Authors of Sports Illustratred,2017-10-17,Book,containing sexually explicit material
Sports Illustrated,Authors of Sports Illustratred,2017-02-21,Book,containing sexually explicit material
Sports Illustrated,Authors of Sports Illustratred,2018-02-20,Book,containing sexually explicit material
Sports Illustrated Swimsuit,NA,2013-03-05,Magazine/Newspaper,containing sexually explicit material
Sports Illustrated Swimsuit,NA,2017-03-07,Magazine/Newspaper,containing sexually explicit material
Sports Illustrated The Complete Swimsuit,NA,2014-11-04,Book,containing sexually explicit material
Spy Secrets That Can Save Your Life,Jason Hanson,2016-02-02,Book,describing or encouraging escape methods
Spychips,Katherine Albrecht & ...,2012-12-18,Book,encouraging or instructing on the commision of criminal activity
Stack Before You Splurge,A. Roy Milligan,2020-12-15,Book,containing written sexually explicit / sado-masochistic behavior
Stag Movie Actress,Past Venus Press,2013-02-05,Magazine/Newspaper,containing sexually explicit material
Starport,George R.R. Martin,2021-03-02,Book,containing pictorially explicit sexual activity
Start Healthy,Felicia Williams,2022-10-18,Magazine/Newspaper,not being included in the original store packaging
State v Us,NA,2018-09-04,Magazine/Newspaper,safety and security reasons
Steady Mobbin' 2,Marcellus Allen,2020-01-07,Book,containing descriptions of security risk group material or activity
Steampunk Rising,Sandra Chang -Adair,2021-04-20,Book,containing pictorially explicit nudity
Stella Does Hollywood,Stella Black,2014-08-05,Book,containing sexually explicit material
Stick UP Kids,Richard McCarthy,2015-06-16,Book,containing sexually explicit material
Stikck Up Kids II,Richard McCarthy,2016-07-19,Book,safety and security reasons
Stories of Annal Eroticism,Alison Tyler,2016-06-07,Book,containing sexually explicit material
Straight Stuntin,NA,2016-12-20,Magazine/Newspaper,containing sexually explicit material
Straight Stuntin,NA,2013-07-16,Magazine/Newspaper,containing sexually explicit material
Straight Stuntin,NA,2014-11-04,Magazine/Newspaper,containing sexually explicit material
Straight Stuntin,NA,2013-07-16,Magazine/Newspaper,containing sexually explicit material
Straight Stuntin,NA,2012-07-03,Magazine/Newspaper,containing sexually explicit material
Straight Stuntin,NA,2012-09-18,Magazine/Newspaper,containing sexually explicit material
Straight Stuntin,NA,2020-04-21,Magazine/Newspaper,containing pictorially explicit nudity
Straight Stuntin,NA,2020-05-05,Magazine/Newspaper,containing pictorially explicit nudity
Straight Stuntin,NA,2014-08-19,Magazine/Newspaper,containing sexually explicit material
Straight Stuntin,NA,2013-06-04,Magazine/Newspaper,containing sexually explicit material
Straight Stuntin,NA,2013-06-04,Magazine/Newspaper,containing sexually explicit material
Street Art From Around the World,Gary Hunter,2015-06-02,Book,describing or encouraging physical violence or group disruption
Street Kings,Damien Baker,2017-03-07,Book,encouraging or instructing on the commision of criminal activity
Street Kings 2,Damien Baker,2017-03-07,Book,encouraging or instructing on the commision of criminal activity
Street Legend 2,Seth Ferranti,2022-05-17,Book,encouraging or instructing on the commision of criminal activity
Street Legends,Seth Ferranti,2022-05-17,Book,encouraging or instructing on the commision of criminal activity
Street Walkers,Scot Sothern,2021-04-20,Book,containing pictorially explicit nudity
Streetwise Spycraft,Barry Davies,2015-09-15,Book,safety and security reasons
Strega,Andrew Vachss,2020-03-03,Book,containing pictorially explicit nudity
Striking a pose,Anita Kunz,2023-12-05,Book,containing pictorially explicit nudity
StripLV,NA,2018-11-06,Magazine/Newspaper,containing pictorially explicit nudity
Stripped Down: Lesbian Sex Stories,Tristan Taurmino,2017-02-21,Book,containing sexually explicit material
Striptease,Dita Von Teese,2012-08-21,Book,encouraging or instructing on the commision of criminal activity
Strokers,The Erotica Notebook,2024-06-04,Book,containing pictorially explicit nudity
Student Insurgent,NA,2013-02-19,Magazine/Newspaper,encouraging or instructing on the commision of criminal activity
Subversive Beauty,Rojo,2013-10-01,Book,containing sexually explicit material
Successful Glamour Photography,Duncan Evans and John Kelly,2014-10-07,Book,containing sexually explicit material
Suffer the Little Children,Barbara Davis,2014-08-19,Book,containing sexually explicit material
Sugar Daddy,Sawyer Bennett,2020-04-07,Book,containing writings in code
Suicide Blonde,Darcy Steinke,2017-05-02,Book,encouraging or instructing on the commision of criminal activity
Super Joints,Pavel Tsatsquline,2020-09-01,Book,describing fighting techniques
SuperHeros After Dark 2: Nightfall,Shade,2020-12-15,Book,containing pictorially explicit sexual activity
Superior Tattoo Bible,Superior Tattoo,2024-09-03,Book,containing pictorially explicit nudity
Surrogate Sisters,Unknown,2017-09-05,Book,containing sexually explicit material
Surrogate Sisters,Unknown,2017-09-05,Book,containing sexually explicit material
Surrogate Sisters,Unknown,2017-09-05,Book,containing sexually explicit material
Surrogate Sisters,Unknown,2017-09-05,Book,containing sexually explicit material
Surrogate Sisters,Unknown,2017-09-05,Book,containing sexually explicit material
Surrogate Sisters,Unknown,2017-09-05,Book,containing sexually explicit material
Survival Guide,NA,2021-04-06,Magazine/Newspaper,being detrimental to security for the following reason:
Survival Hacks,Creek Stewart,2020-09-15,Book,being detrimental to security for the following reason:
Survival Handbook,Marc Sumerak,2020-07-07,Book,being detrimental to security for the following reason:
Survival Wisdom & Know How: Everything You Need to Know to Subsist in the Wilderness,Amy Rost,2019-01-15,Book,containing weapon construction procedures
Survive Anywhere: How to thrive in any Environment,Outdoor Life,2020-05-19,Book,containing weapon construction procedures
Survivor's Edge,NA,2020-08-04,Magazine/Newspaper,being detrimental to security for the following reason:
Survivor's Edge,NA,2020-01-07,Magazine/Newspaper,containing weapon construction procedures
Swamp Man,Donald Goines,2020-10-20,Book,containing written sexually explicit material involving the use of force or non-consent
Sweet Jones Pimp C's Trill Life Story,Julia Beverly,2019-04-16,Book,containing descriptions of security risk group material or activity
Sweet Paprika,Mirka Andolfo,2025-01-21,Book,containing pictorially explicit sexual activity
"Sweet Paprika-Black, White & Pink",Mirka Andolfo,2023-04-18,Book,containing pictorially explicit sexual activity
Sweet Submissions,Publications,2023-02-21,Book,containing written sexually explicit material involving the use of force or non-consent
Sweet Things,Keith Garvey,2023-01-17,Book,containing pictorially explicit nudity
Sweets,NA,2013-04-16,Magazine/Newspaper,containing sexually explicit material
Sweets,NA,2012-07-03,Magazine/Newspaper,containing sexually explicit material
Sweets,NA,2015-10-06,Magazine/Newspaper,encouraging or instructing on the commision of criminal activity
Sweets,NA,2012-12-18,Magazine/Newspaper,containing sexually explicit material
Swimsuit Book,James Patterson,2016-07-19,Book,containing sexually explicit material
Swimsuit Portfolio: The Explorers Edition,Sports Illustrated,2018-06-05,Book,containing sexually explicit material
Swimsuit Portfolio: The Explorers Edition,Sports Illustrated,2015-04-21,Book,containing sexually explicit material
Swingers,Torcian Ferguson,2016-05-17,Book,containing sexually explicit material
Sword Song Volume One,Sisterhood of Steel,2015-01-20,Book,containing sexually explicit material
Symbology: The Psychological Covert War On Hip Hop,Professor Griff,2020-10-06,Book,containing descriptions of security risk group material or activity
T'ai Chi Step by Steb,Andrew Popovic,2015-07-21,Book,safety and security reasons
TAB Battery Book,Michael Root,2014-11-04,Book,describing or encouraging physical violence or group disruption
TEACH ME TOO,Enrique Villaram,2022-12-06,Book,containing pictorially explicit sexual activity
TIKHAL - The Continuation,Alexander Shulgin & Ann Shulgin,2022-12-06,Book,containing writings in code
Tabu,Tabu Tattoo,2022-09-06,Magazine/Newspaper,containing pictorially explicit nudity
Tabu #69,Tabu Tattoo,2022-09-06,Magazine/Newspaper,containing pictorially explicit nudity
Tacenda,NA,2013-07-16,Magazine/Newspaper,encouraging or instructing on the commision of criminal activity
Tafseer Soorah Al-Hujurat,Dr. Abu Philips,2017-10-17,Book,containing weapon construction procedures
Tag Man,Archer Mayor,2013-07-02,Book,encouraging or instructing on the commision of criminal activity
Tai Chi Chuan Classical Yang Style,"Dr. Yang, Jwing-Ming",2020-08-04,Book,describing fighting techniques
Tai Chi Dynamics,Robert Chuckrow,2020-09-01,Book,describing fighting techniques
Tai Chi Tutor,Dan Doucherty,2019-08-20,Book,describing fighting techniques
Take Money,Tony Moda,2014-11-04,Book,encouraging or instructing on the commision of criminal activity
Takin' it to Another Level: In the Beginning Book 1,Darryl God Whiting,2016-08-02,Book,encouraging or instructing on the commision of criminal activity
Tales of Ordinary Madness,Charles Bukowski,2020-10-06,Book,containing written sexually explicit material involving the use of force or non-consent
Tank Girl Gold,Martin and Parson,2019-02-05,Book,containing pictorially explicit nudity
Tank Girl One,Hewlett & Martin,2015-10-20,Book,containing sexually explicit material
Tank Girl Three,Hewlett & Martin,2015-10-20,Book,containing sexually explicit material
Tank Girl Two,Hewlett & Martin,2015-10-20,Book,containing sexually explicit material
Tao II-Master ZHI Gang SHA,NA,2014-04-01,Book,safety and security reasons
Tao of Jeet Kune Do,Bruce Lee,2015-01-06,Book,describing fighting techniques
Tarot Book & Card Deck,Alice Ekrek,2022-04-19,Book,containing pictorially explicit nudity
"Taste of Home Baking Book, The",Reader's Digest,2012-10-16,Book,encouraging or instructing on the commision of criminal activity
Tatoo,NA,2013-05-21,Magazine/Newspaper,describing or encouraging physical violence or group disruption
Tattoo,NA,2014-09-16,Magazine/Newspaper,encouraging or instructing on the commision of criminal activity
Tattoo Art,Lal Hardy,2022-10-18,Book,not being included in the original store packaging
Tattoo Art of Freddy  Negrete,Freddy Negrete,2019-07-16,Book,containing descriptions of security risk group material or activity
Tattoo Design Directory,Vince Hemingson,2012-08-21,Book,encouraging or instructing on the commision of criminal activity
Tattoo Life,NA,2020-04-07,Magazine/Newspaper,being detrimental to security for the following reason:
Tattoo Life,NA,2013-03-05,Magazine/Newspaper,containing sexually explicit material
Tattoo Oriental Special,NA,2013-03-05,Magazine/Newspaper,containing sexually explicit material
Tattoo Revue,Tattoo Revue Magazine,2023-03-21,Magazine/Newspaper,containing descriptions of security risk group material or activity
Tattoo Road Trip California Cover,Bob Baxter,2020-02-18,Book,containing pictorially explicit sexual activity
Tattoo Savage,NA,2015-02-03,Magazine/Newspaper,encouraging or instructing on the commision of criminal activity
Tattoo Society,Cam Supply Inc.,2022-10-18,Magazine/Newspaper,containing pictorially explicit nudity
Tattoo Society,NA,2020-09-15,Magazine/Newspaper,containing pictorially explicit nudity
Tattoo Super Models,Christian Saint,2018-09-18,Book,containing pictorially explicit nudity
Tattooed & Pierced,B. Johnson & V. Stanton,2015-04-07,Book,containing sexually explicit material
Tattooed Beauties,Christian Saint,2020-11-03,Book,containing pictorially explicit nudity
Tattooed Women,Spider Webb,2019-04-02,Book,containing pictorially explicit nudity
Tattoos For Men,NA,2013-03-05,Magazine/Newspaper,containing sexually explicit material
Tatz,Stefano Mazzotti,2023-01-17,Book,containing pictorially explicit nudity
Taunton's Plumbing Complete,Rex Cauldwell,2014-01-21,Book,safety and security reasons
Teach Me A Lesson,Jasmine Haynes,2016-03-01,Book,containing sexually explicit material
Teach Me Too,Enrique Villagram,2023-01-17,Book,containing pictorially explicit sexual activity
Teach Yourself Electricity and Electronics 5th Ed,Stan Gibilisco,2013-02-05,Book,encouraging or instructing on the commision of criminal activity
Teaches Japanese Shibari,Kahboom,2022-06-21,Book,containing pictorially explicit nudity
Team Savage,Ace Boogie,2023-05-02,Book,describing or encouraging physical violence or group disruption
Teardowns:  Learn How Electronics Work by Taking Them Apart,Bryan Bergeron,2014-12-02,Book,encouraging or instructing on the commision of criminal activity
Tears in the Trap,Blake Karrington,2024-07-02,Book,containing written sexually explicit material involving minors
Tease and Please,Adrian Velez,2023-05-16,Book,containing pictorially explicit nudity
Ted Bundy,Al Cimino,2023-09-05,Book,containing written sexually explicit / sado-masochistic behavior
Temporary Tattoos For Girls,NA,2013-05-07,Magazine/Newspaper,encouraging or instructing on the commision of criminal activity
Terry The Tramp,K. Randall Ball,2017-03-21,Book,encouraging or instructing on the commision of criminal activity
Testament of Sister New Devil STORM Rated MATURE,Tetsuto Uesu,2020-07-21,Book,containing pictorially explicit nudity
Testament of Sister New Devil STORM Rated MATURE,Tetsuto Uesu,2020-06-16,Book,containing pictorially explicit nudity
That Sik Luv,Jecie Hall,2024-08-20,Book,containing written sexually explicit / sado-masochistic behavior
The 33 Laws of Being Rich Forever,David Weaver,2019-03-19,Book,encouraging or instructing on the commision of criminal activity
The 36 Deadly Bubishi Points,Rand Cardwell,2021-12-07,Book,describing or encouraging physical violence or group disruption
The 4-Hour Body,Tim Ferriss,2018-03-06,Book,containing sexually explicit material
The Abolitionist,NA,2014-02-04,Magazine/Newspaper,describing or encouraging physical violence or group disruption
The Abolitionist,NA,2012-09-18,Magazine/Newspaper,encouraging or instructing on the commision of criminal activity
The Abolitionist,NA,2013-06-18,Magazine/Newspaper,encouraging or instructing on the commision of criminal activity
The Abolitionist,NA,2013-10-01,Magazine/Newspaper,describing or encouraging physical violence or group disruption
The Abolitionist,NA,2013-07-02,Magazine/Newspaper,encouraging or instructing on the commision of criminal activity
The Abolitionist,NA,2016-09-06,Magazine/Newspaper,describing or encouraging physical violence or group disruption
The Adventures of Mountain Men,Stephen Brennan,2021-06-01,Book,containing weapon construction procedures
The African Lookbook,Catherine E.McKinley,2021-05-18,Book,being detrimental to security for the following reason:
The Ages of Lulu,Almudena Grandes,2013-07-02,Book,containing sexually explicit material
The American Bulletin Publisher,NA,2019-12-03,Magazine/Newspaper,containing material influenced by sovereign citizen ideology
The American's Bulletin,NA,2017-03-21,Magazine/Newspaper,encouraging or instructing on the commision of criminal activity
The American's Bulletin,NA,2013-12-03,Magazine/Newspaper,encouraging or instructing on the commision of criminal activity
The American's Bulletin,NA,2013-10-15,Magazine/Newspaper,describing or encouraging physical violence or group disruption
The Anal Sex Position Guide,Tristan Taurmino,2016-07-19,Book,containing sexually explicit material
The Anal Sex Position Guide,Tristan Taurmino,2016-08-02,Book,containing sexually explicit material
The Anatomical Venus,Unknown,2017-09-05,Book,containing sexually explicit material
The Antichrist 666,William Sutton,2015-03-17,Book,describing or encouraging physical violence or group disruption
The Art of Caretta Hard Candy,Fernando Carretta,2017-10-17,Book,containing sexually explicit material
The Art of Gennadiy Koufay,Gennadiy Koufay,2018-10-02,Book,containing pictorially explicit nudity
The Art of Invisibility,Kevin Mitnick,2022-09-06,Book,encouraging or instructing on the commision of criminal activity
The Art of Jack Henslee: Pretty Ladies,SQP Inc.,2023-03-07,Book,containing pictorially explicit nudity
The Art of James Hottinger,James Hottinger,2015-03-17,Book,containing sexually explicit material
The Art of Jose Cano,Unknown,2018-10-16,Book,containing pictorially explicit nudity
The Art of Jose Del Nido Deadly Seductions,Jose Del Nido,2015-04-07,Book,containing sexually explicit material
The Art of Maxx Marshall,Maxx Marshall,2021-03-02,Book,containing pictorially explicit nudity
The Art of Pelaez,Pelaez,2021-03-02,Book,containing pictorially explicit nudity
The Art of Pretty Ladies,Jack Henslee,2023-08-01,Book,containing written sexually explicit / sado-masochistic behavior
The Art of Psychological Warfare: How to Skillfully Influence People Undetected and How to Mentally Subdue Your Enermies in Stealth Node,Michael T. Stevens,2020-02-18,Book,being detrimental to security for the following reason:
The Art of Punk,R. Bestley & A. Ugg,2015-01-06,Book,containing sexually explicit material
The Art of Sensual Massage,Gordon Inkeles,2016-07-19,Book,containing sexually explicit material
The Art of Sexual Ecstasy,Margot Anand,2013-02-19,Book,containing sexually explicit material
The Art of the Con,R. Paul. Wilson,2025-06-17,Book,encouraging or instructing on the commision of criminal activity
The Art of the Pimp,Dennis Hof,2015-05-05,Book,containing sexually explicit material
The Atlantic,NA,2013-12-03,Magazine/Newspaper,encouraging or instructing on the commision of criminal activity
The Atlantic,NA,2014-10-21,Magazine/Newspaper,describing or encouraging physical violence or group disruption
The Atlantic,NA,2013-08-20,Magazine/Newspaper,encouraging or instructing on the commision of criminal activity
The Average American Male,David Kultgen,2015-01-06,Book,containing sexually explicit material
The Backwoodsman,NA,2020-07-07,Magazine/Newspaper,containing pictorially explicit sexual activity
The Backwoodsman,NA,2021-03-16,Magazine/Newspaper,describing or encouraging physical violence or group disruption
The Backwoodsman,NA,2020-04-21,Magazine/Newspaper,containing weapon construction procedures
The Basics of Hacking and Penetration Testing,Patrick Engebretson,2018-09-04,Book,encouraging or instructing on the commision of criminal activity
The Basketball Diaries,Jim Carroll,2015-02-03,Book,containing sexually explicit material
The Beauty,Jeremy Haun,2018-12-04,Book,containing pictorially explicit nudity
The Bedwetter,Sarah Silverman,2014-09-16,Book,containing sexually explicit material
The Best Oral Sex Ever,Yvonne K. Fulbright,2020-11-03,Book,containing pictorially explicit sexual activity
The Bible of the Adversary,Michael W. Ford,2023-10-17,Book,containing writings in code
The Big Black Book of Sex Positions,Jennifer Baritchi,2020-07-07,Book,containing pictorially explicit sexual activity
The Big Book Of Serial Killers,Jack Rosewood,2023-06-20,Book,containing written sexually explicit material involving minors
The Big Book of Bondage,Alison Tyler,2019-03-19,Book,containing written sexually explicit material involving the use of force or non-consent
The Big Book of Domination,D. L. King,2019-05-21,Book,containing written sexually explicit material involving the use of force or non-consent
The Big Book of Hacks,Doug Cantor,2013-02-05,Book,encouraging or instructing on the commision of criminal activity
The Big Book of Kink,Alison Tyler,2018-07-17,Book,containing sexually explicit material
The Big Book of Maker Space,Collen & Aaron Graves,2018-06-05,Book,safety and security reasons
The Big Book of Submission,Kramer Bussel,2015-11-03,Book,containing sexually explicit material
The Black Arts,Richard Covendish,2021-03-16,Book,containing writings in code
The Black Book,Doll,2020-05-19,Book,containing pictorially explicit nudity
The Black Book of Sex Position,Jennifer Baritchi,2020-05-05,Book,containing pictorially explicit nudity
The Black Hand,Chris Blatchford,2015-03-17,Book,encouraging or instructing on the commision of criminal activity
The Black Panther Intercommunal News Service 1967-1980,David Hilliard,2014-02-04,Book,safety and security reasons
The Blue-Eyed Beast,Minister Neal N. Jackson,2018-11-06,Book,"containing language or references that espouse hatred towards specific individuals, races, or religions"
The Book of Black Magic,Edward Waite,2017-11-07,Book,safety and security reasons
The Book of Five Rings,"Musashi, Miyamoto",2018-03-06,Book,safety and security reasons
The Book of Grimoires,Lecouteux,2014-09-02,Book,containing writings in code
The Book of Kink,Alison Tyler,2025-08-05,Book,containing written sexually explicit / sado-masochistic behavior
The Book of Truth,Aleister Crowley,2020-01-07,Book,containing pictorially explicit nudity
The Boys:,"Garth Ennis, Darick Robertson",2013-04-02,Book,containing pictorially explicit sexual activity
The Boys: Vol. 1 The Name of the Game,Garth Ennis,2019-11-05,Book,containing pictorially explicit sexual activity
The Brian Glaze Gibbs Story- Beyond Lucky,Brian Glaze Gibbs w/ Joseph A. Verula,2017-08-15,Book,encouraging or instructing on the commision of criminal activity
The Broken Flower,BJ Tryon,2022-03-01,Book,being detrimental to security for the following reason:
The Broken Vessel,Dody Davis,2021-03-02,Book,encouraging or instructing on the commision of criminal activity
The Brooklyn Boosters,Cleve Lewis,2023-01-17,Book,encouraging or instructing on the commision of criminal activity
The Brooklyn Boosters,Cleve W. Lewis,2024-04-16,Book,describing or encouraging physical violence or group disruption
The Brooklyn Boosters,Cleve W. Lewis,2025-08-19,Book,encouraging or instructing on the commision of criminal activity
The Budk Catalog,NA,2017-01-03,Magazine/Newspaper,safety and security reasons
The Butterfly Garden,Dot Hutchinson,2017-05-16,Book,containing sexually explicit material
The California Saga,Chunichi,2015-01-06,Book,encouraging or instructing on the commision of criminal activity
The Calming of Sleeping Beauty,Ann Rice,2016-08-02,Book,containing sexually explicit material
The Candy Man of Houston: The Dean Corll Story,Brian Lee Tucker,2016-09-06,Book,containing sexually explicit material
The Cannibis Encyclopedia,George Van Patten aka Jorge Cervantes,2018-09-18,Book,encouraging or instructing on the commision of criminal activity
The Capitalist Roaders,China Study Group,2020-01-07,Book,containing physical properties which can be manipulated as a security concern
The Cartel Deluxe Edition,Ashley & Jaquavis,2025-11-04,Book,containing written sexually explicit material involving minors
The Catalog of Cruelty,Steve Santini,2023-07-18,Book,"containing language or references that espouse hatred towards specific individuals, races, or religions"
The Catalog of Cruelty,Steve Santini,2023-08-01,Book,containing pictorially explicit nudity
The Chain,Adrian McKinty,2019-08-06,Book,encouraging or instructing on the commision of criminal activity
The Circle: Rain's Story,Treasure E. Blue,2016-04-05,Book,safety and security reasons
The Claiming of Sleeping Beauty,Anne Rice,2021-03-02,Book,containing written sexually explicit / sado-masochistic behavior
The Clitoral Truth,Rebecca Chalker,2019-07-02,Book,containing pictorially explicit sexual activity
The Code Book,Simon Singh,2015-12-15,Book,containing writings in code
The Code of the Hills,Nancy Allen,2019-08-20,Book,containing written sexually explicit material involving minors
The Coming of the Night,John Rechy,2020-09-15,Book,containing written sexually explicit / sado-masochistic behavior
The Complete Art of Tattooing,Erick Alayon,2018-03-20,Book,safety and security reasons
The Complete Book of Five Rings,Miyamoto Musashi Edited by Kenji Tokitsu,2013-04-16,Book,encouraging or instructing on the commision of criminal activity
The Complete Book of Tai Chi Chuan,Wong Kiw Kit,2017-03-21,Book,describing or encouraging physical violence or group disruption
The Complete Boxing Handbook,Peter Karander,2024-06-04,Book,describing fighting techniques
The Complete Clive Barker's The Great and Secret Show,C. Ryall & G. Rodriguez,2014-11-18,Book,containing sexually explicit material
The Complete Guide to Finishing Basements,Black &,2013-08-20,Book,safety and security reasons
The Complete Idiot's Guide to Private Investigating,Steven Kerry Brown,2021-03-16,Book,encouraging or instructing on the commision of criminal activity
The Complete Idiot's Guide to Psychic Awareness,L. Robinson &L. Carlson,2013-09-17,Book,encouraging or instructing on the commision of criminal activity
The Complete Idiot's Guide to T'ai Chi & QiGong,Bill Douglas,2014-03-18,Book,encouraging or instructing on the commision of criminal activity
The Complete SAS Survival Manual,Barry Davies,2017-03-07,Book,encouraging or instructing on the commision of criminal activity
The Counter Terrorist Manual,Leroy Thompson,2014-02-04,Book,safety and security reasons
The Craft of Tattooing,Erick Alayon,2013-01-15,Book,encouraging or instructing on the commision of criminal activity
The Crow,James O'Barr,2021-08-03,Book,containing pictorially explicit sexual activity
The Cultural Encyclopedia of the the Breast,Meril D. Smith,2021-07-06,Book,being detrimental to security for the following reason:
The Darkest Web,Eileen Ormsby,2023-08-15,Book,containing written sexually explicit / sado-masochistic behavior
The Deception of Allah - A Book Muslims Don't Want You to Read,Christian Prince,2020-09-01,Book,containing written sexually explicit material involving minors
The Definitive Frazetta Reference,James A. Bond,2016-05-03,Book,containing sexually explicit material
The Devil Made Me Do It!,Juliet Haines Moffard,2012-07-17,Book,containing sexually explicit material
The Devil's Advocates,Michael S. Lief,2012-11-06,Book,containing sexually explicit material
The Devil's Secret,Hinako Takanaga,2020-08-18,Book,containing pictorially explicit sexual activity
The Dimiter,William Peter Blatty,2013-01-15,Book,encouraging or instructing on the commision of criminal activity
The Discipline 1,Peter Mulligan,2016-06-07,Book,containing sexually explicit material
The Doors of Perception,Aldous Huxley,2022-08-16,Book,encouraging or instructing on the commision of criminal activity
The Doors of Perception,Aldous Huxley,2015-01-06,Book,encouraging or instructing on the commision of criminal activity
The Dope Game Misadventures,Seth Ferranti,2017-04-04,Book,encouraging or instructing on the commision of criminal activity
The Dope Game of Fat Cat & Pappy Mason,Seth Ferranti,2022-05-17,Book,describing or encouraging physical violence or group disruption
The Drunken Botanist,Amy Stewart,2015-04-21,Book,describing procedures to brew alcohol or manufacture drugs
The Element Encyclopedia of Secret Signs and Symbols,Adele Nozedar,2013-12-24,Book,encouraging or instructing on the commision of criminal activity
The Elite Forces Manual of Mental & Physical Endurance,Alexander Stilwell,2018-09-18,Book,describing fighting techniques
The Encyclopedia of Reggae,Mike Alleyne,2015-04-07,Book,containing sexually explicit material
The Encyclopedia of Taekwon-Do Patterns,Stuart Anslow,2014-10-07,Book,describing or encouraging physical violence or group disruption
The Erotic Sentiment in the Paintings of China & Japan,Nik Douglas,2018-04-03,Book,containing sexually explicit material
The Erotic Treasury,Susan Bright,2017-07-18,Book,containing sexually explicit material
The Essential Book of Fermentation,Jeff Cox,2016-10-04,Book,describing procedures to brew alcohol or manufacture drugs
The Essential Thomas Eakins,Alice A. Carter,2014-12-02,Book,containing sexually explicit material
The Everything Marijuana Book,Alicia Williamson,2013-10-01,Book,encouraging or instructing on the commision of criminal activity
The Exhibitionist,Tara Sue Me,2017-04-18,Book,containing sexually explicit material
The FG42 Fallschirmjagergewehr,Guus de Vries,2013-01-15,Book,containing weapon construction procedures
The Fall of America,Elijah Muhammad,2020-04-21,Book,"containing language or references that espouse hatred towards specific individuals, races, or religions"
The Family Handyman,NA,2014-12-02,Magazine/Newspaper,encouraging or instructing on the commision of criminal activity
The Family Next Door,John Glatt,2020-05-19,Book,containing written sexually explicit material involving minors
The Family Structure in Islam,Hammudah Abd al Ati,2024-05-21,Book,encouraging or instructing on the commision of criminal activity
The Fantasy Art of Calandra,An Sop Presentation,2020-07-21,Book,containing pictorially explicit nudity
The Fantasy Art of Calandra,Michael Calandra,2023-02-21,Book,containing pictorially explicit sexual activity
The Fermata,Nicholson Baker,2013-02-05,Book,containing sexually explicit material
The Final Call,NA,2013-08-06,Magazine/Newspaper,describing or encouraging physical violence or group disruption
The Final Call,NA,2017-12-05,Magazine/Newspaper,encouraging or instructing on the commision of criminal activity
The Final Call,NA,2015-10-06,Magazine/Newspaper,encouraging or instructing on the commision of criminal activity
The Final Call,NA,2015-10-20,Magazine/Newspaper,describing or encouraging physical violence or group disruption
The Final Call,NA,2016-06-07,Magazine/Newspaper,containing sexually explicit material
The Final Call,NA,2016-08-16,Magazine/Newspaper,safety and security reasons
The Final Call,NA,2016-08-16,Magazine/Newspaper,containing sexually explicit material
The Fireman Who Loved Me,Jennifer Bernard,2014-04-01,Book,containing sexually explicit material
The First Sisters Lil/th and Eve,Lady Haight Ashton,2020-09-15,Book,containing pictorially explicit nudity
The Five Daughters,Cleaver Black,2017-11-21,Book,encouraging or instructing on the commision of criminal activity
The Five Percenter,NA,2012-08-07,Magazine/Newspaper,encouraging or instructing on the commision of criminal activity
The Five Percenter,NA,2013-07-02,Magazine/Newspaper,encouraging or instructing on the commision of criminal activity
The Five Percenter,NA,2013-08-06,Magazine/Newspaper,describing or encouraging physical violence or group disruption
The Five Percenter,NA,2013-09-03,Magazine/Newspaper,describing or encouraging physical violence or group disruption
The Five Percenter,NA,2013-02-05,Magazine/Newspaper,encouraging or instructing on the commision of criminal activity
The Five Percenter,NA,2013-03-05,Magazine/Newspaper,encouraging or instructing on the commision of criminal activity
The Five Percenter,NA,2013-04-02,Magazine/Newspaper,describing or encouraging physical violence or group disruption
The Five Percenter,NA,2013-05-07,Magazine/Newspaper,describing or encouraging physical violence or group disruption
The Five Percenter,NA,2013-06-04,Magazine/Newspaper,describing or encouraging physical violence or group disruption
The Five Percenter,NA,2015-09-15,Magazine/Newspaper,encouraging or instructing on the commision of criminal activity
The Five Percenter,NA,2015-10-06,Magazine/Newspaper,encouraging or instructing on the commision of criminal activity
The Five Percenter,NA,2015-12-01,Magazine/Newspaper,encouraging or instructing on the commision of criminal activity
The Five Percenter,NA,2016-02-02,Magazine/Newspaper,encouraging or instructing on the commision of criminal activity
The Five Percenter,NA,2016-03-01,Magazine/Newspaper,encouraging or instructing on the commision of criminal activity
The Five Percenter,NA,2016-04-05,Magazine/Newspaper,encouraging or instructing on the commision of criminal activity
The Five Percenter vol. 21.8,NA,2016-05-03,Magazine/Newspaper,encouraging or instructing on the commision of criminal activity
The Flirtation,Tara Sue Me,2019-10-01,Book,containing written sexually explicit / sado-masochistic behavior
The Food Lover's Guide,NA,2014-12-16,Magazine/Newspaper,containing sexually explicit material
The Forbiddance of Homosexuality,Al Hafith Abu Bakr Muhammed Bin l Hussain Al Aajuree,2022-12-06,Book,describing or encouraging physical violence or group disruption
The Franklin Scandal,Nick Bryant,2015-10-20,Book,containing sexually explicit material
The Full Body Project,Leonard Nimoy,2013-01-15,Book,encouraging or instructing on the commision of criminal activity
The Fundamentals of Taweed,Dr. Abu Phillips,2017-10-17,Book,encouraging or instructing on the commision of criminal activity
The Future of Erotic Fantasy Art,Paul Peart-Smith,2013-12-03,Book,containing sexually explicit material
The Game Can Never Love You Back,NA,2013-07-16,Book,encouraging or instructing on the commision of criminal activity
The Game Has No Loyalty 3,June,2014-07-01,Book,encouraging or instructing on the commision of criminal activity
The Game Has No Loyalty 4,June,2014-07-01,Book,encouraging or instructing on the commision of criminal activity
The Game of Desire,Shan Boodram,2020-09-01,Book,describing fighting techniques
The Ghost in The Shell,Shirow Masamune,2022-10-04,Book,containing pictorially explicit nudity
The Ghost in a Shell,Shirow Masamume,2022-11-15,Book,containing written sexually explicit / sado-masochistic behavior
The Girl From the Cave,Mark Lawrence,2013-08-20,Book,containing sexually explicit material
The Girl Nextdoor,Jack Ketchum,2022-10-18,Book,containing written sexually explicit material involving minors
The Girl Who Claims Anonymous An Interview Down Memory Hill,Andrea Saroza,2024-11-05,Book,containing written sexually explicit material involving minors
The Girl Who Kicked the Hornet's Nest -graphic novel,Vertigo,2018-11-06,Book,containing pictorially explicit sexual activity
The Girl With the Dragon Tattoo,Stieg Larson,2016-11-15,Book,encouraging or instructing on the commision of criminal activity
The Girl With the Dragon Tattoo,Stieg Larson,2016-11-15,Book,encouraging or instructing on the commision of criminal activity
The Girl With the Dragon Tattoo,Steig Larson,2014-06-03,Book,containing sexually explicit material
The Girl With the Dragon Tattoo - graphic novel,Titan Comics,2018-11-06,Book,containing written sexually explicit material involving the use of force or non-consent
The Girl who Handcuffed Houdini,Cynthia Von Buhler,2019-06-04,Book,containing pictorially explicit nudity
The Girl with a Thousand Curves,Yorozu Tatararoya,2020-08-18,Book,containing pictorially explicit nudity
The God Mother,James Sims,2023-09-05,Book,containing written sexually explicit material involving minors
The Good Prison Guide,Charlie Brunson with Stephen Richards,2017-11-07,Book,describing or encouraging escape methods
The Goodness of Ginger & Tumeric,Emily Jonzen,2019-11-05,Book,describing procedures to brew alcohol or manufacture drugs
The Graphic Canon,Russ Kick,2017-09-19,Book,containing sexually explicit material
The Graybar Hotel: Stories,Curtis Dawkins,2018-06-05,Book,safety and security reasons
The Great Secret Show,Clive Barker,2015-05-05,Book,containing sexually explicit material
The Great Survival,Cara Tabachnick,2022-10-18,Book,not being included in the original store packaging
The Gun Digest Book of Tactical Weapons Assembly/Disassembly,Kevin Muramatsu,2015-06-02,Book,containing weapon construction procedures
The Hand Book,Talia Felix,2019-11-05,Book,containing writings in code
The Hand Maid's Tale,Atwood & Nault,2020-06-16,Book,containing written sexually explicit / sado-masochistic behavior
The Handyman's Guide,Paul N. Hasluck,2014-02-04,Book,encouraging or instructing on the commision of criminal activity
The Harder She Comes,DL King,2017-05-16,Book,containing sexually explicit material
The Hate Factory,G. Hirliman,2013-04-02,Book,containing written sexually explicit material involving the use of force or non-consent
The Hero,King Coopa J,2022-04-19,Book,containing written sexually explicit material involving minors
The History of Torture,Brian Innes,2019-08-06,Book,encouraging or instructing on the commision of criminal activity
The History of the Devil,Paul Carus,2016-03-15,Book,safety and security reasons
The Hitch Hikers,Just Plain Bob,2018-05-01,Book,containing sexually explicit material
The Holly,Julian Rubinstein,2024-08-20,Book,containing descriptions of security risk group material or activity
The Honest Body Project: Real Stories and Untouched Portraits of Women and Motherhood,Natalie McCain,2019-06-04,Book,containing written sexually explicit material involving the use of force or non-consent
The Horse - Backstreet Choppers,NA,2013-03-05,Magazine/Newspaper,containing sexually explicit material
The Hot House: Life Inside Leavenworth Prison,Pete Earley,2020-05-19,Book,encouraging or instructing on the commision of criminal activity
The House of Impossible Beauties,Joseph Cassara,2018-11-06,Book,containing written sexually explicit material involving minors
The Hunter' s Guide to Accurate Shooting: How to Hit What You're Aiming At in Any Situation,Wayne Van Zwoll,2021-05-04,Book,containing weapon construction procedures
The Hut Six Story,Gordan Welchman and Alan Stripp,2025-03-04,Book,containing writings in code
The Hypnosis of Life,Roy Masters,2014-04-15,Book,encouraging or instructing on the commision of criminal activity
"The Illuminati's Take Over of Hip Hop,",NA,2012-10-02,Magazine/Newspaper,encouraging or instructing on the commision of criminal activity
The Incest Diary,Anonymous,2018-02-20,Book,containing sexually explicit material
The Incurable Romantic and Other Tales of Madness and Desire,Frank Tallis,2020-10-06,Book,containing written sexually explicit material involving minors
The Initiation of Ms. Holly,K.D. Grace,2021-06-15,Book,containing written sexually explicit / sado-masochistic behavior
The Inner Structure of Tai Chi; Mastering the Classic Forms of Tai Chi Kung,Mantak Chia,2018-04-03,Book,safety and security reasons
The Instruments of Torture,Michael Kerrigan,2018-11-06,Book,describing or encouraging physical violence or group disruption
The Instruments of Torture,Michael Kerrigan,2023-03-21,Book,being detrimental to security for the following reason:
The Investigation of Crime,William T. Forbes,2012-07-17,Book,safety and security reasons
The Joint,NA,2014-07-01,Magazine/Newspaper,encouraging or instructing on the commision of criminal activity
The Joke is in Your Hand,Tim McGrath,2016-11-01,Book,describing or encouraging physical violence or group disruption
The Journal,NA,2016-03-15,Magazine/Newspaper,encouraging or instructing on the commision of criminal activity
The Juliette Society,Sasha Grey,2019-02-05,Book,containing written sexually explicit / sado-masochistic behavior
The Keepers of the Keys,Lee Dieckenson,2017-03-07,Book,safety and security reasons
The Key of Solomon The King,S.L. MacGregor Mathers,2016-04-05,Book,encouraging or instructing on the commision of criminal activity
The Killer Book of True Crime,Tom Philbin,2016-06-07,Book,containing sexually explicit material
The Killer Poet,Yoshe,2012-11-06,Book,containing sexually explicit material
The Lake,Richard Laymon,2014-05-06,Book,containing sexually explicit material
The Last Chicago Boss,Peter Big Pete James,2019-11-05,Book,containing descriptions of security risk group material or activity
The Last Kings,C.N. Phillips,2014-12-02,Book,encouraging or instructing on the commision of criminal activity
The Last Living Slut,Roxana Shirazi,2013-02-05,Book,containing sexually explicit material
The Last Man,Brian Vaughn,2022-02-15,Book,containing pictorially explicit nudity
The Last Man BOOK 5,Brian Vaughn,2022-04-19,Book,containing pictorially explicit nudity
The Last Time We Saw Her,Robert Scott,2013-08-06,Book,containing sexually explicit material
The Light of Sex,Maria De Naglowska,2018-03-20,Book,containing sexually explicit material
The Little Bit Naught Book of Blow Jobs,Lainie Speiser,2017-06-20,Book,containing sexually explicit material
The Little Black Book of Kama Sutra,NA,2013-05-07,Book,containing sexually explicit material
The Little Book of Acid,Cam Cloud,2013-02-05,Book,describing procedures to brew alcohol or manufacture drugs
The Little Book of Incredibly Useful Knots,Geoffrey Budworth & Jason Dalton,2020-08-04,Book,being detrimental to security for the following reason:
The Little Book of Kink,"Jessica O'Reilly, Ph.D.",2014-01-21,Book,containing sexually explicit material
The Little Book of Sex Secrets,Nicole Bailey,2018-10-16,Book,containing pictorially explicit sexual activity
The Little Book of the Big Orgasm,Susa Crane Bakos,2019-06-18,Book,containing pictorially explicit nudity
The Long Hard Road Out of Hell,Marilyn Manson,2015-03-17,Book,containing sexually explicit material
The Lovely Bones,Alice Sebold,2013-11-05,Book,containing sexually explicit material
The Lovely Bones,Alice Sebold,2022-10-04,Book,containing written sexually explicit material involving the use of force or non-consent
The Lovers' Guide To Homemade Video,S. Valles and C. Martinez,2019-05-21,Book,containing pictorially explicit sexual activity
The Majlis,NA,2013-02-05,Magazine/Newspaper,encouraging or instructing on the commision of criminal activity
The Majlis Voice of Islam,NA,2013-02-19,Magazine/Newspaper,describing or encouraging physical violence or group disruption
The Majlis Voice of Islam,NA,2013-02-19,Magazine/Newspaper,describing or encouraging physical violence or group disruption
The Majlis Voice of Islam,NA,2015-06-16,Magazine/Newspaper,encouraging or instructing on the commision of criminal activity
The Mammoth Book of Best New Erotica,Maxim Jakubowski,2017-04-04,Book,containing sexually explicit material
The Mammoth Book of Bikers,Arthur Veno,2019-07-16,Book,encouraging or instructing on the commision of criminal activity
The Mammoth Book of Bizarre Crimes,Robin Odell,2025-04-01,Book,describing or encouraging physical violence or group disruption
The Mammoth Book of Gangs,James Morton,2014-05-06,Book,encouraging or instructing on the commision of criminal activity
The Mammoth Book of New Erotic Photography,Maxim Jakubowski,2015-11-03,Book,containing sexually explicit material
The Mammoth Book of New Erotica,Maxin Jukabowski,2014-08-19,Book,containing sexually explicit material
The Mammoth Book of Quick & Dirty Erotica,Maxim Jakubowski,2017-07-18,Book,containing sexually explicit material
The Mammoth Book of Tattoos,Lal Hardy,2024-10-15,Book,containing pictorially explicit nudity
The Mammoth Book of Tough Guys,Robin Barratt,2014-11-04,Book,describing or encouraging physical violence or group disruption
The Mammoth Book of Urban erotic Confessions,Barbara Cardy,2017-08-15,Book,containing sexually explicit material
The Man Who Was Dracula: Ylad the Impaler,S. Jacobsen &E. Colon,2013-11-05,Book,containing sexually explicit material
The Map Thief,Michael Blanding,2014-10-07,Book,encouraging or instructing on the commision of criminal activity
The Marijuana Grower's Handbook,Tommy McCarthy,2020-06-02,Book,describing procedures to brew alcohol or manufacture drugs
The Mathematics of Secrets,Joshua Holden,2019-04-16,Book,being detrimental to security for the following reason:
The Men's Fitness Excersice Bible,Sean Hyson,2016-04-05,Book,describing or encouraging physical violence or group disruption
The Mile High Club,Rachel Kramer,2013-07-02,Book,containing sexually explicit material
The Minifarming Handbook,Brett L. Markham,2020-12-15,Book,describing procedures to brew alcohol or manufacture drugs
The Model Inmate,Ray V. Boyd,2022-01-04,Book,being detrimental to security for the following reason:
The Modern Kama Sutra,Kamini and Kirk Thomas,2015-03-03,Book,containing sexually explicit material
The Most Beautiful Woman in the World,Charles Bukowski,2020-06-02,Book,containing written sexually explicit material involving minors
The Museum of Scandals,Elea Baucheron,2018-06-05,Book,containing sexually explicit material
The Naked Truth About Hedonism II,Chris Santilli,2022-06-07,Book,containing pictorially explicit nudity
The Navy Seal Way to an Extraordinary Life Embrace the Suck,Brent Gleeson,2025-06-17,Book,describing fighting techniques
The Nazi Occult War,Michael Fitzgerald,2013-10-01,Book,encouraging or instructing on the commision of criminal activity
The Never List,Koethi Zan,2016-03-01,Book,containing sexually explicit material
The New Art of Massage,Guillermo Ferrara,2016-02-02,Book,containing sexually explicit material
The New Sex Bible,Jessica O'Reilly,2018-05-15,Book,containing sexually explicit material
The New Yorker,NA,2018-05-15,Magazine/Newspaper,containing sexually explicit material
The New Yorker,NA,2013-08-06,Magazine/Newspaper,encouraging or instructing on the commision of criminal activity
The Ninja Mind,Kevin Cassey,2021-06-15,Book,describing or encouraging physical violence or group disruption
The Nowhere Man,Gregg Horwitz,2022-09-06,Book,not being included in the original store packaging
The Nude Female Figure,Mark Smith,2014-03-18,Book,containing sexually explicit material
The Nude Figure,Mark Edward Smith,2016-05-03,Book,containing sexually explicit material
The Nude in Photography,Paul Martineau,2018-12-18,Book,containing pictorially explicit nudity
The One Percenter Code How to Be an Outlaw In a World Gone Soft,Dave Nichols,2018-08-21,Book,containing descriptions of security risk group material or activity
The One Percenter Encyclopedia,Simon Monk,2014-08-19,Book,describing or encouraging physical violence or group disruption
The One Percenter Encyclopedia,Bill Hayes,2017-07-18,Book,encouraging or instructing on the commision of criminal activity
The Ones They Didn't Print,Sean Delonas,2018-10-16,Book,containing pictorially explicit nudity
The Ones You Least Expect,Robert Deadeye Baley,2020-04-07,Book,containing descriptions of security risk group material or activity
The Original Privacy Catalog,Eden Press,2015-06-02,Book,encouraging or instructing on the commision of criminal activity
The Oyster: Volumes V & VI,Anonymous,2014-03-04,Book,containing sexually explicit material
The Palladium Book of Weapons and Assassins,Erick Wujcik,2018-09-18,Book,containing weapon construction procedures
The Parasite Doctor Suzune,Haruki,2019-03-19,Book,containing pictorially explicit sexual activity
The Piercing Bible,Elayne Angel,2018-06-05,Book,containing sexually explicit material
The Pimp's Bible,Alfred Bilbo Gholson,2015-07-07,Book,encouraging or instructing on the commision of criminal activity
The Pink Palace II,Marlon McCaulsky,2014-06-17,Book,encouraging or instructing on the commision of criminal activity
The Player,Kresley Cole,2020-02-04,Book,containing written sexually explicit / sado-masochistic behavior
The Poisonous Life of a Female Serial Killer,Harold Schechter,2019-07-16,Book,encouraging or instructing on the commision of criminal activity
The Power of Commercial Liens over Corrupt Bureaucrats,Kapaa Hawaii,2016-08-02,Book,encouraging or instructing on the commision of criminal activity
The Power or Commercial Liens Over Corrupt Bureacrats,NA,2013-12-24,Book,safety and security reasons
The Prada Plan 4,Ashley Antoinette,2020-09-01,Book,containing written sexually explicit material involving the use of force or non-consent
The Preseving Answer Book,Sherri Brooks Vinton,2021-06-15,Book,describing procedures to brew alcohol or manufacture drugs
The Presidents Time,Tamiki Kirishima,2019-05-07,Book,containing pictorially explicit nudity
The Prison Packet,Robert Kelly,2015-08-18,Book,encouraging or instructing on the commision of criminal activity
The Profiler,Pat Brown,2013-08-06,Book,encouraging or instructing on the commision of criminal activity
The Psilocytin Mushroom Bilbe: The Difinitive Guide to Growing and Using Magic Mushrooms,Virgina Haze,2020-09-01,Book,describing procedures to brew alcohol or manufacture drugs
The Psychological Covert War on Hip Hop,Professor Grif,2016-05-17,Book,encouraging or instructing on the commision of criminal activity
The Psychology Book,Wade E. Pickren,2025-09-16,Book,containing written sexually explicit / sado-masochistic behavior
The Queens English,Chloe O. Davis,2022-05-17,Book,containing written sexually explicit / sado-masochistic behavior
The Real Betty Page,Richard Foster,2019-11-19,Book,containing written sexually explicit material involving the use of force or non-consent
The Red Bulletin,NA,2014-06-03,Magazine/Newspaper,encouraging or instructing on the commision of criminal activity
The Redemption Manual,Kapaa Hawaii,2016-08-02,Book,containing material influenced by sovereign citizen ideology
The Redneck Manifesto,Jim Goad,2023-01-17,Book,"containing language or references that espouse hatred towards specific individuals, races, or religions"
The Resource Directory for Prisoners 2016,Mike Enemigo,2017-02-21,Book,encouraging or instructing on the commision of criminal activity
The Ride of My Life,Justin Mooch Deloretto,2024-04-16,Book,encouraging or instructing on the commision of criminal activity
The Ride of My Life,Justin Mooch Deloretto,2024-05-21,Book,being detrimental to security for the following reason:
The Rise and Fall of Big Meech and the Black Mafia Family,Mara Shalhoup,2024-08-06,Book,encouraging or instructing on the commision of criminal activity
The Road of Lost Innocence,Somaly Mam,2012-11-06,Book,containing sexually explicit material
The Roman Army,Chris McNab,2013-04-02,Book,safety and security reasons
The SS:  Hitler's Instrument of Terror,Gordon Williamson,2013-07-16,Book,describing or encouraging physical violence or group disruption
The Samurai Mind,Christopher Hellman,2017-08-15,Book,describing or encouraging physical violence or group disruption
The Santanic Bible,Anton Szandor LeVey,2023-09-19,Book,describing or encouraging physical violence or group disruption
The Satanic Bible,Anton Szandor LaVey,2019-01-15,Book,describing or encouraging physical violence or group disruption
The Satanic Rituals,Anton Szandoe LaVey,2019-01-15,Book,describing or encouraging physical violence or group disruption
The Second Coming of the KKK; the Ku Klux Klan of the 1920s and the American Political Tradition,Linda Gordon,2020-05-05,Book,"containing language or references that espouse hatred towards specific individuals, races, or religions"
The Secret Art of Boadom,Asanaro,2015-05-19,Book,safety and security reasons
The Secret Art of Pressure Point Fighting,Vince Morris,2013-09-17,Book,encouraging or instructing on the commision of criminal activity
The Secret Life of Bikers,Jerry Langton,2019-09-03,Book,describing or encouraging physical violence or group disruption
The Secret Life of a Satanist,Blanche Barton,2015-06-16,Book,containing sexually explicit material
The Secret Relationship Between Blacks & Jews,The Nation of Islam,2021-07-06,Book,describing or encouraging physical violence or group disruption
The Secret Relationship Between Blacks and Jews,The Nation of Islam,2022-07-05,Book,"containing language or references that espouse hatred towards specific individuals, races, or religions"
The Secret Relationship Between Blacks and Jews Volume 3,The Nation of Islam,2022-07-05,Book,"containing language or references that espouse hatred towards specific individuals, races, or religions"
The Secret Relationship Between Blacks and JewsVolume 2,The Nation of Islam,2022-07-05,Book,"containing language or references that espouse hatred towards specific individuals, races, or religions"
The Secret Relationship between Blacks & Jews,The Nation of Islam,2017-02-21,Book,describing or encouraging physical violence or group disruption
The Secret Relationship between Blacks & Jews,The Nation of Islam,2018-05-15,Book,describing or encouraging physical violence or group disruption
The Secret Relationship between Blacks & Jews,The Nation of Islam,2018-05-15,Book,describing or encouraging physical violence or group disruption
The Secret Tunnel,James Lear,2013-05-21,Book,containing sexually explicit material
The Sensuous Frazetta,J. David Spurlock & Frank Frazetta,2022-08-02,Book,containing pictorially explicit nudity
The Setup,Mallorie McNeal,2024-11-05,Book,containing written sexually explicit material involving the use of force or non-consent
The Sex Myth,Rachel Hills,2019-05-21,Book,not being included in the original store packaging
The Sharia,NA,2013-02-19,Magazine/Newspaper,describing or encouraging physical violence or group disruption
The Sinners Club,Kate Pearce,2020-05-19,Book,containing written sexually explicit / sado-masochistic behavior
The Source,NA,2012-10-16,Magazine/Newspaper,encouraging or instructing on the commision of criminal activity
The Source,NA,2012-09-18,Magazine/Newspaper,encouraging or instructing on the commision of criminal activity
The Source,NA,2015-01-20,Magazine/Newspaper,encouraging or instructing on the commision of criminal activity
The Source,NA,2015-02-17,Magazine/Newspaper,encouraging or instructing on the commision of criminal activity
The Source,NA,2013-08-06,Magazine/Newspaper,encouraging or instructing on the commision of criminal activity
The Source,NA,2013-07-02,Magazine/Newspaper,describing or encouraging physical violence or group disruption
The Source,NA,2013-07-16,Magazine/Newspaper,describing or encouraging physical violence or group disruption
The Source,NA,2012-09-04,Magazine/Newspaper,containing sexually explicit material
The Source of International Terrorism,Dr. Peter S. Ruckman,2017-08-01,Book,describing or encouraging physical violence or group disruption
The Still Life Sketching Bible,David Poxon,2014-03-18,Book,safety and security reasons
The Story of O,Pauline Reage,2013-04-02,Book,containing sexually explicit material
The Streets Bleed Murder 2,Jerry Jackson,2025-09-16,Book,encouraging or instructing on the commision of criminal activity
The Streets Must Bleed,Jerry Jackson,2025-09-16,Book,containing written sexually explicit material involving the use of force or non-consent
The Strength and Flexibility of Women,Jonathan Harrington,2018-02-06,Book,containing sexually explicit material
The Sun,NA,2018-06-05,Magazine/Newspaper,containing sexually explicit material
The Supreme Wisdom,Fard Muhammad,2024-03-05,Book,"containing language or references that espouse hatred towards specific individuals, races, or religions"
The Supreme Wisdom,Elijah Muhammad,2023-06-20,Book,"containing language or references that espouse hatred towards specific individuals, races, or religions"
The Supreme Wisdom,Elijah Muhammad,2023-06-20,Book,"containing language or references that espouse hatred towards specific individuals, races, or religions"
The T Word: Pass the Mission,Google,2015-01-20,Book,safety and security reasons
The Tao Of Wing Chun,Danny Xuan and John Little,2021-07-06,Book,describing fighting techniques
The Tao of Seduction,Lin Liao Yi,2013-11-05,Book,containing sexually explicit material
The Tao of Spycraft,Ralph S. Sawyer,2014-03-18,Book,containing sexually explicit material
The Tarot Handbook,Angeles Arrien,2013-08-20,Book,encouraging or instructing on the commision of criminal activity
The Tattoo Project,Vince Hemington,2021-04-06,Book,containing pictorially explicit nudity
"The Tattoo Project: Body, Art, Image",Vince Hemington,2021-07-20,Book,containing pictorially explicit nudity
The Testament of Sister New Devil,Tetsuto Uesu,2023-07-18,Book,containing pictorially explicit nudity
The Testament of Sister New Devil,Tetsuto Uesu,2018-10-16,Book,containing pictorially explicit sexual activity
The Testament of Sister New Devil: STORM Rated Mature,Tesuto Uesu,2020-10-20,Book,containing pictorially explicit nudity
The Tombs,Clive Cussler,2012-10-16,Book,encouraging or instructing on the commision of criminal activity
The True Crimes File,Kim Daly,2022-09-20,Book,containing written sexually explicit material involving the use of force or non-consent
"The True History of Jesus Birth, Death & What it means to you",Elijah Muhammad,2023-11-21,Book,"containing language or references that espouse hatred towards specific individuals, races, or religions"
"The True History of Jesus Birth, Death & What it means to you",Elijah Muhammad,2023-12-05,Book,"containing language or references that espouse hatred towards specific individuals, races, or religions"
"The True History of Jesus Birth, Death & What it means to you",Elijah Muhammad,2023-12-19,Book,"containing language or references that espouse hatred towards specific individuals, races, or religions"
The True History of Master Fard,Elijah Muhmmad,2023-08-15,Book,"containing language or references that espouse hatred towards specific individuals, races, or religions"
The True History of Mater Fard Muhammad,Elijah Muhammad,2023-09-05,Book,"containing language or references that espouse hatred towards specific individuals, races, or religions"
The UCC Connection,We the People,2022-06-07,Book,containing material influenced by sovereign citizen ideology
The UCC Connection: How to Free Yourself From Legal Tyranny,Howard Freeman,2015-04-21,Book,safety and security reasons
The Ultimate Guide to Cunnillingus,Violet Blue,2017-03-07,Book,containing sexually explicit material
"The Ultimate Guide to U.S. Army Survival Skills, Tactics and Tehniques",n/a,2014-07-01,Book,encouraging or instructing on the commision of criminal activity
The Ultimate Serial Killer Trivia Book,Jack Rosewood,2023-10-17,Book,describing or encouraging physical violence or group disruption
The Ultimate Survival Manual,Rich Johnson,2023-10-17,Book,being detrimental to security for the following reason:
The Ultimate Tattoo Course,Scott Wolfe,2016-11-15,Book,encouraging or instructing on the commision of criminal activity
The Untouchable,L. Barnes & T. Folsum,2015-12-01,Book,encouraging or instructing on the commision of criminal activity
The Upside of Fear,Weldon Long,2017-10-03,Book,containing sexually explicit material
The V Book A Doctor's Guide to Complete Vulvovaginal Health,"Elizabeth G. Steward, M.D.",2013-04-02,Book,safety and security reasons
The Valley of Amazement,Amy Tan,2015-03-17,Book,containing sexually explicit material
The Vampire Combat Manual,Roger Ma,2014-12-16,Book,safety and security reasons
The Warehouse,James Kilgore,2024-07-16,Book,being detrimental to security for the following reason:
The Way of Shadows,n/a,2015-01-20,CD/Audio,safety and security reasons
The Weekly Star,NA,2012-08-21,Magazine/Newspaper,encouraging or instructing on the commision of criminal activity
The Weekly Star,NA,2013-05-07,Magazine/Newspaper,describing or encouraging physical violence or group disruption
The Weekly Star,NA,2013-02-19,Magazine/Newspaper,containing sexually explicit material
The Weekly Star,NA,2012-08-07,Magazine/Newspaper,encouraging or instructing on the commision of criminal activity
The Weekly Star,NA,2018-06-05,Magazine/Newspaper,encouraging or instructing on the commision of criminal activity
The Weekly Star,NA,2012-11-06,Magazine/Newspaper,encouraging or instructing on the commision of criminal activity
The Weekly Star,NA,2015-11-03,Magazine/Newspaper,encouraging or instructing on the commision of criminal activity
The Weekly Star,NA,2012-09-21,Magazine/Newspaper,encouraging or instructing on the commision of criminal activity
The Welder's Bible,Don Geary,2015-09-15,Book,safety and security reasons
The Whistle Blower,Kathryn Bolkovac and Cari Lynn,2014-06-17,Book,encouraging or instructing on the commision of criminal activity
The Wicked and The Divine Commercial Suicide,Gillen McKelvie & Wilson Cowles,2024-07-02,Book,containing pictorially explicit nudity
The Wild World of Betty Page,Klaw Klassix,2019-11-19,Book,containing written sexually explicit material involving the use of force or non-consent
The Willie Lynch Letter and The Making of a Slave,Willie Lynch,2014-12-16,Book,encouraging or instructing on the commision of criminal activity
The Witcher Omnibus,Paul Tobin & Joe Querio,2024-03-05,Book,containing written sexually explicit material involving the use of force or non-consent
The Women of King,NA,2013-09-17,Magazine/Newspaper,containing sexually explicit material
The Wonder Down Under,"E. Stokken & N. BroChmann, MD",2019-08-06,Book,containing pictorially explicit nudity
The World of Ice & Fire,George R.R. Martin,2019-03-05,Book,safety and security reasons
The World's Greatest Erotic Art of Today,ES Publishing,2018-05-01,Book,containing sexually explicit material
The Worst-Case Scenario Survival Handbook,Joshua Piven and David Borgenicht,2020-10-20,Book,encouraging or instructing on the commision of criminal activity
Theirs to Cherish,Shayla Black,2016-02-02,Book,containing sexually explicit material
There But For The Grace Of God,Fred Rosen,2014-04-15,Book,encouraging or instructing on the commision of criminal activity
There was a Young Man from Nantucket,Ronald Stanza,2017-05-16,Book,containing sexually explicit material
These Evil Streets,Richard Warren,2016-12-06,Book,encouraging or instructing on the commision of criminal activity
Thick Magazine Present G.O.A.T.,Thick Magazine,2025-07-15,Magazine/Newspaper,containing pictorially explicit nudity
"Thief's Journal, The",Jean Genet,2012-12-18,Book,containing sexually explicit material
This Book Will Change Your Life,Benrik Limited,2017-12-05,Book,encouraging or instructing on the commision of criminal activity
Those Empty Eyes,Charlie Donlea,2025-07-15,Book,containing written sexually explicit material involving the use of force or non-consent
Thot,Alah Adams,2021-07-20,Book,containing written sexually explicit / sado-masochistic behavior
Threesomes and Moresomes,Linda Alvarez,2015-03-03,Book,containing sexually explicit material
Thug Life,Sanyika Shakur,2014-09-16,Book,encouraging or instructing on the commision of criminal activity
Thug Paradise,MZ Lady P,2017-02-21,Book,containing sexually explicit material
Thuggz Valentine,W. Clark,2020-02-18,Book,containing written sexually explicit material involving minors
Thugz Cry,CASH,2014-03-04,Book,encouraging or instructing on the commision of criminal activity
Tickle Your Fancy,Dr. Sadie Allison,2014-09-16,Book,containing sexually explicit material
Tihkal The Continuation,Alexander Shulgin & Ann Shulgin,2022-12-20,Book,describing procedures to brew alcohol or manufacture drugs
Tihkal The Continuation,Alexander Shulgin & Ann Shulgin,2022-12-20,Book,containing writings in code
Til My Casket Drops,Cash,2015-04-07,Book,containing sexually explicit material
Time,NA,2013-04-02,Magazine/Newspaper,describing or encouraging physical violence or group disruption
Time,NA,2013-05-07,Magazine/Newspaper,safety and security reasons
Tiny Homes Simple Shelter,Lloyd Kahn,2014-12-02,Book,containing sexually explicit material
Title 4 Flag Says You're Schwag!,H.I.RM. J.M. Sovereign Godsent,2015-04-21,Book,encouraging or instructing on the commision of criminal activity
To Be A U.S. Secret Service Agent,Henry M. Holden,2013-05-07,Book,encouraging or instructing on the commision of criminal activity
To Love RU,Saki Hasemi,2021-10-05,Book,containing pictorially explicit nudity
Tokyo Ghost,Remender Murphy Hollingsworth,2017-08-01,Book,containing sexually explicit material
Tom of Finland,F. Valentine Hooven III,2020-09-15,Book,containing written sexually explicit / sado-masochistic behavior
Tommy Land,Tommy Lee and Anthony Bozza,2025-09-16,Book,containing weapon construction procedures
"Too Cruel, Not Usual Enough",Louis Rodriguez,2013-08-06,Book,describing or encouraging physical violence or group disruption
Too Scared to Tell,Cathy Glass,2021-03-16,Book,containing written sexually explicit material involving minors
Top Bikini Pictures,Taylor Timms,2018-02-06,Book,containing sexually explicit material
Torture Mom,Ryan Green,2022-03-01,Book,containing written sexually explicit material involving the use of force or non-consent
Torture Persuasion at its Most Gruesome,Geoffrey Abbott,2019-08-06,Book,containing physical properties which can be manipulated as a security concern
Total Knockout Fitness,Martin McKenzie,2020-07-07,Book,describing fighting techniques
Total Outdoorsman,Akos Banfalui,2014-12-16,Book,safety and security reasons
Total Tattoo,NA,2018-02-20,Magazine/Newspaper,containing sexually explicit material
Train Lik e a Fighter,Cat Zingano,2020-08-04,Book,describing fighting techniques
Train Like A Fighter,Cat Zingano,2020-09-01,Book,describing fighting techniques
Training for Warriors,Martin Rooney,2019-07-02,Book,describing fighting techniques
Trance-Formation of America,Phillips & O'Brien,2014-03-04,Book,containing sexually explicit material
"Trans Bodies, Trans Selves A Resource for the Transgender Community",Laura Erickson-Schroth,2017-06-20,Book,containing sexually explicit material
Transfigurations,Grey Alex,2014-06-03,Book,containing sexually explicit material
Transformation,NA,2017-06-20,Magazine/Newspaper,containing sexually explicit material
Transmetropolitan Gouge Away,Warren Ellis and Darick Robertson,2017-06-20,Book,containing sexually explicit material
Trap Ink,NA,2015-10-06,Magazine/Newspaper,containing sexually explicit material
Trap Ink,NA,2020-09-01,Magazine/Newspaper,containing pictorially explicit nudity
Traphouse King:,Hood Rich,2021-07-20,Book,encouraging or instructing on the commision of criminal activity
Tree Climber's Guide,Sharon Lilly,2014-03-04,Book,safety and security reasons
Trigga,team Rollock,2015-03-03,Book,encouraging or instructing on the commision of criminal activity
Truckin',NA,2015-03-03,Magazine/Newspaper,NA
True Confessions,Syra Bond,2023-02-21,Book,containing written sexually explicit material involving the use of force or non-consent
True Crime Stories,Ryan Becker,2022-04-19,Book,encouraging or instructing on the commision of criminal activity
True Crimes Case Histories,Jason Neal,2024-01-02,Book,containing written sexually explicit material involving the use of force or non-consent
Try,Dennis Cooper,2017-10-17,Book,containing sexually explicit material
Tupac A Thug Life,Tupac,2016-01-19,Book,describing or encouraging physical violence or group disruption
Tupac Resurrection 1971-1996,Tupac Shakur,2015-10-06,Book,describing or encouraging physical violence or group disruption
Turning the Tide,NA,2013-04-16,Magazine/Newspaper,encouraging or instructing on the commision of criminal activity
Turning the Tide,NA,2013-05-07,Magazine/Newspaper,encouraging or instructing on the commision of criminal activity
Turning the Tide,NA,2016-04-19,Magazine/Newspaper,encouraging or instructing on the commision of criminal activity
Turning the Tide,NA,2016-12-06,Magazine/Newspaper,describing or encouraging physical violence or group disruption
Turning the Tide,NA,2013-02-05,Magazine/Newspaper,encouraging or instructing on the commision of criminal activity
Turning the Tide,NA,2015-02-03,Magazine/Newspaper,describing or encouraging physical violence or group disruption
Turning the Tide,NA,2017-11-07,Magazine/Newspaper,safety and security reasons
Turning the Tide,NA,2013-07-02,Magazine/Newspaper,describing or encouraging physical violence or group disruption
Turning the Tide,NA,2019-04-16,Magazine/Newspaper,"containing language or references that espouse hatred towards specific individuals, races, or religions"
Twelve Years With Hilter,1. Kompanie LAH Veterans Association,2022-03-01,Book,"containing language or references that espouse hatred towards specific individuals, races, or religions"
Twist Me,Anna Zaires,2024-09-17,Book,containing written sexually explicit material involving the use of force or non-consent
Twisted,Alison Tyler,2018-01-16,Book,containing sexually explicit material
Twisted Obsession,P. Dotson,2013-02-05,Book,containing sexually explicit material
U. S. Army Survival Manual,Colonel Underwood,2018-08-07,Book,containing weapon construction procedures
U.S Army Explosives & Demolitions Manual,Department of the Army,2024-05-07,Book,containing weapon construction procedures
U.S. Army Ranger Handbook,U.S. Dep. of Defense,2012-09-04,Book,encouraging or instructing on the commision of criminal activity
UFC,NA,2012-08-07,Magazine/Newspaper,encouraging or instructing on the commision of criminal activity
UQ Holder,Ken Akamatsu,2024-03-05,Book,containing pictorially explicit nudity
US Army Explosives & Demolitions Manual,Department of the Army,2024-06-18,Book,containing weapon construction procedures
US Guided Missiles,Bill Yenne,2013-01-15,Book,containing weapon construction procedures
US Special OPS,Fred Pushies,2021-03-16,Book,containing weapon construction procedures
Ultimate Book of Knots,Geoffrey Budworth,2020-05-19,Book,being detrimental to security for the following reason:
Ultimate Guide To Wilderness Living,John McPherson,2013-04-02,Book,encouraging or instructing on the commision of criminal activity
Ultimate Guide to Cunnilingus,Violet Blue,2013-04-02,Book,containing sexually explicit material
Ultimate Medical Encyclopedia,Martine Podesto,2013-10-01,Book,containing sexually explicit material
Ultimate Survival Manual,Rich Johnson,2012-11-06,Book,encouraging or instructing on the commision of criminal activity
Un-Ashamed,Lacrae,2017-03-21,Book,safety and security reasons
Un/sacred,Mirka Andolfo,2021-03-02,Book,containing pictorially explicit nudity
Unbound,Celeste Bradley & Susan Donovan,2014-09-02,Book,containing sexually explicit material
Uncommon Knowledge,Jeff Castari,2018-08-07,Book,describing or encouraging physical violence or group disruption
Under Lock and Key,NA,2015-10-20,Magazine/Newspaper,encouraging or instructing on the commision of criminal activity
Under Lock and Key,NA,2014-11-18,Magazine/Newspaper,describing or encouraging physical violence or group disruption
Under Lock and Key,NA,2016-11-01,Magazine/Newspaper,encouraging or instructing on the commision of criminal activity
Under Lock and Key,NA,2012-07-03,Magazine/Newspaper,encouraging or instructing on the commision of criminal activity
Under Lock and Key,NA,2013-12-24,Magazine/Newspaper,encouraging or instructing on the commision of criminal activity
Under Lock and Key,NA,2012-12-18,Magazine/Newspaper,describing or encouraging physical violence or group disruption
Under Lock and Key,NA,2012-10-16,Magazine/Newspaper,encouraging or instructing on the commision of criminal activity
Under Lock and Key,NA,2015-11-03,Magazine/Newspaper,encouraging or instructing on the commision of criminal activity
Under and Alone,William Queen,2016-05-17,Book,encouraging or instructing on the commision of criminal activity
Underground Anabolics,William Llewellyn,2017-01-17,Book,describing procedures to brew alcohol or manufacture drugs
Understand Me an American Experience,Eric Brown,2022-12-06,Book,being detrimental to security for the following reason:
Underworld Zilla,Mike Enemigo and King Guru,2021-03-02,Book,encouraging or instructing on the commision of criminal activity
Undressing the Art of Dress Up,Cosplay Deviants,2019-11-19,Book,containing pictorially explicit nudity
Uniform Erotica,Barbara Candy,2020-10-06,Book,containing written sexually explicit / sado-masochistic behavior
Unlocking Screts: How to Get People to Tell You Everything,David Craig,2018-09-18,Book,encouraging or instructing on the commision of criminal activity
Unnatural,Mirka Andolfo,2018-11-06,Book,containing pictorially explicit nudity
Unraveling Charlie,Donald Mclean,2013-07-02,Book,containing sexually explicit material
Unrepentant,Peter Edwards,2014-12-16,Book,encouraging or instructing on the commision of criminal activity
Unsolved Serial Killers,D.R. Werner,2023-06-20,Book,containing written sexually explicit material involving minors
Unsolved Serial Killers,D.R. Werner,2023-06-20,Book,containing written sexually explicit material involving minors
Urban Erotic Confessions,Barbara Cardy,2015-09-15,Book,containing sexually explicit material
Urban Ink,NA,2012-07-03,Magazine/Newspaper,containing sexually explicit material
Urban Ink,NA,2012-08-21,Magazine/Newspaper,encouraging or instructing on the commision of criminal activity
Urban Ink,NA,2017-07-18,Magazine/Newspaper,safety and security reasons
Urban Ink,NA,2012-08-07,Magazine/Newspaper,encouraging or instructing on the commision of criminal activity
Urban Ink,NA,2013-09-03,Magazine/Newspaper,describing or encouraging physical violence or group disruption
Urban Ink,NA,2014-06-17,Magazine/Newspaper,encouraging or instructing on the commision of criminal activity
Urban Ink,NA,2012-07-03,Magazine/Newspaper,encouraging or instructing on the commision of criminal activity
Urban Ink,NA,2016-05-03,Magazine/Newspaper,describing or encouraging physical violence or group disruption
Urban Ink,NA,2012-07-03,Magazine/Newspaper,encouraging or instructing on the commision of criminal activity
Urban Ink Black Men,NA,2012-07-03,Magazine/Newspaper,encouraging or instructing on the commision of criminal activity
Urban Ink: Blackmen,NA,2016-05-03,Magazine/Newspaper,containing sexually explicit material
Urban Ink: Blackmen,NA,2014-03-18,Magazine/Newspaper,describing or encouraging physical violence or group disruption
Urban News,NA,2021-02-02,Magazine/Newspaper,containing descriptions of security risk group material or activity
Used-Core Rulebook,NA,2013-11-19,Book,encouraging or instructing on the commision of criminal activity
Utne Reader,NA,2013-07-02,Magazine/Newspaper,encouraging or instructing on the commision of criminal activity
V for Vendetta,A. Moore & D. Lloyd,2015-07-07,Book,safety and security reasons
Va-Va Voom,Unknown,2020-01-07,Book,containing pictorially explicit nudity
Vagabond,Takehiko Inoue,2023-04-18,Book,containing pictorially explicit nudity
Vagabonds,Eloghosa Osunde,2023-08-15,Book,containing written sexually explicit / sado-masochistic behavior
Vagina University,Women's Health,2020-11-03,Book,containing pictorially explicit sexual activity
Val x Love,Ryosuke Asakura,2023-02-21,Book,containing pictorially explicit nudity
Vampress Carmilla,NA,2021-06-15,Magazine/Newspaper,containing pictorially explicit nudity
Vamps,Elaine Lee,2023-01-17,Book,containing pictorially explicit sexual activity
Vanity Fair,NA,2012-11-20,Magazine/Newspaper,containing sexually explicit material
Vanity Fair,NA,2012-12-04,Magazine/Newspaper,containing sexually explicit material
Vanity Fair,NA,2012-12-18,Magazine/Newspaper,containing sexually explicit material
Vanity Fair,NA,2013-01-15,Magazine/Newspaper,containing sexually explicit material
Vanity Fair,NA,2013-12-03,Magazine/Newspaper,containing sexually explicit material
Vanity Fair,NA,2014-02-04,Magazine/Newspaper,containing sexually explicit material
Vegabond,Eiji Yoshikawas,2023-06-20,Book,containing pictorially explicit sexual activity
Velvet Kiss 1,Chihiro Harumi,2017-02-07,Book,containing sexually explicit material
Vertigo 10 pack,DC Comic,2019-09-17,Magazine/Newspaper,containing pictorially explicit nudity
Vibe,NA,2013-05-07,Magazine/Newspaper,describing or encouraging physical violence or group disruption
Vice,NA,2016-04-05,Magazine/Newspaper,containing sexually explicit material
Vietnam Pets,Peter-Pugh-Cook,2012-08-07,Book,containing sexually explicit material
Vintage Tattoo Flash,Jonathan Shaw,2020-01-07,Book,containing pictorially explicit nudity
Viral,Gyro Magazine,2020-11-03,Magazine/Newspaper,containing pictorially explicit nudity
Viral,Gyro Magazine,2020-11-03,Magazine/Newspaper,containing pictorially explicit nudity
Virtual Pose 3,Mario Henri Chakkour,2014-05-20,Book,encouraging or instructing on the commision of criminal activity
Virtual Pose 4,Mario Henri Chakkour,2013-04-02,Book,encouraging or instructing on the commision of criminal activity
Virtual Pose 4 ' Mario Henri Chakkur,Nudity & CD inside back cover,2013-05-07,Book,containing sexually explicit material
Visions,Luis Royo,2013-02-05,Book,containing sexually explicit material
Visions of Erotica,Miss Naomi,2020-06-02,Book,containing pictorially explicit sexual activity
Vixen Manual,Karrine Steffans,2015-01-06,Book,containing sexually explicit material
Vogue Essentials Lingerie,Anna Cryer,2021-04-06,Book,containing pictorially explicit nudity
Vogue Essentials Lingerie,Anne Cryer,2021-04-06,Book,containing pictorially explicit sexual activity
Voluptuos Curves Magazine Issue #2,Michael Enoches,2015-03-03,Magazine/Newspaper,containing sexually explicit material
Voracious: Erotica for Women,Violet Blue,2017-06-06,Book,containing sexually explicit material
W (Instaglam),NA,2014-03-18,Magazine/Newspaper,containing sexually explicit material
W Magazine,NA,2015-10-06,Magazine/Newspaper,containing sexually explicit material
W Magazine,NA,2016-01-19,Magazine/Newspaper,containing sexually explicit material
W Magazine,NA,2013-10-15,Magazine/Newspaper,containing sexually explicit material
Waiting for an Echo,Christine Montross,2021-08-03,Book,being detrimental to security for the following reason:
Warewolves,Z. Graves,2017-04-18,Book,containing sexually explicit material
Warning; Don't Try this At Home,ED Wenck,2019-06-04,Book,being detrimental to security for the following reason:
"We Told You So, Comics As Art",Tom Spurgeon,2020-07-21,Book,being detrimental to security for the following reason:
We Want Freedom,Mumia Abu-Jamal,2015-03-03,Book,encouraging or instructing on the commision of criminal activity
We the People,National Liberty Alliance,2022-06-21,Book,containing material influenced by sovereign citizen ideology
Weapons of the US Special Operations Command,Chris McNab,2021-02-02,Book,containing weapon construction procedures
Weighing the Odds in Sports Betting,King Yao,2014-01-21,Book,safety and security reasons
Weight,Darrly Reed,2013-01-15,Book,encouraging or instructing on the commision of criminal activity
What Casinos Don't Want You To Know,John Gollehon,2014-03-04,Book,safety and security reasons
What Do Women Want?,Daniel Bergner,2015-03-03,Book,containing sexually explicit material
What Happens After Dark,Jasmine Haynes,2014-05-06,Book,containing sexually explicit material
What Ya Girl Won't Do,Brandi Johnson,2014-04-01,Book,containing sexually explicit material
What is the Science,NA,2020-04-07,Magazine/Newspaper,containing pictorially explicit nudity
What's a Homeowner To Do?,NA,2013-09-17,Book,safety and security reasons
"When Teachers Are Ready, Their Students Appear",S. Quannah,2016-01-19,Book,encouraging or instructing on the commision of criminal activity
Where's Molly,H.D. Carlton,2025-09-02,Book,describing or encouraging physical violence or group disruption
Whip Appeal,Meta Smith,2013-04-02,Book,containing sexually explicit material
"Whip Smart, The True Story of a Secret Life",Melissa Febos,2014-10-21,Book,encouraging or instructing on the commision of criminal activity
White Man's Justice Black Man's Grief,Donald Goines,2014-04-15,Book,encouraging or instructing on the commision of criminal activity
White Trash,Christopher Makos,2018-05-01,Book,containing sexually explicit material
Whore,Tanika Lynch,2018-05-01,Book,containing sexually explicit material
Why I am Not a Moslem,Dr. Peter S. Ruckman,2016-08-16,Book,describing or encouraging physical violence or group disruption
Why is the Penis Shaped Like That,Jesse Bering,2015-02-03,Book,containing sexually explicit material
Wild 18+,NA,2017-06-20,Magazine/Newspaper,containing sexually explicit material
Will The Real Allah the God Stand Up,DSr Peter S. Ruckman,2017-08-01,Book,describing or encouraging physical violence or group disruption
William Llewellyn's Anabolics,William Llewellyn,2019-03-05,Book,encouraging or instructing on the commision of criminal activity
Williams Gynecology Study,"Werner, moschas, Griffith, Beshay, Rahn",2016-09-06,Book,containing sexually explicit material
Wing Chun Kung Fu,lp Chun,2021-06-15,Book,describing fighting techniques
Wired,Wired Magazine,2025-07-15,Magazine/Newspaper,describing or encouraging physical violence or group disruption
Wired,NA,2015-03-03,Magazine/Newspaper,containing sexually explicit material
Wired,Wired Magazine,2025-07-15,Magazine/Newspaper,encouraging or instructing on the commision of criminal activity
Wireless Internet Security:  Architecture & Protocols,James Kenepf,2012-07-17,Book,encouraging or instructing on the commision of criminal activity
Witches' Craft,Bruce K. Wilborn,2013-07-02,Book,containing writings in code
"With Love, From Mochizuki",Ayumu Miyahara,2017-08-01,Book,containing sexually explicit material
"Woman of King, The",NA,2012-07-03,Magazine/Newspaper,containing sexually explicit material
Women In Lust,Rchel Kramer Bussel,2018-02-20,Book,containing sexually explicit material
Women with Handcuffs - Lesbian Cop Erotica,Sacchi Green,2017-07-18,Book,containing sexually explicit material
Women's Anatomy of Arousal,Sheri Winston,2021-04-20,Book,containing pictorially explicit nudity
World War II Data Book The SS 1923-1945,Chris McNab,2014-07-01,Book,describing or encouraging physical violence or group disruption
World's Worst Prisons,Karen Farrington,2021-06-15,Book,being detrimental to security for the following reason:
Wrapped Around Your Fingers,Alison Tyler,2019-07-16,Book,containing written sexually explicit material involving the use of force or non-consent
Wrath,K'wan,2020-01-07,Book,describing or encouraging physical violence or group disruption
Writing Simplified,F. P. Harwell,2018-07-17,Book,safety and security reasons
XXL,NA,2014-08-19,Magazine/Newspaper,describing or encouraging physical violence or group disruption
XXL,NA,2012-12-18,Magazine/Newspaper,encouraging or instructing on the commision of criminal activity
XXL,NA,2014-02-04,Magazine/Newspaper,describing or encouraging physical violence or group disruption
XXL,NA,2012-08-07,Magazine/Newspaper,containing sexually explicit material
XXL,NA,2012-07-17,Magazine/Newspaper,encouraging or instructing on the commision of criminal activity
XXL,NA,2013-07-02,Magazine/Newspaper,describing or encouraging physical violence or group disruption
XXL,NA,2012-07-03,Magazine/Newspaper,encouraging or instructing on the commision of criminal activity
XXL,NA,2014-05-20,Magazine/Newspaper,safety and security reasons
XXL,NA,2013-04-02,Magazine/Newspaper,describing or encouraging physical violence or group disruption
XXL,NA,2013-03-05,Magazine/Newspaper,containing sexually explicit material
XXL,NA,2013-05-07,Magazine/Newspaper,encouraging or instructing on the commision of criminal activity
XXL,NA,2013-11-05,Magazine/Newspaper,describing or encouraging physical violence or group disruption
XXL,NA,2012-10-16,Magazine/Newspaper,containing sexually explicit material
XXL,NA,2012-08-21,Magazine/Newspaper,encouraging or instructing on the commision of criminal activity
XXL,NA,2012-10-02,Magazine/Newspaper,encouraging or instructing on the commision of criminal activity
XXL,NA,2013-09-03,Magazine/Newspaper,describing or encouraging physical violence or group disruption
XXL,NA,2016-08-16,Magazine/Newspaper,encouraging or instructing on the commision of criminal activity
XXL,NA,2017-10-03,Magazine/Newspaper,encouraging or instructing on the commision of criminal activity
XXL,NA,2017-10-03,Magazine/Newspaper,safety and security reasons
XXL,NA,2018-08-07,Magazine/Newspaper,containing descriptions of security risk group material or activity
XXX Erotic Short Stories,Renee R. Miller,2018-05-01,Book,containing sexually explicit material
XXX Erotics,Renee R. Miller,2018-05-01,Book,containing sexually explicit material
XotiX,NA,2021-08-03,Magazine/Newspaper,containing pictorially explicit nudity
XotiX,NA,2021-07-20,Magazine/Newspaper,containing pictorially explicit nudity
Xscape,Donny Jacobowitz,2015-03-03,Book,encouraging or instructing on the commision of criminal activity
YKTV,YKTV Magazine,2025-07-15,Magazine/Newspaper,containing pictorially explicit nudity
YKTV Magazine Foreplay,YKTV Magazine,2024-12-17,Magazine/Newspaper,containing pictorially explicit nudity
Yakub,Elijah Muhammad,2022-08-16,Book,"containing language or references that espouse hatred towards specific individuals, races, or religions"
Year of the Crack Mom,V.J. Gotastory,2014-08-05,Book,containing sexually explicit material
You,Carolina Kepnes,2018-07-17,Book,encouraging or instructing on the commision of criminal activity
You Must Love Me 2: Desha's Story,Sonya Davis,2013-10-01,Book,containing sexually explicit material
You can do Anything,Mountain Arts,2022-10-04,Book,not being included in the original store packaging
Young Exotic Beauties,Golieth,2017-08-01,Book,containing sexually explicit material
Young Terrorists,Matteo Pizzolo,2018-09-18,Book,containing sexually explicit material
"Young, Rich and Dangerous: The Making of a Music Mogul",J. Dupri & S. Marshall,2013-10-15,Book,describing or encouraging physical violence or group disruption
Young-Minded Hustler,Tysha,2013-11-05,Book,encouraging or instructing on the commision of criminal activity
Zodiac Sex,Cosmopolitan Editors,2023-08-01,Book,containing pictorially explicit sexual activity
Zodiac Sex,The Editors of Cosmopolitan,2023-07-18,Book,containing pictorially explicit sexual activity
Zom 100,Haro Aso,2024-07-16,Book,containing pictorially explicit sexual activity
Zom 100,Haro Aso,2024-07-16,Book,containing written sexually explicit material involving minors
larson's Book of Spiritual Warfare,Bob Larson,2017-09-05,Book,containing weapon construction procedures
mira,mira,2014-07-15,Book,encouraging or instructing on the commision of criminal activity
