title,author,date
#SAD! - Doonesbury in the Time of Trump,Trudeau,2021-02-21
1000 TATTOOS - True Love,Taschen,2023-08-23
1001 PALEO RECIPES - The Ultimate Collection of Grain and Gluten Free Recipes to Meet Your Every Need,NA,2023-08-23
101 AMAZING USES FOR HONEY,Branson,2020-07-01
101 CLEVER CARD TRICKS (Frost-Sharratt),NA,2020-02-20
"12th PLANET, THE - The First Book of the Earth Chronicles",Sitchin,2023-09-23
"18th ABDUCTION, THE (BY James Patterson)",NA,2024-04-01
2 SIDED MIRROR,Brick City RIQ,2022-04-01
2000 QUESTIONS ABOUT ME,NA,2020-01-01
202 OUTSTANDING HOUSE IDEAS,Vranchx,2023-03-01
2020 FANTASY FOOTBALL ALMANAC & DRAFT GUIDE,NA,2020-09-01
"20th VICTIM, THE (Patterson & Paetro)",NA,2023-03-01
"21 IRREFUTABLE LAWS OF LEADERSHIP, THE",Maxwell,2020-11-20
"21 IRREFUTABLE LAWS OF LEADERSHIP, THE - Workbook",Maxwell,2020-11-20
"21 LESSONS OF LIFE, THE (Daisaint)",NA,2020-02-20
"21 LESSONS OF MERYLN, THE",Monroe,2020-04-20
21st BIRTHDAY (Patterson / Paetro),NA,2024-01-01
22 SECONDS,Patterson & Paetro,2023-11-01
"23rd MIDNIGHT, THE - The New Women's Murder Club Novel",Patterson & Paetro,2023-11-01
25 HOURS A DAY - Going One More to Get What You Want,Bare,2023-08-23
26 NIGHTS - A Sexual Adventure (Penthouse Magazine),NA,2021-02-21
2GAIN & GIVE (1-21),NA,2021-01-21
3 RIVERS ARCHERY,NA,2020-05-20
"30 SECOND CODE- The 50 Essential Principles that Instruct Technology, Each Explained in Half a Minute (Steadman)",NA,2025-03-01
33 STRATEGIES OF WAR,Greene,2022-09-22
34 YEARS IN HELL,Kane,2021-05-21
"36 DEADLY BUBISHI POINTS, THE",NA,2021-09-21
365 DAYS OF WALKING THE RED ROAD,Jean,2020-05-01
3D WORLD MAGAZINE,NA,2022-07-22
4 FRONT (#23),NA,2024-02-01
40 PLUS (#1),NA,2020-11-01
40+ (#93),NA,2020-02-20
48 LAWS OF HUSTLING - Don't be a Statistic,Julien II,2021-03-21
"48 LAWS OF POWER, THE ",Robert Greene,2021-03-21
4TPE PUBLICATIONS (Fall 2019),NA,2019-11-19
4TPE PUBLICATIONS (Summer 2019),NA,2019-08-19
50 PLUS MILFS (Fall 2018),NA,2021-06-21
50 TATTOO-ADULT COLORING BOOK,John Starts,2025-05-01
50 THINGS TO DO WITH A RABBIT & OTHER SEX TOYS,Daisy Valetta,2022-11-01
"50th LAW, THE",50 Cent / Greene,2021-03-21
61 HOURS,Lee Child,2020-11-01
8 HARDCORE TABOO SEX STORIES,Moore,2019-11-19
"A & M NEWSLETTER (5-08 / #33 / 10-09 / 10-10 / #62 / 2,4,9-11 / #66,68,73,79,85,86 / 5,9,10-12)",NA,NA
A BEGINNER'S GUIDE TO ACUPUNCTURE - Treating Common Ailments Through Traditional Chinese Medicine,NA,2025-11-01
A BRONX TALE - Love and a Death Wish,Ghost,2022-07-22
A BRONX TALE 2 - Tears of an Animal,Ghost,2020-11-01
A BRONX TALE 3 - Sleeping with the Enemy,Ghost,2020-11-01
"A BROTHERHOOD BETRAYED - The Man Behind the Rise and Fall of Murder, Inc.",Cannell,2022-05-22
A DARK TOWER NOVEL - The Wind Through the Keyhole,Stephen King,2022-05-22
"A DECLARATION, A CALL TO GET ORGANIZED NOW FOR A REAL REVOLUTION",NA,2021-05-21
A DEEPER LOVE INSIDE,Sister Souljah,2023-08-23
"A DOCTOR'S GUIDE TO ALTERNATIVE MEDICINE - What Works, What Doesn't, and Why",Mel Borins,2025-02-25
A DOG NAMED BEAUTIFUL,NA,2022-04-22
A DOPEMAN'S RICHES - Money Rules the World,Goosby,2021-01-21
"A FIELD GUIDE TO DEMONS, VAMPIRES, FALLEN ANGELS, AND OTHER SUBVERSIVE SPIRITS",Mack & Mack,2024-03-01
A FIELD GUIDE TO LUCID DREAMING - Mastering the Art of Oneironautics,"Tuccillo, Zeizel & Peisel",2021-06-01
A FLICKER IN THE DARK,Willingham,2024-01-01
A GAMBLING MAN,Baldacci,2024-07-01
A GANGSTA'S PLEDGE,Griffin,2021-10-21
A GANGSTER'S CODE - A Favor for a Favor,Blunt,2021-06-01
A GANGSTER'S CODE 2 - Thug Immortal,Blunt,2021-06-01
A GANGSTER'S CODE 3 - Bloody Betrayal,Blunt,2021-06-21
A GANGSTER'S REVENGE,Aryanna,2020-01-20
A GANGSTER'S REVENGE II,Aryanna,2021-03-21
A GANGSTER'S SYN - Obligated to Kill,Blunt,2021-05-21
A GUIDE TO MAKING LEATHER BELTS WITH 12 COMPLETE PROJECTS,Armitage,2023-09-23
A LUCKY CHILD (Buergenthal),NA,2020-04-20
A MAN OF HONOR - The Autobiography of Joseph Boanno,NA,2024-05-01
A MAN'S SKIN (Author - Hubert / Artist - Zanzim),NA,2022-01-22
A MASSACRE IN MEXICO - The True Story Behind the Missing Forty-Three Students,Hernandez,2023-06-01
A MODERN GUIDE TO HEATHENRY,Krasskova,2021-06-21
A MODERN MAN - The Best of George Carlin,NA,2022-05-22
A MOMENT OF SILENCE,Souljah,2021-09-21
A NAZI CHILDHOOD,Weiss,2023-11-01
A NEW YEAR - The Urgent Need for a Radically New World (01-2021),NA,2021-04-01
A PAGAN RITUAL PRAYER BOOK (Serith),NA,2024-09-01
A PRACTICAL GUIDE TO RABBIT RANCHING - Raising Rabbits for Meat and Profit,Mays,2023-08-23
A PRIVATE SHOWING (Blair Erotica),NA,2020-09-01
A PROMISED LAND (Barack Obama),NA,2020-11-01
A PURITAN THEOLOGY - Doctrine for Life,Beeke & Jones,2021-02-21
A QUEER HISTORY OF THE UNITED STATES,Bronski,2021-02-21
A ROSE FOR HER GRAVE,Ann Rule,2021-12-21
A SAFE HOUSE,Stuart Woods,2024-05-01
A SAVAGE DOPEBOY - Choppas and Lost Souls,Ghost,2021-02-21
A SAVAGE DOPEBOY 2 - Clap Back,Ghost,2021-02-21
"A SERIAL KILLER'S DAUGHTER - My Story of Hope, Love, and Overcoming",Rawson,2022-07-22
A TANGLED WEB,Rule,2023-12-01
A THOUSAND SHALL FALL,Mundy,2020-09-20
A TIME FOR MERCY,NA,2022-04-22
A TRAVELER'S GUIDE THROUGH BLEAK WALLS,Hutchins,2023-01-01
A WICCAN BIBLE - Exploring the Mysteries of the Craft from Birth to Summerland,AJ Drew,2024-03-01
A WITCHES' BIBLE - The Complete Witches' Handbook (Farrars),NA,2025-08-01
ABOLITIONIST (Summer 2013 / Summer 2016 / Winter 2016 / Spr 2017 / Winter 2018 / Summer 2018 / Fall 2018 / Summer 2019 / Fall 2020 / Winter 2021 / Summer 2021 - #35 / Summer 2022 - #37 / Fall 2022 / Summer 2023 / Fall '24-Winter '25 / Spr-Summer 2025 - #43),NA,NA
"ABRIDGED GUIDE TO US SPECIAL FORCES, THE - Skills, Tactics, and Techniques",NA,2026-01-01
ACID FOR THE CHILDREN - A Memoir,Flea,2023-01-01
ACTIVATE YOUR SUPER-HUMAN POTENTIAL - The Ultimate 5D Took Kit,Sargeant,2023-09-23
ADAPTIVE TAI CHI - An Accessible Practice For Emergency Body and Mind,Zibin Guo,2026-01-01
ADDICTED #1 - Addicted Trilogy,Nelson,2020-07-01
ADDICTED (Zane),NA,2020-07-01
ADJUSTMENT DAY,Palahniuk,2023-09-23
ADULT STARS MAGAZINE (#3),NA,2023-10-23
ADULT STARS MAGAZINE (#4),NA,2024-01-01
ADULT STARS MAGAZINE (#5),NA,2024-01-01
ADVANCE IOWA PBS,NA,NA
ADVANCED HOME WIRING - Updated 5th Edition (Black & Decker),NA,2025-05-01
ADVANCED TATTOO ART - How to Secrets from the Masters - Revised Edition,Mitchell,2024-03-01
ADVERSITY FOR SALE - Ya Gotta Believe,Jenkins,2025-11-01
"ADVOCATE, THE",NA,NA
AFRICAN VIBES,NA,NA
AFTER AUSCHWITZ,Schloss,2021-07-21
ALCHEMIST'S HANDBOOK,Frater Albertus,2023-11-22
"ALCOHOLICS ANONYMOUS - 4th Edition of the Big Book - The Basic Text for Alcoholics Anonymous (AA World Services, Inc)",NA,2022-08-22
ALGERNON BLACKWOOD HORROR STORIES - Gothic Fantasy,NA,2024-08-01
"ALGORITHM DESIGN MANUAL - 3rd Edition, THE",Steven Skiena,2024-09-01
ALICE IN CHAINS - Acoustic,Leonard,2021-04-01
ALL ABOUT HISTORY (128),NA,2023-06-01
ALL AMERICAN MURDER - Rise & Fall of Aaron Hernandez,Patterson,2023-04-01
ALL NATURAL BEAUTIES,Koons,2021-10-21
ALL THE ART THAT'S FIT TO PRINT - And Some That Wasn't,Kraus,2022-12-01
ALL THINGS ARE WORKING FOR YOUR GOOD,Osteen,2022-06-22
"ALL YOU WANT, WHENEVER YOU WANT (Presented by Omayu)",NA,2024-07-01
ALLE'CHANT BELLES (Issue #1 / V1),NA,2020-07-01
"ALRIGHT, ALRIGHT, ALRIGHT",Maerz,2021-10-21
ALT - Amy Dela Croux,NA,2021-07-21
ALT - Kristen (#3),NA,2021-06-01
ALT - Raquel Reed (8-2011 / V3),NA,2021-12-21
ALVARADO COSPLAY PIN-UPS,Alvarado,2021-06-21
ALVARADO'S ALL-AMERICAN GIRLS,Robert Alvarado,2023-12-01
ALVARADO'S CLASSIC MODERN PIN-UPS (Schiffer Books),NA,2022-07-22
ALVARADO'S PIN-UP NUDES - 2nd Edition,Alvarado,2020-07-01
ALWAYS RUNNING,Rodriguez,2022-08-22
AMERICAN BOOBS,Jahns,2022-03-22
AMERICAN FREEMASONS,Tabbert,2020-09-20
AMERICAN FRONTIERSMAN (Fall 2021 / V. 10 #4),NA,2021-12-21
AMERICAN FRONTIERSMAN (Spr 2023),NA,2023-04-01
AMERICAN FRONTIERSMAN (Summer 2022),NA,2022-08-22
AMERICAN GANGSTER & OTHER TALES OF NEW YORK,Jacobson,2022-05-22
AMERICAN GIRL,NA,NA
AMERICAN IRON,NA,2020-07-01
AMERICAN MARXISM,Levin,2021-09-21
AMERICAN PROMETHEUS - Triumph and Tragedy of J. Robert Oppenheimer,Bird / Sherwin,2024-03-01
AMERICAN SNIPER,Harper,2023-08-23
AMERICAN WHISKEY - Over 300 Whiskey and 110 Distillers Tell the Story of the Nations Spirit,Thomas,2024-09-01
AMONGST THIEVES,Carter,2022-04-22
AMSTATNEWS,NA,2021-02-21
"ANALOG, SCIENCE FACT & FICTION",NA,NA
ANANSI BOYS,Gaiman,2022-05-22
ANATOMICA:  The Complete Home Medical Reference,NA,2020-03-20
"ANATOMY COLORING BOOK, THE - 4th Edition",Kapit / Elson,2022-11-01
ANATOMY FOR THE ARTIST - A Complete Guide to Drawing the Human Body,Crouch,2024-09-01
"ANATOMY SKETCHBOOK, THE",NA,2022-04-22
"ANCESTRAL POWER OF AMULETS, TALISMANS & MASCOTS, THE",Pennick,2021-12-21
ANCHOR ME (Kenner),NA,2020-03-20
ANCIENT ALIENS IN THE BIBLE,Haze,2020-05-01
ANDROID APPLICATION DEVELOPMENT ALL-IN-ONE FOR DUMMIES - 3RD Edition,Burd,2025-08-01
ANDROID PROGRAMMING 5th Edition - The Big Nerd Ranch Guide,Bryan Sills,2024-09-01
ANGEL'S OF DEATH,Sanada,2022-01-22
ANGELA DAVIS:  An Autobiography,NA,2023-12-01
ANGELS AND TOMBOYS - Girlhood in the 19th Century American Art,NA,2022-12-01
ANIMAL - The Beginning,K'wan,2022-07-22
ANIMAL II - The Omen,K'wan,2022-08-22
ANIMAL KINGDOM,NA,NA
ANIME FIGURES - Tokyo's Hottest 50 Figurines,Shimono,2023-04-01
ANONYMOUS SEX,Jordan & Lu-Lien Tan,2023-02-01
ANTHEM,Rand,2022-05-22
"ANTI-CHRIST, THE",Nietzsche,2022-07-22
ANYONE CAN TATTOO,Henry Anglas,2025-02-01
AP (Alternative Press),NA,NA
APHRODITE IN BLOOM (Anonymous),NA,2023-04-01
APOCALYPSE TRAILS PIRATES,Nobody,2020-07-01
AQUA EROTICA 2 - 12 Stories No Boundries,NA,NA
AR-15 (Recoil),NA,2022-03-22
"ARAB WINTER, THE - A Tragedy",Feldman,2021-05-21
ARCHITECTURE OF A TECHNODEMOCRACY (Hanania),NA,2020-04-20
ARCTIC FEVER (#1 - 2024),NA,2024-02-01
ARCTIC FEVER (#2 - 2024),NA,2024-02-01
ARCTIC FEVER (Premier Issue),NA,2024-02-01
ARCTIC FEVER (V1 - Latina - Daniella Chavez Cover,NA,2024-07-01
ARCTIC FEVER MAGAZINES CATALOG 2024,NA,2024-08-01
ARDUINO FOR DUMMIES,NA,2021-09-21
"ARDUINO INVENTOR'S GUIDE, THE - Learn Electrnics Making 10 Awesome Projects",Huang & Runberg,2022-09-22
ARES Magazine (#5),NA,2021-05-21
ARIZONA HIGHWAYS,NA,NA
ARMORY LIFE (Winter 2021),NA,2022-01-22
"ARMORY LIFE, THE (Spr 2021)",NA,2021-05-21
ART & ARTIST,NA,NA
"ART & SCIENCE DRAWING, THE",Eviston,2022-07-22
"ART AND POWER OF LETTER WRITING FOR PRISONERS, THE",Mike Enemigo,2024-12-01
"ART AND SCIENCE OF RESPECT, THE",Prince,2020-02-20
ART IN AMERICA,NA,NA
ART NOUVEAU,"Munchen, Wien, Praha",2022-01-22
"ART OF CARETTA HARD CANDY, THE",NA,2023-06-01
"ART OF DARKNESS, THE - A Treasury of the Morbid, Melancholic, and Macabre",Elizabeth,2023-09-23
ART OF DECEPTION - An Intro to Critical Thinking,Capaldi & Smit,2023-06-01
"ART OF DECEPTION, THE",Mitnick,2020-07-01
"ART OF DIABLO, THE",Brom & Metzen,2022-09-22
"ART OF FIGURE DRAWING FOR BEGINNERS, THE",Keck,2022-06-22
"ART OF HOLDING TOGETHER, THE",Ward,2020-07-01
"ART OF HORROR MOVIES, THE - An Illustrated History:  New Expanded Edition (Jones & Landis)",NA,2022-08-22
"ART OF JOSE CANO, THE - A Passion for Pin-Ups",NA,2023-10-23
"ART OF MACKIN', THE",Tariq Nasheed,2022-11-01
"ART OF PAPER CRAFT, THE - Unique One Sheet Projects Using Origami, Weaving, Quilting, Pop-Up, and other Inventive Techniques",Hiebert,2023-09-23
"ART OF READING MINDS, THE - How to Understand and Influence Others Without Them Noticing",NA,2022-12-01
"ART OF SEDUCTION, THE",Green,2023-01-01
"ART OF SEXY, THE (Premier Issue, #2)",NA,NA
"ART OF WAR, THE",Tzu,2024-04-01
"ART OF WELDING, THE",Vause,2023-06-01
ART SINCE 1989 (Grovier),NA,2025-03-01
ARTWORKS OF HISASI 2011-2018 (Fakku),NA,2024-11-01
AS GOOD AS DEAD,Moore,2021-09-21
ASAROTICA (Akira),NA,2020-02-20
ASATRU - A Beginner's Guide to the Heather Path,Erin Lale,2024-09-01
ASATRU FOR BEGINNERS,Nordvig,2021-09-21
ASIS ASSETS (#6),NA,2022-08-22
ASIS ASSETS (10),NA,2021-03-21
ASIS ASSETS (14),NA,2023-09-23
ASIS ASSETS (5),NA,2022-07-22
"ASSAULT ON INTELLEGENCE, THE",Hayden,2021-07-21
"ASTROLOGY - The Comprehensive Guide to Using Zodiac Signs and Horoscopes for Better Relationships, Becoming Wealthy, and Life-Long Success",Janet Ritchie,2023-11-01
ASTROLOGY GUIDE,NA,NA
ASTROLOGY OF TRANSPORTATION (PHONE),NA,NA
ASTRONAUTICS,NA,NA
ASTRONOMY,NA,NA
ASYLUM (Roux),NA,2021-08-21
AT YOUR BEST AS A CARPENTER - Your Playbook for Building a Successful Career and Launching a Thriving Small Business as a Carpenter,NA,2022-09-22
AT YOUR BEST AS A MASON - Your Playbook for Building a Successful Career andLaunching a Thriving Small Business as a Mason,NA,2022-09-22
AT YOUR BEST AS A WELDER,Carosso,2021-06-21
ATHLETIC JOURNAL,NA,NA
ATHLON SPORTS PRO FOOTBALL 2015 NFL,NA,NA
"ATLANTIC, THE",NA,NA
"ATM - Latina (V1 #1, #2)",NA,NA
ATM - Pawgs (V1 #1),NA,NA
"ATM MAGAZINE (V1 #1, #2, #3, #4, #4.1, #5)",NA,NA
ATOMIC HABITS,Clear,2020-05-01
"ATTACK ON TITAN OMNIBUS - Volumes 10, 11, 12",Isayama,2024-05-01
"ATTACK ON TITAN OMNIBUS - Volumes 7, 8, 9",Isayama,2024-05-24
AUDITOR MONTHLY JOURNAL OF SCIENTOLOGY,NA,NA
AUDUBON MAGAZINE,NA,NA
AURELIE - Survival,Duts,2021-04-01
AUTABUY,NA,NA
AUTO RACING DIGEST,NA,NA
AUTO ROUND-UP,NA,NA
AUTO WEEK,NA,NA
"AUTOBIOGRAPHY OF A FLEA, THE (Anonymous)",NA,2022-09-22
"AUTOBIOGRAPHY OF GUCCI MANE, THE",Martinez-Belkin,2023-12-01
AUTOBIOGRAPHY OF MALCOLM X - As Told to Alex Haley,NA,2023-06-01
AUTOMOBILE,NA,NA
AUTOMOTIVE TECHNOLOGY - A Systems Approach - 6th Edition,Erjavec & Thompson,2021-10-21
AWAKEN YOUR THIRD EYE - How Accessing Your Sixth Sense,NA,NA
"AWAKENING, THE - Book 1",Rashaan,2020-07-01
AZTECS (#3),NA,2021-05-21
AZURE GREEN (Beltane-Yule 2005) VIEW ONLY,NA,NA
AZURE GREEN (THIS IS VIEW ONLY),NA,NA
B@DDIE$ INC (#5) - @ KoKo Kay Cover,NA,2024-04-01
BABES (#2),NA,2022-01-22
BABES - Premier Issue / Schoolgirls Edition,NA,2020-11-20
"BABY BROTHER - On These Streets, No One Can Protect You (50 Cent / Noire)",NA,2023-06-01
BABY DOLL,Hollie Overton,2024-07-01
BACK OF BEYOND,CJ Box,2024-03-01
BACK TO BASICS:  Complete Guide to Traditional Skills,Gehring,2022-05-22
BACK TO BIZNESS - The Return of the Mayor,Banks,2020-07-01
BACKDRAFT,Allison,2021-09-21
"BACKWOODS HOME (4,5-2024 / #196)",NA,2024-04-01
BACKWOODS SURVIVAL GUIDE - Centennial Outdoors,NA,2020-11-20
"BACKWOODSMAN, THE (7,8-10 / 1,2,3,4-11  /   / V36 #6 / V37 #1,2,3,4 / 7,8-2016 / 11,12-2020)",NA,NA
BAD BEHAVIOR,Mitchell,2022-01-22
BAD GIRLZ 4 LIFE (Holmes),NA,2023-04-01
BAD LITTLE CHILDREN'S BOOKS,Gackley,2023-04-01
"BADDIES INC. (#2, #6)",NA,2023-09-01
BADLANDS,CJ Box,2024-04-01
BANZAI GIRLS - Stripped Down,Jinky Coronado,2024-02-01
"BARBEE (#1, #2, #3)",NA,NA
BARBEE BLACK (#3),NA,2023-03-01
BARBEE SLUTS (#2),NA,2023-03-01
BARBIE SLUTS (#2) - KiKi Doll / Lana Love Front & Back Covers,NA,2024-07-01
BARE IT ALL,Barbara Jensen,2025-02-01
BARE LANDSCAPES (Markusson),NA,2021-08-21
BARTENDERS (#1),NA,2024-01-01
BASEBALL DIGEST,NA,NA
"BASEMENT, THE",Parker,2022-08-22
BASIC LIVING CONCEPTS,NA,NA
BASIC PURPOSE OF FOLLOWING THE BUDDHA,NA,NA
BASKETBALL,NA,NA
BASS PLAYER,NA,2020-04-01
BASS PRO SHOP,NA,NA
BASSMASTER,NA,2025-02-01
BATTLE CRY SOUNDING,NA,NA
BATTLE IN THE MIND,NA,NA
BATTLEFIELD OF THE MIND - Winning the Battle in Your Mind,Meyer,2021-02-21
BATTLING THE ADMINISTRATION,Meister,2021-07-21
BAXXZ (#1),NA,2021-06-21
"BBO MAGAZINE (V1 #1, #9, #10, #11, #13)",NA,2020-07-01
BE STRONG,NA,NA
BE WATER MY FRIEND,Lee,2022-06-22
BEACH BUNNIES ( #2),NA,2023-04-01
BEACH BUNNIES (#3) - Featuring CoCo & Amanda Nicole Covers,NA,2024-07-01
BEACH BUNNIES (Premier Issue),NA,2024-07-01
"BEAST 666, THE - The Life of Aleister",Symonds,2021-06-21
BEASTMODE - Welcome to the Jungle,Awsum,2021-02-21
BEAT THE DEALER,Thorp,2020-01-20
BEAUTIFUL BACKSIDES,Yeager,2022-12-01
BEAUTIFUL BREASTS PICTURES,Timms,2022-01-22
BEAUTIFULLY CRUEL,Phelps,2023-12-01
BEAUTY FASHION,NA,NA
"BEAUTY OF HORROR III, THE",Robert,2022-10-22
"BEAUTY OF HORROR IV, THE",Robert,2022-10-22
BECOMING NURSEY,Kleber,2020-11-20
BEEKEEPING FOR DUMMIES - 5th Edition,Blackiston,2024-04-01
BEEN THERE DONE THAT - A Rousing History of Sex,Feltman,2023-01-01
BEFORE YOU CALL A PRO - Family Handyman,NA,2025-05-01
BEG (#5),NA,2021-11-21
BEGINNER'S GUIDE TO LIFE DRAWING,Armer,2022-07-22
"BEGINNER'S PHOTOGRAPHY GUIDE, THE",Gatcum,2022-08-22
BEGINNING AGAIN,NA,NA
BEGINNING PROGRAMMING FOR DUMMIES (Wang),NA,2020-04-20
BEGINNING T - SQL,Kellenberger & Shaw,2020-05-01
BEHAVE - The Biology of Humans at Our Best and Worst,Sapolsky,2020-09-01
BEHIND THE IRON,Johnstone,2025-12-01
BEHIND THE LINES,NA,NA
BELIEVER'S VOICE OF VICTORY,NA,NA
"BELIEVERS TWO NATURES, THE",NA,NA
BENEATH A SCARLETT SKY,Sullivan,2020-02-20
BERSERK - Deluxe Edition (V1),NA,2024-05-01
"BEST AMERICAN SCIENCE FICTION AND FANTASY 2021, THE",Veronica Roth,2024-08-01
BEST BONDAGE EROTICA OF THE YEAR 2,Bussel,2023-01-01
"BEST CRIME STORIES EVER TOLD, THE",Sayers,2022-04-22
"BEST EROTIC SHORT STORIES, THE - 2022 (Edited by Rayne Russell)",NA,2025-09-01
BEST LIFE,NA,NA
"BEST OF BOYS' LIFE, THE - For All Boys (Boy Scouts of America)",NA,2024-02-01
BEST OF BUTTZ (V1),NA,2022-06-22
BEST OF DULCE - Latina (Pt 1),NA,2021-02-21
BEST OF DULCE - Latina (Pt 2),NA,2021-05-21
"BEST OF ME, THE",Sparks,2022-06-22
"BEST OF WORLD SF, THE - V1",Lavie Tidhar,2024-08-01
"BEST RESOURCE DIRECTORY FOR PRISONERS, THE 2025 - Over 1400 Up-to-Date Resources",Enemigo,2025-10-01
BEST SELLING HOUSE PLANS - 4th Edition - North America's Premier Designers Network (Creative Homeowner),NA,2024-07-01
"BEST TRUE CRIME STORIES OF THE YEAR, THE (2025)",NA,2025-12-01
BEST WOMEN'S EROTICA OF THE YEAR - V10 (Edited by Rachel Bussel),NA,2025-06-01
BESTLIFE,NA,NA
BETHANY EVANGELICAL LUTHERAN CHURCH,NA,NA
BETHLEHEM STAR,NA,NA
BETRAYED,Givens,2023-06-01
BETTER CAMPING,NA,NA
BETTER HOMES & GARDENS,NA,NA
BETTER OFF DEAD DEAD - Jack Reacher Series,Lee Child,2024-08-01
BEYOND THE SHADOWS,Weeks,2022-08-22
"BGE Magazine (3, 4)",NA,2022-08-22
BIBLE & BOOK ROOM,NA,NA
BIBLE ADVOCATE,NA,NA
BIBLE BELIEVERS' BULLETIN,NA,NA
BIBLE CORRESPONDENCE COURSE,NA,NA
BIBLE DICTIONARY & CONCORDANCE,NA,NA
BIBLE DISCOVERY ADULT STUDENT'S BOOK,NA,NA
BIBLE EXPOSITOR & ILLUMINATOR,NA,NA
BIBLE FACTS,NA,NA
BIBLE FRIEND,NA,NA
"BIBLE HAS THE ANSWER, THE",NA,NA
BIBLE HISTORY CHARTS,NA,NA
BIBLE IN THE NEWS,NA,NA
"BIBLE OF THE ADVERSARY, THE",Ford,2024-02-01
BIBLE PROMISES,NA,NA
BIBLE QUESTIONS & ANSWERS,NA,NA
BIBLE READING RECORD,NA,NA
"BIBLE TRACTS, INC.",NA,NA
BIBLICAL ARCHAEOLOGY REVIEW,NA,NA
BIBLICAL PROPHECY - PROOF OF THE BIBLE,NA,NA
BICYCLING,NA,NA
"BIG BOOK OF BODE TATTOOS, THE (Last Gap Publishing)",NA,2026-01-01
BIG BOOK OF BOOBS - 4th Edition / 2011,NA,2023-12-01
"BIG BOOK OF KIND, THE - Sexy Stories",Tyler,2018-10-18
"BIG BOOK OF MAKER SPACE PROJECTS, THE",NA,2020-11-01
"BIG BOOK OF ORGASMS, THE",Bussel,2020-05-20
"BIG BOOK OF REALISTIC DRAWING SECRETS, THE - Easy Techniques for Drawing People, Animals and More",Carrie/Rick Parks,2024-05-01
"BIG BOOK OF RUNES AND RUNE MAGIC, THE - How to Interpret Runes, Rune Lore and the Art of Runecasting (Thorsson)",NA,2023-10-23
"BIG BOOK OF SCIENCE, THE",NA,2020-11-20
"BIG BOOK OF SERIAL KILLERS, THE",Rosewood & Lo,2021-06-21
BIG BOOK OF SMALL HOME PLANS 2nd Edition (Creative Homeowner),NA,2023-02-01
"BIG BOOK OF UFO FACTS, FIGURES AND TRUTH, THE",Spignesi & Birnes,2020-11-20
BIG JUGS (#1),NA,2021-12-21
BIG JUGS (#2),NA,2023-03-01
"BIG LIE, THE - Exposing the Nazi Roots of the American Left With a New Introduction",D'Souza,2025-11-01
BIG SISTER,Hana Jakrlova,2023-08-23
"BIG TEASE, THE",Timm,2021-04-01
"BIGGER, LEANER, STRONGER",Matthews,2020-07-01
BIKE WORKS,NA,NA
"BIKER - Supplement to 7,8-2025 Easyriders Magazine",NA,2025-07-01
BILLIE EILISH,Billie Eilish,2023-08-23
BILLY SUMMERS (Stephen King),NA,2024-11-01
BILLY THE KID - A Short & Violent Life,Utley,2022-08-22
BIRDS & BLOOMS,NA,NA
"BITTERROOTS, THE",CJ Box,2024-04-01
BLACK AND GREY TATTOO DESIGNS,Leezey Lee,2025-10-01
"BLACK AND PINK NEWS (Summer 2019 / 4,9,10,11-2019 / V11 #5,#6 / V12 #1, #2,#3,#4,#6 / V13 #1, #2, #3 / V14 #1)",NA,NA
BLACK AND PINK NEWS (V13 #4),NA,2023-03-01
"BLACK ARTS, THE",Cavensdish,2022-01-22
BLACK DOG,Stuart Woods,2024-05-01
"BLACK FLAME, THE (#16)",NA,2018-12-18
BLACK FRIDAY,Ashley & Jaquavis,2021-04-01
BLACK GIRL LOST (Goines),NA,2020-03-20
BLACK GOD - An Introduction to the World's Religious and Their Black Gods,Dr. Supreme Understanding,2021-03-21
"BLACK HAT GO - Go Programming for Hackers and Pentesters (Steele, Patten and Kottman)",NA,2024-07-01
BLACK HUMOR,Smith,2022-03-22
BLACK K KLANSMAN - A Memoir,Stallworth,2019-02-19
BLACK LIES,Torre,2022-08-22
BLACK LOTUS,K'Wan,2023-06-01
BLACK LOTUS 2 - The Vow,K'Wan,2021-01-21
BLACK MAGIC FOR DARK TIMES - Spells of Revenge and Protection,Kaelin,2023-10-23
"BLACK MEN (11,12-2007 / V16 #1, #2)",NA,NA
"BLACK PHONE STORIES, THE",Hill,2022-05-22
BLACK PRIVILEGE (Charlamagne Tha God),NA,2021-01-21
"BLACK PULLET, THE - Science of Magical Talisman",Weiser,2024-07-01
BLACK TIGHTS (Art Direction:  Yom),NA,2024-05-01
BLACKFLAME - Cradle V. 3,Wright,2022-08-22
BLACKHAWK BIBLE BAPTIST CHURCH,NA,NA
BLACKMAILED FIANCE,thecryptkeeper,2019-05-19
BLACKMAILED INTO SUBMISSION,NA,2019-06-19
BLACKMEN,NA,NA
"BLADE ITSELF, THE",Abercrombie,2023-03-01
BLAST FOR ME 2 - An Eye for an Eye,Ghost,2020-07-01
"BLAST FOR ME, HONOR MY GANGSTA",Ghost,2020-07-01
BLEACH - Volumes 1-3 (Story and Art by Tite Kubo),NA,2024-05-01
BLEACH - Volumes 4-6 (Story and Art by Tite Kubo),NA,2024-05-01
BLEACH - Volumes 7-9 (Story and Art by Tite Kubo),NA,2024-05-01
BLEAK WALLS BRIGHT MINDS IN THEIR OWN WORDS,Hutchins,2020-11-01
"BLESSED & BEYOND (9,10,11,12-2020 / V2 #8 / 02,04,06,09,12-2021 / V3 #4, #5, #6 / 4-2022 / 6-2025)",NA,NA
BLESSED PROVISIONS OF THE CHRISTIAN LIFE,NA,NA
"BLESSING, THE",NA,NA
BLIND LOYALTY (Tr3.6.6 & Wallace),NA,2020-11-01
BLIND LOYALTY 2 (Tr3.6.6),NA,2020-11-01
BLITZ-TRUMP WILL SMASH THE LEFT AND WIN,Horowitz,2020-09-20
BLOCK PARTY,Al Saadiq Banks,2023-06-01
BLOCK PARTY 2 - The Afterparty,Banks,2018-10-18
BLOCK PARTY 3 - Brick City Massacre,Banks,2020-07-01
BLOCK PARTY 5K1.2 - Diplomatic Party,Banks,2020-07-01
BLOOD OF A BOSS,Askari,2022-04-01
BLOOD OF A BOSS 3,Askari,2019-07-19
BLOOD OF A BOSS 4,Askari,2019-07-19
BLOOD OF A BOSS 5 - Blood in My Eyes,Askari,2020-01-20
BLOOD OF BOSS II,Askari,2022-04-01
BLOOD OF ELVES,Sapowski,2022-09-22
BLOOD OF MY BROTHER,Zoe & Woods,2020-09-20
BLOOD OF MY BROTHER III - The Begotten Son,Woods,2021-05-21
BLOOD OF MY BROTHER IV - Behind the Mask,Woods,2021-05-21
BLOOD OF THE EARTH,Wells,2020-04-20
BLOOD ON THE MONEY - The Chosen One,Blunt,2021-05-01
BLOOD STAINS OF A SHOTTA - Da Life of a Rude Boy,Jamaica,2022-07-22
BLOOD STAINS OF A SHOTTA - Feel My Pain,Jamaica,2022-07-22
"BLOOD STAINS OF A SHOTTA 3 - Always Us, Never Them",Jamaica,2022-08-22
BLOODLINE,Warren Murphy,2024-10-01
BLOODY ALPHABET - Scariest Serial Killers Coloring Book,Oy,2021-04-01
BLOOMING LILY,Cianciarulo,2022-07-22
BLOW,50 Cent & K'Wan,2020-11-01
BLUE HAVEN,CJ Box,2024-02-01
"BLUE RAGE, BLACK REDEMPTION (Stanley Tookie Williams)",NA,2020-04-20
BLUE WORLD,McCammon,2018-10-18
"BOAT OF A MILLION YEARS, THE",Anderson,2018-12-18
BOATING,NA,NA
BOATS AND HARBORS,NA,NA
BOB AVAKIAN FOR THE LIBERATION OF BLACK PEOPLE & THE EMANCIPATION OF ALL HUMANITY,NA,2021-06-21
"BODY (#2, 3, 4,6,7)",NA,2019-08-19
BODY - Backshot Boogie (#1),NA,2020-04-20
"BODY KEEPS THE SCORE, THE",VanDerKolk,2022-05-22
BODY TYPE - Intimate Messages Etched in Flesh,Saltz,2025-05-01
BODY WEIGHT WORKOUTS FOR MEN,Bartram,2020-09-01
"BONDED BY BLOOD - Three Brothers, One Promise",Cash,2021-03-21
"BONE TREE, THE",Iles,2023-12-01
BOOK OF ADRIA (Brooks & Burns),NA,2022-09-22
"BOOK OF AZAZEL, THE",Koetting,2022-01-22
BOOK OF BLACK MAGIC AND OF PACTS,Waite,2022-03-22
"BOOK OF ENOCH, THE (Translated by Charles)",NA,2023-06-01
"BOOK OF FIVE RINGS, A  - The Classic Guide to Strategy",Musashi,2019-06-19
"BOOK OF FIVE RINGS, THE - Gin Rin No Sho",Musashi,2019-05-01
"BOOK OF FLORA, THE",Elison,2021-04-01
"BOOK OF GENESIS, THE - The Bible Believers Commentary Series",Ruckman,2021-03-21
"BOOK OF GOETIA OR THE LESSER KEY OF SOLOMON THE KING, THE",NA,2022-03-22
"BOOK OF LIFE, THE",Krishnamurti,2020-05-20
"BOOK OF MALACHI, THE",Farren,2023-06-01
"BOOK OF OGHAM, THE",Kelly,2023-08-23
"BOOK OF POWER, THE",Mitch Horowitz,2024-12-01
"BOOK OF POWER, THE - The Greatest Works of the Ages on Attaining Mastery, Magnetism and Personal Power",Zwer,2023-08-23
"BOOK OF PRACTICAL WITCHCRAFT, THE - A Compendium of Spells, Rituals and Occult Knowledge",Ball,2023-08-23
"BOOK OF ROMANS, THE - The Bible Believers Commentary Series",Ruckman,2021-03-21
"BOOK OF SIX RINGS, THE - Secrets of the Spiritual Warrior",Jock Brocas,2024-10-01
"BOOK OF SPELLS, THE - The Magick of Witchcraft",Della,2022-10-22
"BOOK OF SPELLS, THE - White Magic to Make Your Dreams Come True",Johnstone,2021-11-21
"BOOK OF THE UNNAMED MIDWIFE, THE",Elison,2020-09-01
"BOOK OF THOTH, THE - Egyptian Tarot",Crowley,2022-09-22
"BOOK OF VIKING MYTHS, THE - From the Voyages of Leif Erikson to the Deeds of Odin, the Storied History and Folklore of the Vikings",Archer,2023-10-23
BOOM (#4),NA,2023-09-23
BOOM (#5),NA,2023-11-01
BOOM (#6) - The Asian Issue @ Meganthekim Cover,NA,2024-04-01
BOOM! (#1)  ALL BE AWARE THAT BOOM! HAS BLANK PAGES GLUED TOGETHER - BE AWARE FOR SHAKEDOWN PURPOSES.,NA,2023-03-01
BOOM! (#1) - The Big Camel Toe Review,NA,2024-09-01
BOOM! (#2) - The Big Camel Toe Review,NA,2025-02-01
BOOM! (#3),NA,2024-07-01
BOOTY,Stokes,2020-09-20
BOOTY ENCYCLOPEDIA (V2),NA,2021-09-21
BOOTY ROYALE 15-16 - Never Go Down Without a Fight (Takato),NA,2025-03-01
"BORMAN BROTHERHOOD, THE",Stevenson,2021-10-21
BORN HEARTLESS - Chasin' Demons,Edwards,2020-11-01
BORN HEARTLESS 2 - Dopeboy Killas,Edwards,2020-11-01
BORN HEARTLESS 3 - Feed the Killas,Edwards,2020-11-01
BORN HEARTLESS 4 - Blinded by Hatred,Edwards,2020-11-01
"BOTTLES & MODELZ (#1,2,3,4,5,6,7,8,9,10,11,12,13, 14)",NA,NA
"BOTTOM LINE, THE (4th Edition)",NA,2020-02-20
BOUDOIR PHOTOGRAPHY - The Complete Guide to Shooting Intimate Portraits,Rowe,2022-04-01
BOW AND ARROW,NA,NA
BOW DOWN TO MY GANGSTA,Tauhid,2022-08-22
BOWHUNTER (02-2024),NA,2023-12-01
BOWHUNTER (06-2023),NA,2023-08-23
BOWHUNTER (06-2024),NA,2024-07-01
BOWHUNTER (07-2021),NA,2021-07-21
BOWHUNTER (10-2023),NA,2023-10-23
"BOWHUNTER (11,12-2023)",NA,2023-12-01
"BOWHUNTER (4,5-2024)",NA,2024-03-01
BOWHUNTING,NA,2021-12-21
"BOWHUNTING WORLD (7,8-2021 / V70 #1)",NA,2021-08-21
BOWLING,NA,NA
BOXING DIGEST - PERMANENTLY APPROVED,NA,NA
BOXING ILLUSTRATED,NA,NA
"BOYS FROM BILOXI, THE",Grisham,2024-01-01
BOYS LIFE,NA,NA
"BRAIN BOOK, THE",Ashwell,2022-01-22
BRAZILIANGELS,Nabuco,2020-01-20
"BREAKING FREE - How I Escaped Polygamy, the FLDS Cult, and my Father, Warren Jeffs",NA,2025-06-01
BRED BY THE SLUMS - Loyalty in Blood,Ghost,2020-04-20
BRED BY THE SLUMS 2 - The Key to the Streets,Ghost,2020-04-20
BRED BY THE SLUMS 3 - King Pin Status,Ghost,2020-04-20
BRIAN CHEESE BUFFET (Lee),NA,2020-03-20
BROKEN CRAYONS STILL COLOR,Weaver,2020-07-01
BROKEN EMPIRE 3 - In the Hands of a Boss,Nicole,2021-07-21
"BROKEN PLACES, THE",Atkins,2023-09-23
"BROKEN, THE - The Apostle Series",Corriell,2024-05-01
BRONZE THRILLS,NA,NA
BROOKLYN ON LOCK,Alexander,2020-11-01
BROOKLYN ON LOCK 2 - Stackin' Riches,Alexander,2020-11-01
"BROTHA MAN (V11 #45 - Spr-Sum 09 / Fall-Winter 09 / V12 #47,48 / V13 #5,49 / Spr-Sum 2010 / Spr-Sum 2011 / Winter 2011 / Fall-Winter 2012 /  V14 #51 / V14 #52 / Spr-Summer 2013 / V15 #53,54 / Fall-Winter 2013 / Spr-Summer 2014 / V16 #55,56 / Fall-Winter 2014 / V17 #57,58 / V18 #59,60 / Spr-Summer 2016 / Spr-Summer 2017 / V19 #61,#62 / Spr-Sum 2018 / V20 #64 / Winter 2018 / Spr-Sum 2019 / V. 21 #65,#66 / Fall-Winter 2019 / Fall-Winter 2020 / V23 #69, #70 / Spr-Sum 2021 / Fall-Winter 2021 / Spr-Sum 2022 / Fall-Winter 2022 / Spr-Summer 2023 / V. 25 #75)",NA,NA
BROTHER'S BLOOD (Cawelti),NA,2020-02-20
BROTHERBAND - The Invaders,Flanagan,2020-11-01
BROTHERBAND - The Outcasts,Flanagan,2020-11-01
BRUCE LEE ART OF EXPRESSING HUMAN BODY,NA,2026-01-01
"BRUCE LEE WAY, THE",Baker,2022-03-22
BRUCE LEE'S JEET KUNE DO,Fry,2020-11-20
BRUSHSTROKES,NA,NA
BSAVY - Premier Issue (1),NA,2021-01-21
BUBBLES - Premier Issue,NA,2021-01-21
BUBBLES VS. PLUSH XL,NA,2022-06-22
BUCKLAND'S COMPLETE BOOK OF WITCHCRAFT,Buckland,2021-09-21
BUD PLANT'S INCREDIBLE CATALOG,NA,NA
BUDDHA BOWLS,Pemberton,2023-08-23
BUDDHISM IN A NUTSHELL,NA,NA
BUDDHIST DOCTRINE OF LIFE AFTER DEATH,NA,NA
BUDDHIST MEDITATION,NA,NA
"BUDDHIST ON DEATH ROW, THE - How One Man Found Light in the Darkest Place",Sheff,2023-10-23
BUDDIES,Mordden,2018-12-18
BUFFALO WINGS,NA,NA
BUILDERS OF THE ADYTUM LTD. (Mailer) VIEW ONLY,NA,NA
BUILDING YOUR OWN GAMING COMPUTER (Barnes),NA,2020-03-20
BULLSHIT - 500 Mind Blowing Lies We Still Believe,Adams,2022-05-22
BULLY GIRL (#92),NA,2021-10-21
BUNZ (Premier Issue / #3 / #5 / #6),NA,NA
BUNZ - Beach Booties (#1),NA,2021-01-21
BUNZ - Beach Booties (#2),NA,2023-03-01
BUNZ - Best Vixens (#6),NA,2022-09-22
BUNZ - Booties (V1),NA,2021-10-21
BUNZ - Ebony (#2),NA,2020-09-20
BUNZ - Ebony (#3),NA,2022-06-22
BUNZ - Exotic Beauties (#1),NA,2020-11-20
BUNZ - Exotic Booties (#1),NA,2021-02-21
BUNZ - Latina (#3),NA,2022-10-22
"BURNING SERPENT ORACLE, THE",Pollack,2021-10-21
"BURNING SPEAR, THE (Apr 2023 / V36 #8)",NA,2023-06-01
BUSCHCRAFT BASICS - A Common Sense Wilderness Survival Handbook,Pantenburg,2026-01-01
"BUSHIDO CODE, THE - Words of Wisdom and Advice From Japan's Greatest Samurai",Kamiko,2024-03-01
BUSINESS 3.0 (V28 #63),NA,2019-03-19
BUSINESS SOLUTIONS,NA,NA
BUSINESS WEEK,NA,NA
BUSTY BREXIT BABES,Falcon,2020-09-20
BUSY BODIES - Chocolate Flava 4 (Zane Presents),NA,2022-01-22
BUTTER (#1),NA,2021-11-21
BUTTERFLY,Antoinette,2024-02-01
BUTTERFLY - Book 2,Antoinette,2024-02-24
BUTTERFLY - Book 3,Antoinette,2024-02-24
BUTTON MAN,Gross,2023-01-01
BUTTSHOTZ (V1),NA,2023-06-01
"BUTTZ (#1, #2, #5, #6,#8, #9, #10 , #11, #12, #13)",NA,2020-01-20
BUTTZ (#3) - Jada Stevens The Legend Cover,NA,2024-07-01
BUTTZ (#7) - Mia and Vicki Covers,NA,2024-07-01
"BUTTZ (V4) - Kelsi, AJ & Anikka Cvr",NA,2024-07-01
BUTTZ - Backshotz (V2 - Bailey Brooke Cover Girl),NA,2021-03-21
BUTTZ - Backshotz (V2 - Mandy Muse Cover Girl),NA,2021-03-21
BUTTZ - Backshotz (V4 - Anikka & AJ Cover Girls),NA,2021-03-21
BUTTZ - Backshotz (V5 - Candice Dare Cover),NA,2023-01-01
BUTTZ - Beauty Hailey (#14),NA,2024-05-01
BUTTZ - Best of (V1),NA,2023-04-01
"BUTTZ - Ebony (#1,#2)",NA,2020-09-20
"BUTTZ - Latina (#1, #2, #3, #5,#6,#7)",NA,2020-02-20
BUTTZ - Latina (#10) - Anikka Albrite & Alexis Texas Covers,NA,2024-07-01
BUTTZ - Latina (#14) - Australian Beauty Hailey Cover,NA,2024-07-01
BUTTZ - Latina (#8) - Amara Cover,NA,2024-07-01
BUTTZ - Latina (#8) - Luna Cover,NA,2024-07-01
BUTTZ - Latina (#9) - Alicia Cover,NA,2024-07-01
BUTTZ - Latina (V4) - Bootylicious Latinas Rose & Julianna Cvr,NA,2024-07-01
BUTTZ - Salt & Pepper (#8) - Abella Danger / Chanel Heart Covers,NA,2024-09-01
BUTTZ - Special Edition (1),NA,2020-11-01
BUTTZ - Special Edition (2),NA,2021-01-01
BUTTZ - Violet & The Beautiful Vicky (V12 on UPC Code area / V13 near title),NA,2023-01-01
"BUTTZ BACKSHOTZ (#1, #2, #4)",NA,2020-02-20
"BUTTZ EXOTIC CURVES (#1, #2)",NA,2020-02-20
"BUTTZ MILFS (#1, #2, #3, #5)",NA,2020-02-20
BUTTZ TATTOO (V1),NA,2020-07-01
BUZZ - A Stimulating History of the Sex Toy,Lieberman,2021-10-21
C PROGRAMMING,McGrath,2020-11-20
"CALENDAR GIRLS SEX GODDESSES & PIN UP QUEENS OF THE 40's, 50's and 60's",Ortner,2021-06-01
CALIENTE (V1),NA,2020-04-20
CALIFORNIA CONNECTION,Chunichi,2018-11-18
CALVARY BAPTIST CHURCH NEWSLETTER,NA,NA
"CALVARY LUTHERAN CHURCH (BULLETIN, ETC.)",NA,NA
"CAMERA NEVER LIES,THE (Rawlings)",NA,2022-12-01
CAN I TASTE IT,Weaver,2018-05-18
CAN IT & FERMENT IT,Thurow,2020-07-01
CAN ONE PERSON MAKE A DIFFERENCE?,NA,NA
CAN'T HURT ME - Master Your Mind and Defy the Odds,Goggins,2021-02-21
CAN'T STOP WON'T STOP,Chang,2020-01-20
CANAAN'S CURSE AND BLOODLINE IN THE JEWS,NA,NA
"CANON OF MEDICINE, THE - Natural Pharmaceuticals (V2)",NA,2018-11-18
CAPOEIRA - A Brazilian Art Form,Almeida,2018-04-18
CAPOEIRA 100,Taylor,2018-04-18
CAPTAINS OUTRAGEOUS,Lansdale,2018-12-18
CAPTURING THE UNIVERSE - The Most Spectacular Astrophotography from Across the Cosmos,Evans,2023-09-01
CAR AND DRIVER,NA,NA
CAR AUDIO & ELECTRONICS,NA,NA
CAR CRAFT,NA,NA
CAR LIFE,NA,NA
CAR SHOW HOTTIES (4X6 Photo Catalog),NA,2023-01-01
"CARD GAMES BIBLE, THE",Hamlyn,2022-11-01
CARD PLAYER (V33 #18),NA,2020-09-01
"CARE & FEEDING OF WASPISH WIDOWS, THE",Waite,2021-09-21
CARE OF THE SOUL,NA,NA
CARGO,NA,NA
CARING (#25 / 6-11),Alex Gray,NA
CARL WEBER'S KINGPINS - Dallas,Hernandez,2021-03-21
CARS,NA,NA
"CARTEL 1, THE",Ashley & JaQuavis,2022-06-22
"CARTEL 2, THE - Tale of the Murda Mamas",Ashley & JaQuavis,2018-05-18
"CARTEL 3, THE - The Last Chapter",Ashley & JaQuavis,2018-05-18
"CARTEL 4, THE - Diamonds are Forever",Ashley & JaQuavis,2019-01-01
"CARTEL 5, THE - La Bella Mafia",Ashley & JaQuavis,2020-11-01
"CARTEL 6, THE - The Demise",Ashley & Jaquavis,2024-05-01
"CARTEL 7, THE - Illuminati:  Roundtable of Bosses",JaQuavis,2019-03-19
CARTEL WIVES,Flores & Flores,2020-01-20
CARTIER CARTEL 3 - South Beach Slaughter,Santiago,2019-01-01
CARTIER CARTEL 4 - Head Games (Santiago),NA,2019-03-19
CASH MONEY - Ho's Getting Checks,Goosby,2021-05-21
CASH:  The Autobiography of Johnny Cash,Patrick Carr,2024-05-01
CAT IN A HOT GIRLS' DORM,Haruki,2022-04-22
CATCH ME IF YOU CAN,Abagnale,2020-05-01
"CATHEXIS - Gender, Power, Presentation",NA,2019-08-19
CATHOLIC DIGEST,NA,NA
CATHOLIC HOME STUDY SERVICE,NA,NA
CATHOLIC MESSENGER,NA,NA
CATHOLIC MIRROR,NA,NA
CATHOLIC PROPHECY,NA,NA
"CATHOLIC RELIGION, THE",NA,NA
CATHOLIC TREASURES (SUMMER 98/TITLES-BESTSELLERS BROCHURE/CLEARANCE SALE 9-98),NA,NA
"CBD BIBLE, THE",Dani Gordon,2025-02-01
CCNP ENTERPRISE WIRELESS DESIGN AND IMPLEMENTATION,"Henry, Barton & Hucaby",2021-03-21
CELEBRITIES AND MODELS (#3),NA,2021-01-21
CELL,King,2023-03-01
"CELL BLOCK PRESENTS, THE - For Money Power and Fame",Enemigo,2022-07-22
"CELL BLOCK PRESENTS, THE - The Prison Manual",Enemigo,2022-08-11
CELLBLOCK COOKIN',Traylors,2019-05-19
CELLPRENEUR - The Millionaire Prisoner's Guidebook - Revised 2018,Kruger,2021-03-21
"CEO MANUAL, THE",Enemigo / SAV Hu$tle,2019-11-19
CHAI TODAY,NA,NA
CHAIN REACTION,Elkeles,2020-05-20
CHAINED TO THE STREETS 2 - Cold Hearted,Blunt,2021-05-21
"CHAINED TO THE STREETS 3 - Flesh of my Flesh, Blood of my Blood",Blunt,2021-05-21
CHAINGANG,Rex Miller,NA
CHAMBERS OF HORROR - Monstrous Crimes of the Modern Age,NA,2019-08-19
"CHAMPION, THE",NA,NA
"CHANGE AGENT, THE",West,2020-01-20
CHANGING LENSES (A New Focus for Crime and Justice - by Howard Zehr),NA,NA
CHANTERELLE DREAMS AMANITA NIGHTMARES,Marley,2023-02-01
CHAOS & PRISON:  Now a New Life,Heburn,2021-05-21
"CHAOS - Charles Manson, CIA & the Secret History of the 60's",O'Neill,2021-04-01
CHAPLAIN RAY,NA,NA
CHARISMA,NA,2021-01-01
CHASER,Miasha,2019-11-19
CHASIN' THE CHAINS,NA,NA
CHASING COSBY - The Downfall of America's Dad,Egan,2021-04-01
CHE - A Revolutionary ICON,Martinez,2022-01-22
CHEECH IS NOT MY REAL NAME…BUT DON'T CALL ME CHONG!,Marin,2023-01-01
"CHEEKS (V1, V2, V3, V4)",NA,2021-01-01
CHEEKS - Anniversary Edition (V1),NA,2023-03-23
CHEEKS vs. BUNZ LATINA (no issue #),NA,2022-01-22
"CHEF, THE",James Patterson,2024-07-01
CHESS DIGEST,NA,NA
CHESS LIFE,NA,NA
CHESS OPENINGS: TRAPS & ZAPS (PHONE),NA,NA
CHESS REVIEW,NA,NA
CHICA (V1),NA,2022-07-01
CHICAGO,NA,2020-11-01
CHIN - Life and Crimes of a Mafia Boss Vincent Gigante,McShane,2019-02-19
CHOKE HOLD,Butler,2019-08-19
CHOPPERS,NA,NA
CHOPPY WATER,Woods,2023-09-23
CHOSEN SOLDIER,Couch,2023-08-23
CHRISTIAN LIFE - NEW TESTAMENT,NA,NA
"CHRISTIAN LIFE NEW TESTAMENT BIBLE, THE",NA,NA
CHRISTIAN LIVING I,NA,NA
CHRISTIAN NEWS (VOL. 28 #19),NA,NA
"CHRISTIAN SCIENCE MONITOR WEEKLY, THE",NA,2020-11-01
CHRISTINE,Stephen King,2022-10-22
CHRISTOPHER HOBB'S MEDICINAL MUSHROOMS,Hobbs,2025-03-01
"CHURCH GOER, THE",Patrick Coleman,2024-02-01
CHURCH OF JESUS CHRIST CHRISTIAN (PARTS OF BIBLE),NA,NA
CHURCH OF JESUS CHRIST CHRISTIAN (SUB: PRISON MINISTRY),NA,NA
CHURCH OF JESUS CHRIST CHRISTIAN ARYAN NATIONS CATALOG & PLATFORM,NA,NA
"CIA WORLD FACTBOOK, THE (2024-2025)",NA,2025-02-01
CIGAR AFICIONADO,NA,2020-11-01
CIRCLE OF DEATH,James Patterson,2024-04-01
CIRCUS OF THE DAMNED,Hamilton,2019-03-19
CITIZENS OF A STOLEN LAND - A Ho-Chunk History of the Nineteenth-Century United States,Stephen Kantrowitz,2024-05-01
CITY OF DREAMS,Don Winslow,2024-10-01
CLAIM ME,Kenner,2019-05-19
"CLAIMING OF SLEEPING BEAUTY, THE ",Roquelaure,2022-07-22
CLASS ACT,Stuart Woods,2024-02-01
CLASSICAL DRAWING ALTELIER,Aristides,2019-06-19
CLOCK OF DESTINY - History of Moorish Americans Revised,N. Bey,2020-01-20
"CLUB (8-1989 / 3-1997 / 5,6,7,8,9,11,12-2013 / Holiday 2013 / 1,2,3-2014)",NA,NA
COALITION FOR PRISONERS' RIGHTS NEWSLETTER,NA,NA
COCHISE,Sweeney,2022-12-01
COCO & FRIENDS (Collector's Edition / V1),NA,2023-01-01
COCONUT COWBOY,Dorsey,2023-06-01
CODE,NA,2021-06-21
CODE FOCUS (11-2022),NA,2023-01-01
CODING - All-In-One for Dummies - 2nd Edition,"Minnick, et al",2023-01-01
CODING FOR DUMMIES - In Full Color,Nikhil Abraham,2025-07-01
CODING FOR PARENTS,Wilson,2019-07-19
CODING GAMES IN SCRATCH (workbook included),NA,2021-03-21
COKE KINGS - Fast Money and Gunsmoke,Edwards,2021-03-21
COLLABORATION,NA,NA
COLLEGE BOYS,Allison,2022-01-22
COLLEGE INSIDE,NA,2023-04-01
COLLISION - Portland Street Kings Book 1,Harper,2021-01-21
COLORAMA,Rachel Andrews,2022-08-22
COLORED PENCIL PAINTING PORTRAITS,Nickelsen,2022-06-22
"COLORFUL WORLD OF TATTOO MODELS, THE",Remus,2020-05-20
COLORGAMI,Donahue & Kwei - may have institutional property restrictions,2023-11-01
COLUMBIA,NA,2021-02-21
COME AS YOU ARE - The Story of Nirvana,Azerrad,2024-05-01
COMMISSARY KITCHEN:  My Infamous Prison Cookbook,Johnson,2021-01-21
"COMMUNIST MANIFESTO, THE",Marx & Engels,2021-11-21
"COMPLETE BLADESMITH, THE",Hrisoulas,2020-12-01
COMPLETE BOOK OF DEVILS AND DEMONS,Ashley,2021-05-21
"COMPLETE BOOK OF DRAWING, THE - Essential Skills for Every Artist",Barrington Barber,2025-09-01
"COMPLETE BOOK OF VOODOO, THE",Pelton,2021-11-01
COMPLETE CALISTHENICS 2nd Edition - The Ultimate Guide to Bodyweight Exercise,Kalym,2024-03-01
"COMPLETE GUIDE TO DECKS, THE - Updated 7th Edition",Black & Decker,2024-03-01
"COMPLETE GUIDE TO DRAWING MANGA AND ANIME, THE - A Comprehensive 13-Week ""Art Course"" With 65 Clear and Easy Daily Lessons",Naoto,2024-05-01
"COMPLETE GUIDE TO DRONES, THE 2nd Edition",NA,2022-05-22
"COMPLETE GUIDE TO FINISHING BASEMENTS AND GARAGES, THE (Black and Decker)",NA,2025-06-01
"COMPLETE GUIDE TO GUNSMITHING, THE",Chapel,2021-10-21
"COMPLETE GUIDE TO SPORTS BETTING, THE",Dolan,2019-06-19
"COMPLETE HISTORY OF JACK THE RIPPER, THE - New Edition",Sugden,2024-01-01
"COMPLETE HUMAN BODY, THE - The Definitive Visual Guide",Alice Roberts,2024-12-01
COMPLETE ILLUSTRATED GRAND GRIMOIRE OR THE RED DRAGON,Lamba & Overman,2022-03-22
COMPLETE ME,Kenner,2019-07-19
"COMPLETE MUSASHI, THE - The Book of Five Rings and Other Works",NA,2019-06-19
"COMPLETE MUSHROOM HUNTER, THE",Lincoff,2023-08-23
"COMPLETE PORTFOLIOS, THE - The Complete North American Indian",Curtis,2025-02-01
"COMPLETE SHERLOCK HOLMES, THE",Doyle,2022-07-22
"COMPLETE VENDING MACHINE FUNDAMENTALS, THE (V1 and V2)",NA,2021-10-01
"COMPLETE WORLD ENCYCLOPEDIA OF GUNS, THE","Fowler, et al",2022-01-22
COMPOUND FRACTURE,Flynt,2023-12-01
COMPRISED,Strzok,2020-09-20
COMPUTER PROGRAMMING - The Bible,Cyber Punk Architects,2020-11-20
COMPUTER PROGRAMMING FOR BEGINNERS,Clark,2020-03-20
COMPUTERS MADE EASY - From Dummy to Geek,Bernstein,2020-05-01
"CON JOB - How Democrats Gave Us Crime, Sanctuary Cities, Abortion Profiteering, and Racial Division",Wright,2024-05-01
CONBODY,Marte,2018-06-18
"CONCISE LAW OF HUMAN NATURE, THE",Greene,2023-06-01
CONCRETE,Netta B,2020-02-20
CONCRETE ROSE,Thomas,2021-03-21
CONDEMNED,Lamar,2020-05-01
"CONDITIONS OF PARADISE, THE",Mrishima,2021-12-21
CONFESSIONS OF AN ILLUMINATI - V1,Zagami,2019-08-19
CONFESSIONS OF AN ILLUMINATI - V2,Zagami,2020-04-20
CONFESSIONS OF AN ILLUMINATI - V3,Zagami,2020-04-20
CONFIDENT CODING - Learn How to Write Code and Master the Essentials,Percival & Woods,2025-07-01
CONFUCIUS - The Analects,NA,2020-09-20
CONNECTED TO THE PLUG,Williams,2019-11-19
"CONTEMPORARY ILLUSTRATED PIN-UP, THE (Schiffer Books)",NA,2024-08-01
CONTRABAND,Woods,2023-09-23
CONTROL THE CONVERSATION,Pyle & Karinch,2022-03-22
COOKED - My Journey from the Streets to the Stove,Henderson,2021-03-21
COOKING WILD - More Than 150 Recipes for Eating Close to Nature,Chef Ash & James Fraidli,NA
CORONA FALSE ALARM? ,Reiss & Bhakdi,2021-01-01
CORRUPTED BY A GANGSTA (Skai),NA,2020-02-20
CORRUPTED BY A GANGSTA 2 (Skai),NA,2020-02-20
CORRUPTED BY A GANGSTA 3 (Skai),NA,2020-02-20
COSIGN PRO (#1),NA,2019-10-19
"COSMIC CODE, THE - The Sixth Book of the Earth Chronicles",Sitchin,2023-09-23
COSMOPOLITAN,NA,NA
COSPLAY PIN-UPS (Alvarado),NA,2020-02-20
"COUNT OF MONTE CRISTO, THE",Dumas,2022-08-22
COUNTRY,NA,2020-11-01
COUNTRY BOY II,Allen Little,2024-04-01
COUNTRY MUSIC,NA,NA
COUNTRY SONG ROUND-UP,NA,NA
COUNTRY SUPPLY CATALOG,NA,NA
COVERT PERSUASION,Hogan & Speakman,2019-07-19
CPA BOOK PUBLISHER (’99 Catalog),NA,NA
"CRACK, RAP & MURDER",Ferranti,2019-10-19
CRASH BADICOOT 'N SANE TRILOGY - Prima Games,NA,2020-09-20
CRAZY FOR YOU (Fleeman),NA,2020-04-20
CRAZY HORSE - The Lakota Warriors Life and Legacy,William Matson,2024-03-01
CREATE YOUR OWN TAROT DECK - w/ full set of cards to color (may have institutional property restrictions),NA,2023-11-01
"CREATIVE MAGICIAN'S HANDBOOK, THE - A Guide to Tricks, Illusions and Performance",Kaye,2022-07-22
"CREATIVE SNACKS, MEALS, BEVERAGES AND DESSERTS YOU CAN MAKE BEHIND BARS",Bullington,2021-01-21
CRIME PARTNERS,Goines,2020-01-20
"CRIMINAL LEGAL NEWS (4,6,8,9,11,12-2018 / 01,2,3, 5,8,9,10,11-2019 / 04-2023 /  06,08,09,10,12-2025 / V1 #5, #9,#10,#12,#13 / V2 #1,#2,#5,#8,#9,#10,#11 / V6 #4 / V8 #6, #9, #10,#12)",NA,NA
CRIMINAL MISCHIEF,Stuart Woods,2024-05-01
"CRISIS, THE",NA,2019-01-01
CRITICAL CARE,Brown,2020-11-20
CRITICAL LIVES - The Life and Work of Che Guevara,NA,2020-09-01
CROSSING THE LINES - Neighborly Affection Book 2,Barber,2019-10-19
CRUEL HOAX - Feminism and the New World Order,"Makow, PhD",2021-12-21
CRUEL SEDUCTION,Katee Robert,2024-05-01
CRUSH,Siken,2021-05-21
CRY LIKE A MAN,Wilson,2020-07-01
CRY REVENGE,Goines,2020-01-20
CRY SILENT TEARS,Peters,2021-04-01
"CRYPTOGRAPHY:  The Key to Digital Security, How it Works, and Why it Matters",Martin,2023-08-23
CRYSTAL CLEAR - Stories of Hope,NA,2020-07-01
CUBA LIBRE,Perrottet,2022-03-22
CUFFED TO A SAVAGE,Black,2020-05-01
CULT OF BOYS,Ibidapo,2021-07-21
"CULTS, CONSPIRACIES & SECRET SOCIETIES",Goldwag,2021-03-21
CULTURAL ENCYCLOPEDIA OF THE BREAST,Smith,2020-12-01
CULTURE (#2),NA,2021-11-21
"CULTURE GIRL MAGAZINE (World Premier Issue / #2, #3)",NA,2021-12-21
CUM FOR ME (Cash & Company),NA,2020-02-20
CUM FOR ME 2 - Nasty as Can Be (Cash & Company),NA,2020-02-20
CUM FOR ME 3 - Slippery When Wet (Cash & Company),NA,2020-02-20
CUM FOR ME 4 - So Horny (Cash & Company),NA,2020-02-20
"CUM FOR ME 5 - Touch Me, Tease Me",Skai,2021-03-21
CUM FOR ME 6 - Snow Bunny,Zion,2021-03-21
CUM FOR ME 7 - Jack be Nimble Jack be Quick,Wallz,2022-07-22
"CURE (01,02-2022 / V8 #4)",NA,2022-01-22
CURE:  LifeLong Newsletter (V3 #5 / March 2017 / V4 #1 / V. 8 #3),NA,2021-12-21
"CURVE (1,2,4,5,6,9-2014 / 5,6-2016 / V24 #3,4,6 / V26 #3)",NA,NA
CURVZ & BOOBS (V1),NA,2021-03-21
CUSTOM CYCLE ENGINEERING CO. - Custom Parts Catalog,NA,NA
CUSTOM MC SPECIALTIES CATALOG,NA,NA
CYCLE WORLD,NA,NA
CYCLING,NA,NA
"D PROGRAMMING LANGUAGE, THE",Alexandrescu,2021-03-21
"DAILY LAWS, THE",Greene,2021-11-21
DAMN GIRL (#2),NA,2021-02-21
DANCERS AFTER DARK,Matter,2020-09-01
"DANDELION MEDICINE - Forage, Feast, and Nourish Yourself with This Extraordinary Weed",Mars,2024-09-01
DANGEROUS CURVES - Women of Action (V1),NA,2024-01-01
DANGEROUS ILLUSIONS:  How Relgion Deprives us of Happiness,Malkin,2023-12-01
DANGEROUS MYSTIC - Meister Eckhart's Path to the God Within,Harrington,2020-07-01
DAPPER DAN MADE IN HARLEN - A Memoir,Day,2021-10-21
DARE ME (Abbott),NA,2020-02-20
DARE TO BE TEMPTED (Davis),NA,2020-03-20
DARK DESTINY,Freehan,2023-06-01
"DARK HISTORY OF THE OCCULT, THE - Magic, Madness and Murder",Roland,2022-11-01
DARK ILLUSION,Freehan,2023-06-01
"DARK PATH, THE (Weishaupt)",NA,2020-03-20
DARK RISING - The Art of Aly Fell,NA,2020-03-20
DARK SONG,Freehan,2023-06-01
"DARK TOWER II, THE - The Drawing of the Three",Stephen King,2022-05-22
"DARK TOWER III, THE - The Waste Lands",Stephen King,2022-05-22
"DARK TOWER IV, THE - Wizard and Glass",Stephen King,2022-05-22
DARK TOWER V - Wolves of the Call,King,2022-08-22
DARK TOWER VI - Song of Susannah,King,2022-08-22
DARK TOWER VII - The Dark Tower,King,2022-08-22
DARKER EDGE OF DESIRE (Edited by Szereto),NA,2019-11-19
DAVE NESTLER'S BAD GIRLS CLUB - Drawn to Misbehave,NA,2021-06-01
DAWN,NA,NA
DAWN (2005 Convention Sketchbook),NA,NA
DAWN OF A NEW DAY,Loveless-Hill,2019-03-19
"DAY THE STREETS STOOD STILL, THE",Coleman,2020-11-01
DAY TRADING 101 (Borman),NA,2021-09-21
DC POSTER PORTFOLIO - Greg Capullo,NA,2024-03-01
DC POSTER PORTFOLIO - Jae Lee,NA,2024-03-01
"DEAD ZONE, THE",Stephen King,2022-10-22
"DEADLY DON, THE:  Vita Genovese Mafia",Destefano,2023-04-01
DEADLY REIGNS VI - The Saga Continues (Woods),NA,2021-08-21
DEADMAN WONDERLAND 3,Kataoka / Kondou,2024-04-01
DEADMAN WONDERLAND 4,Kataoka / Kondou,2024-04-01
DEAR G SPOT - Straight Talk About Sex and Love,Zane,2020-09-01
DEAR MEN,Thompson/Smith,2017-01-17
DEATH - The Scientific Facts to Help Us Understand it Better,Beliveau & Gingras,2024-08-01
DEATH DEALER (V1),NA,2024-12-01
DEATH IN THE AIR,Dawson,2020-05-01
DEATH NOTE - All in One Edition,Ohba / Obata,2024-07-01
DEATH NOTE 1,Ohba,2023-09-23
DEATH'S ACRE,Bass & Jefferson,2023-02-01
DEBUNKING THE 1619 PROJECT - Exposing the Plan to Divide America,Grabar,2024-05-01
DECEPTION,O'Neal,2019-06-19
DECIBEL,NA,NA
DECODED - Jay-Z,Shawn Carter,2020-11-01
DEEP THROAT DIVA,Cairo,2020-07-01
DEFYING HITLER - The German Who Resisted Nazi Rule,Thomas & Lewis,2022-03-22
DELAVIER'S CORE TRAINING ANATOMY,Frederic Delavier,2023-12-01
DELAVIER'S STRETCHING ANATOMY (Frederic Delavier),NA,2023-12-01
DELAYED JUSTICE,Putnam,2022-12-01
DELIVERANCE FROM INCUBUS AND SUCCUBUS SEX DEMONS OF THE NIGHT,Landu,2023-02-01
DEMONIALITY INCUBI AND SUCCIBI - A Book of Demonology,Warwick,2022-09-22
"DEMONOLGY OF KIND JAMES I, THE",Tyson,2019-03-19
"DEMONOLOGIST, THE",Fields,2019-01-01
DEMONOLOGY,Sage,2019-03-19
DEMONS AND TONGUES - A Work of Christian Demonology,NA,2020-09-20
DEMONS OF WRATH - The Dark Fires of Attack Magick,Hargrove,2022-03-22
"DENIAL OF DEATH, THE",Becker,2020-05-01
"DERRYDALE GAME COOKBOOK, THE",De Gouy,2022-08-22
DESERT STAR,Michael Connelly,2024-02-01
DESIRE - New Erotic Photography (Remy),NA,2020-04-20
DESIRE PANDORA,Hizuki,2024-02-01
DESPERATE HOODWIVES,Mink & Diamonds,2019-08-19
DESTINY - The Exotic Collection V1 (Insight Editions),NA,2025-04-01
DETAILS,NA,NA
DETROIT CITY MAFIA,India,2022-10-22
"DEVIANT'S POCKET GUIDE TO OUTLANDISH SEXUAL DESIRES CONTAINED IN YOUR SUBCONSCIOUS, THE",Diclaudio,2022-11-01
"DEVIL WEARS TIMBS, THE",Adams,2020-11-20
"DEVIL YOU KNOW, THE - Black Power Manifesto",Blow,2021-03-21
"DEVIL'S BIBLE, THE",Maximus,2018-08-18
"DEVIL'S NOTEBOOK, THE",LaVey,2022-12-01
DEVIL'S PLAYGROUND,Fastner & Larson's,2023-06-01
"DEVIL'S QURAN, THE",Martinet Press,2022-03-22
"DEVINE FEMININE TAO TE CHING, THE",Anderson,2022-04-22
DIABLO - Legacy of Blood,Knaak,2023-08-23
DIABOLICA (#5),NA,2018-12-18
"DIAMOND EMPIRE, THE",K'Wan,2019-10-19
DICE (T.N. Baker),NA,2025-06-01
DIESEL WORLD,NA,2020-04-01
"DIFFERENT KIND OF CELL, A",Jones,2018-11-18
DIME PIECE MAGAZINE,NA,NA
DIPSEXXX (Premier Issue),NA,2022-04-22
DIRT BIKE,NA,NA
DIRTY GAME,Holmes,2022-04-22
DIRTY LAUNDRY,Cullihan,2021-09-21
DIRTY OLD MEN (Tyree),NA,2020-03-20
DIRTY PAIR,Takachino,2022-01-01
DIRTY SHEETS (The Poet Spiel),NA,2019-10-19
DIRTY WHITE BOYS,Hunter,2021-05-21
"DISCERNER, THE (V41 #1 / 01,02,03,7,8,9-2021)",NA,2021-05-21
DISCIPLINE & PUNISH - The Birth of the Prison,Foucault,2021-11-21
DISCOVER,NA,2020-11-01
DISPERSING POWER - Social Movements as Anti-State Forces,Zibeachi,2020-09-01
DISSIDENT VOICES,NA,NA
"DIVINE ARCANA OF THE AURUM SOLIS, THE",Biasi,2021-06-21
"DIVINE COMEDY, THE",Alighieri,2022-07-22
DNA,NA,NA
DO YOU LIKE BIG GIRLS? - 5,Aizome,2023-09-23
DO YOU LIKE BIG GIRLS? - 7,Aizome,2023-10-23
"DOCTOR DEALER - A Doctor High on Greed, A Biker Gang High on Opioids, and the Woman Who Paid the Ultimate Price (Anastasia/Cipriano)",NA,2024-05-01
DOCTOR WHO,NA,NA
DOES A HOT ELF LIVE NEXT DOOR TO YOU - 1,Meguru Ueno,2022-01-22
DOES A HOT ELF LIVE NEXT DOOR TO YOU? - 3 (Story and Art by Meguro/Ueno),NA,2024-10-01
DOES IT HURT? ,HD Carlton,2024-05-01
DOM'S GUIDE TO BDSM - V1,Larocco,2020-09-20
DON DIVA (#0063),NA,2022-01-22
DON DIVA - Enterprise 85 (V13 #48 / #57 / #60 / #61 / #62),NA,NA
DON'T CALL IT A CULT - The Shocking Story of Keith Raniere and the Women of NXIVM,Berman,2022-11-01
DON'T CALL ME CRAZY - I'm Just in Love,Woodard,2020-07-01
DON'T FORGET US HERE - Lost and Found at Guantanamo,Adayfi,2023-08-23
DON'T TELL A SOUL,Phelps,2021-09-21
DONK BOX & BUBBLE,NA,NA
"DOOMSDAY MOTHER, THE - Lori Vallow, Chad Daybell, and the End of An American Family",Glatt,2023-08-23
"DOORS OF PERCEPTION, THE",Huxley,2022-12-01
DOPE! (#3),NA,2025-09-01
DOPE! (#4),NA,2025-09-01
"DOPE, THE - The Real History of the Mexican Drug Trade",Smith,2023-04-01
DOPEFIEND,Goines,2020-03-20
DOPEMAN - The Memoirs of a Snitch,Coleman,2021-05-21
"DOPEMAN'S WIFE, THE",Coleman,2024-04-01
DOPESICK,Macy,2018-10-18
DOUBLE JEOPARDY,Stuart Woods,2024-02-01
DOUBLE TROUBLE (#4),NA,2021-11-21
DOWN SOUTH CULTURE (#1),NA,2021-09-21
DR. CHASE'S OLD-TIME HOME REMEDIES,Dr. Alvin Wood Chase,2021-10-21
DR. JEKYLL AND MR. HYDE AND OTHER STRANGE TALES,Stevenson,2023-09-23
DR. PREPPER - The Disaster Preparedness Guide to Home Remedies,Garrett,2023-09-23
"DRAGONFALL TRILOGY, THE - The Dragon's Egg",Wells,2020-01-20
DRAGONTAILS 3 - A Gallery Girls Collection,NA,2022-10-22
DRAMA IN THE HOOD - Book 1,L.E. Miller,2020-02-20
"DRAW IT, PRINT IT, INK IT",Baldwin,2018-08-18
DRAWING ANATOMY - A Practical Course for Artists,Barber,2023-11-01
DRAWING COURSE,Bargue,2022-09-22
DRAWING FACES,Herzog,2022-06-22
DRAWING HANDS & FEET - A Practical Guide,Armer,2022-06-22
DRAWING PEOPLE USING GRIDS,Civardi,2021-12-21
DREAM TOWN,David Baldacci,2024-02-01
DRIP (#1),NA,2023-09-23
DRONES:  Personal Guide to Drones,Jones,NA
"DRUG BOOK, THE - From Arsenic to Xanax, 250 Milestones in the History of Drugs",Gerald,2024-03-01
DRUG LORDS 2 - Bentley Trucks and Gold Bottles,Ghost,2020-11-20
DRUG LORDS 3 - Tragedy and Chaos,Ghost,NA
DRUG LORDS DIVIDE AND CONQUER (Ghost),NA,2020-02-20
DUBSTEP GRAPHICS,Graffito,2022-07-22
"DUCKS UNLIMITED (7,8-2023)",NA,2023-08-23
DUFFLE BAG CARTEL - Codeine and Fully Automatics,Ghost,2020-07-01
DUFFLE BAG CARTEL 2 - Fast Money and Cold Hearts,Ghost,2020-07-01
DUFFLE BAG CARTEL 3 - Sins of Dirty Money,Ghost,2020-07-01
DUFFLE BAG CARTEL 4 - Loyal to No One,Ghost,2020-07-01
DUFFLE BAG CARTEL 5 - Master the Game,Ghost,2022-06-22
DUFFLE BAG CARTEL 6 - Richer Than Everybody,Ghost,2022-06-22
DULCE LATINA (V4),NA,2019-10-19
DULCE LATINA (V5),NA,2020-05-01
DUNE - The Duke of Caladan,Herbert / Anderson,2022-09-22
DUNGEONS & DRAGONS - Critical Role - Call of the Netherdeep,NA,2024-05-01
DUNGEONS & DRAGONS - Curse of Strahd,NA,2020-09-20
DUNGEONS & DRAGONS - Dragonlance Shadow of the Dragon Queen,NA,2023-06-01
DUNGEONS & DRAGONS - Explorer's Guide to Wildemount,NA,2023-06-01
DUNGEONS & DRAGONS - Fizban's Treasury of Dragons,NA,2023-08-23
DUNGEONS & DRAGONS - Icewind Dale Rime of the Frostman,NA,2022-04-01
DUNGEONS & DRAGONS - Player's Handbook,NA,2020-09-20
DUNGEONS & DRAGONS - Sword Coast Adventurer's Guide,NA,2019-05-19
DUNGEONS & DRAGONS - Tasha's Cauldron of Everything,NA,2023-06-01
DUNGEONS & DRAGONS - Xanathar's Guide to Everything,NA,2020-02-20
DUNGEONS & DRAGONS PLAYER'S HANDBOOK - Core Rulebook I V. 3.5,NA,2019-11-19
DUNGEONS & DRAGONS SPELLJAMMER - Adventures in Space (All 3 hardback books and hard map included),NA,2023-09-23
DUPONT REGISTRY (3-2021),NA,2021-04-01
"DYNAMIC HUMAN ANATOMY - An Artist's Guide to Structure, Gesture, and the Figure in Motion",Osti,2022-06-22
E.A.R.L. - The Autobiography of DMX,Smokey Fontaine,2022-04-22
EARTH MEDICINE,NA,2018-10-18
EAST BAY PRISONER SUPPORT (Revised 1/29/19),NA,2019-03-19
"EASTMAN'S JOURNAL - Hunting Edition (6,7-2021 / #185)",NA,2021-08-21
EASYRIDERS (#582 / April 2024),NA,2024-05-01
EASYRIDERS (#583 / May 2024),NA,2024-05-01
EASYRIDERS (#584 / June 2024),NA,2024-07-01
EASYRIDERS (#585 / July 2024),NA,2024-07-01
EASYRIDERS (#586 / August 2024),NA,2024-09-01
EASYRIDERS (#587 / September 2024),NA,2024-10-01
"EASYRIDERS (#598 / 01,02-2026)",NA,2026-01-01
"EASYRIDERS (1,2-2024 / #580)",NA,2024-02-01
"EASYRIDERS (11,12-2018 / 01,2,3,4,5-2019 / #545,546,547)",NA,2019-02-19
EASYRIDERS (3-2024 / #581),NA,2024-03-01
"EASYRIDERS (4,5,7,8-2016 / 2,3,4,5,6,7,9,10,12-2017 / 1,2,3,4,5,6,7,8,9,10-2018 / 6,7,8,9-2019 / 10-2022 / 08,09,10,11,12-2023 / #527, #532, #534, #537,#540,#544,#551,#552,#575, #579)",NA,NA
EASYRIDERS (December 2024),NA,2025-02-01
EASYRIDERS (January 2025),NA,2025-02-01
EASYRIDERS (July/August 2025),NA,2025-07-01
EASYRIDERS (March/April 2025),NA,2025-03-01
EASYRIDERS (May/June 2025 - Iss 594),NA,2025-05-01
"EASYRIDERS (Nov, Dec-2025 / #597)",NA,2025-11-01
EASYRIDERS (November 2024 / #589),NA,2024-11-01
EASYRIDERS (October 2024 / #588),NA,2024-10-01
"EASYRIDERS w/ Supplement (9,10-2025 / #596)",NA,2025-09-01
EAT FAST FEAST,Richards,2020-09-01
EBONY (V1),NA,2019-11-19
ECCE HOMO,Nietzsche,2020-05-20
"ECONOMICS OF THE UNDEAD - Zombies, Vampires, and the Dismal Science",Whitman / Dow,2024-03-01
"ECSTASY AGONY, THE",Wrath James White,2023-12-01
ED HARDY DEEPER THAN SKIN - Art of the New Tattoo,Breuer,2022-05-22
EDEN PRESS - How to Start a New Credit File (And Leave Your Bad Credit Problems Behind!) (Book #65),NA,2024-05-01
EDEN PRESS - The Original Privacy Catalog,NA,2024-05-01
EDEN PRESS PRIVACY CATALOG (2015-2016 / 2016-2017 / 2018-2019),NA,NA
EDGE,NA,2020-11-01
"EDIBLE MUSHROOMS - Safe to Pick, Good to Eat",Forsberg & Lindberg,2023-09-23
EDWARD REED'S ATLANTICA - A School of Mermaids,Edward Reed,2025-02-01
"EFFECT$ OF BEING IN THE GAME, THE",Anthony Cole,2021-06-21
EGYPTIAN ANCIENT ORIGINS - Stories of People and Civilization,Booth,2024-03-01
"EGYPTIAN BOOK OF THE DEAD, THE",Budge,2021-09-21
"EGYPTIAN MAGIC - Spells, Charms & Rituals of Ancient Egypt (Budge)",NA,2025-06-01
"EGYPTIAN MYTHS AND LEGENDS - Tales of Heroes, Gods & Monsters",Tyldesley,2024-03-01
EIGHTY-SIXED,Feinberg,2020-03-20
EITHER / OR - V1,S. Kierkegaard,2020-09-20
EL JEFE - The Stalking of Chapo Guzman,Feuer,2022-06-22
EL SICARIO - The Autobiography of a Mexican Assassin,Molloy & Bowden,2023-08-23
"ELDER SCROLL V, THE - Sky Rim - Legendary Edition",NA,2018-10-18
"ELDER SCROLLS ONLINE MORROWIND, THE",NA,2018-10-18
ELEANOR OLIPHANT IS COMPLETELY FINE,Honeyman,2020-11-20
ELECTRICAL AND MECHANICAL ENGINEERING - Everything you Need to Know to Master the Subject - In One Book!,Baker,2024-01-01
ELECTRICITY - 11th Edition,"Gerrish, Dugger, Delucca",2019-08-19
ELECTROMAGNETICS (4th Edition),NA,2018-08-18
ELECTRONIC PRINCIPLES,NA,2019-05-19
"ELEGANT UNIVERSE, THE",Greene,2020-05-01
ELEMENTARY QUANTUM MECHANICS IN ONE DIMENSION (Gilmore),NA,2020-03-20
ELEMENTARY:  The Periodic Table Explained,Russell,2023-08-23
"ELEMENTS OF SPELLCRAFTING, THE",Miller,2018-08-18
ELEVATION,Stephen King,2024-02-01
ELLE,NA,NA
EMBARRASING SEXUAL MISADVENTURES - 1001 of the Most Tragically Hilarious Sexploits Ever,McKinnon,2022-07-22
EMF*D - 5G,Mercola,2021-12-21
EMOTIONAL INTELLIGENCE 2.0 (Bradberry & Greaves),NA,2020-03-20
EMOTIVE - A Cougar's Tale,Loveless-Hill,2019-03-19
EMPOWERED (Summer 2023),NA,2023-12-01
EMULATE THAT - Advanced Class,Jenkins,2018-08-16
"ENCYCLOPEDIA OF DEMONS & DEMONOLOGY, THE (Gailey)",NA,2025-09-01
"ENCYCLOPEDIA OF NORSE AND GERMANIC FOLKLORE, MYTHOLOGY AND MAGIC",Lecouteux,2020-04-20
"ENCYCLOPEDIA OF SPIRITS - The Ultimate Guide to the Magic of Fairies, Genies, Demons, Ghosts, Gods and Goddesses",Illes,2019-06-01
ENCYCLOPEDIA OF WICCA AND WITCHCRAFT - 2nd Edition Revised/Expanded,Grimassi,2021-11-21
"END OF DAYS, THE - The Seventh Book of the Earth Chronicles",Sitchin,2023-09-23
END OF WATCH,King,2018-11-18
"END OF WHITE WORLD SUPREMACY, THE (Malcom X)",NA,2022-03-01
"ENEMY, THE - Jack Reacher Series",Lee Child,2024-08-01
ENERGY MAGICK OF THE VAMPYRE,Webb,2021-12-21
ENRIQUETA VASQUEZ AND THE CHICANO MOVEMENT - Writings from El Grito del Norte,NA,2020-09-01
ENSLAVED,Claire Thompson,2022-10-22
ENTERTAINMENT WEEKLY,NA,2021-01-21
ENTICE ME (Kenner),NA,2020-03-20
ENTREPRENEUR,NA,NA
"ENTREPRENEUR'S SOLUTION, THE",Abraham,2020-05-01
EPIC TALES:  Japanese Myths & Tales,NA,2022-05-22
"EPSTEIN - Spies, Lies & Blackmail - Dead Men Tell No Tales",Howard,2024-10-01
EQ,NA,NA
"EROTIC ELFIN ART OF NYMPHETTES, THE",Blair & Walbridge,2023-11-01
ERUPTION - Conversations with Eddie Van Halen,Tolinski & Gill,2024-03-01
ESCAPE FROM CAMP 14,Harden,2020-11-20
ESCAPE FROM DAVAO,Lukacs,2019-11-19
ESCAPE FROM THE GARDEN OF EDEN,Loveless-Hill,2019-03-19
ESCAPING HITLER (Scrivens),NA,2020-04-20
ESQUIRE,NA,2021-05-21
"ESSENTIAL GUIDE TO SELF-SUFFICIENT LIVING - Gardening, Canning and Fermenting, Keeping Chickens, and More",NA,2022-05-22
ESSENTIAL OILS & AROMATHERAPY - Your Personal Guide,Houghton,2022-01-22
"ESSENTIAL SUPREME COURT CASES, THE - The 200 Most Important Cases for State Prisoners",Denison,2021-02-21
"ESSENTIAL TAO, THE - An Initiation into the Heart of Taoism Through the Authentic Tao Te Ching and the Inner Teachings of Chuang Tzu",Cleary,2024-08-01
ESSENTIAL WORLD ATLAS 11TH EDITION - The Comprehensive Companion to Our Planet (DK Penguin),NA,2025-06-01
"EVANELIST, THE (May 2020)",NA,2020-04-01
EVE ONLINE:  The Ultimate Beginner's Guide,O'Connor,2020-09-01
EVERY HAND REVEALED,Hansen,2025-12-01
EVERYBODY'S GUIDE TO SMALL CLAIMS COURT,Attorney Cara O'Neill,2023-06-01
EVERYONE CAN DRAW,Barber,2022-03-22
EVICTION NOTICE,K'Wan,2019-08-19
EVIL SERIAL KILLERS - To Kill and Kill Again,Cimino,2021-09-21
EVIL WOMEN DEADLIER THAN THE MALE,Marlowe,2021-07-21
EXACT REVENGE,Green,2020-11-20
EXCESS OF LOVE,NA,NA
"EXCHANGE, THE - After the Firm",John Grisham,2024-05-01
EXISTENCE WITHIN THE MECHANISM:  Witnessing the Re-Engineering of Human Society (Visual Accounts by Jeffery Scott - 1019),NA,2024-07-01
EXISTENTIALISM - From Dostoevsky to Sartre,Kaufmann,2021-01-01
"EXONERATION PROJECT, THE (12-2020 / #5)",NA,2021-02-21
EXOTIC BEAUTIES (Premier Issue),NA,2021-03-21
EXOTIC CURVES (#1),NA,2019-06-19
"EXPERT AT THE CARD TABLE, THE",Erdnase,2023-02-01
EXPLORING OLD TESTAMENT HISTORY,NA,NA
EXPLORING OLD TESTAMENT POETRY & PROPHECY,NA,NA
EXPLOSIVE SEX,Emerson,2021-07-21
EXTRA PETITE PUSSY GIRLS,Cherry,2021-04-01
EXTREME WILDERNESS SURVIVAL,NA,2021-09-21
EYE CANDY GIRLS,Lightworship,2023-03-01
EYE CANDY PIN-UPS,Barbara Jensen,2022-09-22
EYE SPY (#122 - 2019),NA,2019-08-19
EYES OF PREY,John Sandford,2024-02-01
EYEWITNESS AT WOUNDED KNEE,"Jensen, Paul and Carter",2024-07-01
F*CK I'M BORED - Activity Book for Adults,Adams,2018-08-18
F*CKED - Being Sexually Explorative and Self-Confident in a World That's Screwed,Fisher & Hutchinson,2023-02-01
F.E.D.S. (#43),NA,2020-11-20
"FACEBOOK NARCISSIST, THE - How to Identify and Protect Yourself and Your Loved Ones from Social Media Narcissism",Deahally,2022-08-22
FACES OF AFRICA,Beckwith and Fisher,2019-01-01
"FACTORY, THE",Dragon,2020-11-20
"FAG PUNK (#9, #10, #11)",NA,2018-10-18
FAIRY TALE (Stephen King),NA,2024-04-01
FAITH AND PATIENCE,NA,NA
FAITH AND TRUST,Karrington,2022-10-22
FAITH FOOD-KENNETH HAGIN MINISTRIES,NA,NA
FAITH LIBRARY CATALOG,NA,NA
"FALL OF CRAZY HOUSE, THE",James Patterson,2024-07-01
FALLOUT 4 - G.O.T.Y.,NA,2020-09-01
FALSE ALLEGATIONS,Vachss,2020-01-20
FAMILY HANDYMAN - DIY Trade Secrets - Over 225 Tricks of the Trade Inside,NA,2025-03-01
"FAMILY HANDYMAN, THE (10,11-2017 / Winter 2018 / 3,7,8,9-2019 / 3,6,7,8,9,11-20 / 4,5-2022 / 12-22 to 02-23 / Winter 2023)",NA,NA
"FAMILY LAWYER, THE",James Patterson,2024-09-01
FANGORIA,NA,NA
FANTASY & SCIENCE FICTION,NA,2020-09-01
FANTASY ART OF CALANDRA,NA,2021-06-21
FANTASY BOUND - The Art of Imaginative Distress,Reno,2021-06-21
FARM & RANCH LIVING,NA,2021-02-21
FARM JOURNAL,NA,NA
FASCINATING GENEALOGIES,NA,NA
FAST CART,NA,2020-11-01
FAST DRAW MANGA CHALLENGE,Beaudenon,2024-02-01
FASTNER & LARSON'S BEAUTIES & BEASTS (V1),NA,2024-01-01
"FAT CAT, 50 CENT & QUEENS REIGNS SUPREME - The Rise of the Hip Hop Hustler",Brown,2021-10-21
FATAL - Portland Street Kings Book 2,Harper,2021-01-21
FATAL VISION,McGinniss,2018-10-18
FATHER GREG & THE HOMEOYS,Fremon,2020-11-01
FAUCIAN BARGAIN,Deace & Erzen,2021-06-21
FAWKES,Brandes,2022-12-01
FEAR AND LOATHING IN LAS VEGAS,Thompson,2018-10-18
FEELING THE SHOULDER OF THE LION,NA,NA
"FELLOWSHIP, THE",NA,NA
FELON (#12),NA,2020-11-20
FELON (#2),NA,2022-01-22
FELON 18,NA,2020-09-01
FELON 19,NA,2021-07-21
FELON 20,NA,2022-06-22
FELON FITNESS,Teufel / Kroger,2022-09-22
FELON INKED (#1),NA,2022-05-22
FERMENTATION (Summer 2020),NA,2020-07-01
FETISH FASHION,Konemann,2022-08-22
FEVER (Spring 2019),NA,2020-01-20
FEVER DREAM (Preston / Child),NA,2022-05-22
FEVER PITCH 2 - More Hot Girls from Elias Chatzoudis,NA,2025-03-01
"FHM (2004 Birzelis 5,90 Lt)  DENIED PURSUANT TO IN-V-80 - DOC DOES NOT HAVE A TRANSLATOR FOR THIS LANGUAGE & IT WOULD IMPOSE MORE THAN A DE MINIMUS COST ON THE PRISON SYSTEM IN PROVIDING SUCH",NA,NA
"FHM (3, 4, 5,6, 7, 8, 9, 10,11,12-00/ 01,02,03,05,06,07,08,09,10,11,12-01/ 02,03,04,05,06,07,08,09,10,11,12-02/1,2,4,6,7,8,9-03 / 1,2,3,4,5,6,7,8,10,11,12-04  /  1,2,3,4,5,6,7,8,9,10,12-05 / 1,4,5,7,8,9,10,11,12-06 / 1,2,3-07 / 7-09 / 9,10-11 / 7-12 / 10-2013 / 02,5,7-2014 / #295)",NA,NA
"FHM (4-01 / 3,5,10,11,12-03  /  9-04 / 11-05 / 3,6-06 / 5-2013)",NA,NA
FHM 100 SEXIEST WOMEN IN THE WORLD,NA,NA
"FHM UK EDITION (9-04 / 8,9-05 / 7,10,12-07 / 2-08 / 4,5,12-09 / 2-10 / 11-2014 / 4-2015 / #304)",NA,NA
FIANCE & MARRIAGE VISAS - A Couple's Guide to U.S. Immigration - 11th Edition,Bray,2023-10-23
FIELD & STREAM (3-06 was reviewed & is approved),NA,NA
FIELD GUIDE TO EDIBLE WILD PLANTS of Eastern & Central North America,Thayer,2024-05-01
FIFTH ESTATE (Fall 2020),NA,2020-11-01
FIFTH ESTATE (Spring 2015 / Summer 2016 / Winter 2017 / Summer 2017 / Spr 2018 / Summer 2018 / Winter 2019 / Spring 2019),NA,2018-12-18
FIFTH ESTATE (Spring 2025),NA,2025-03-01
FIFTH ESTATE (Summer 2024),NA,2024-07-01
FIFTH ESTATE (Winter 2025),NA,2025-11-01
"FIFTH SEASON, THE - Every Age Must Come to an End - Broken Earth Trilogy(by Jemisin)",NA,2022-08-22
FIFTY SHADES DARKER,El James,2018-10-18
FIFTY SHADES FREED,James,2019-01-01
FIFTY SHADES OF BONDAGE AND SUBMISSION,Dubois,2022-03-01
FIFTY SHADES OF DUMB - True Stories of Strange and Screwy Sex,Gregory,2020-11-20
FIFTY SHADES OF GREY,EL James,2019-06-19
FIGHT CLUB,Palahniuk,2023-12-01
FIGHT CLUB 2,Palahniuk / Stewart,2023-12-01
FIGHT TO WIN - 20 Simple Techniques That Win Any Fight,Martin Dougherty,2022-08-22
FIGURE DRAWING - A Complete Guide to Drawing the Human Body,Spicer,2022-08-22
FIGURE DRAWING ATELIER,Aristides,2021-12-21
"FIGURE DRAWING IN PROPORTION - Easy to Remember, Accurate Anatomy for Artists (Massen)",NA,2023-03-01
"FIGURE DRAWING WITHOUT A MODEL - Anatomy, Movement and Character Expression From Memory and Imagination",Tiner,NA
FILLING THE LONELINESS WITH CHRIST,NA,NA
FILM FAX,NA,NA
FILTHY & ORGASMIC EROTIC SEX STORIES,Richards,2021-06-21
FILTHY DIRTY JOKES,NA,2021-09-21
FILTHY RICH - The Billionaire's Sex Scandal,Patterson,2018-10-18
FILTHY VOWS,Torre,2022-04-01
"FINAL CALL, THE",NA,NA
"FINAL CALL, THE (11-2023 / V43)",NA,2023-12-01
"FINAL FANTASY ULTIMANIA ARCHIVE I, II, III, IV, V (V1)",NA,2020-02-20
FINANCIAL FREEDOM WITH REAL ESTATE INVESTING,Blank,2020-11-20
FIND YOU FIRST,Barclay,2024-05-01
FINDING GIDEON,Dickey,2019-10-19
FINDING NEW LIFE IN THE SPIRIT,NA,NA
FINDING YOUR ELVEN HEART - Working with the Inner Realm of the Sidhe,Hauge,2021-02-21
FINE DINING PRISON COOKBOOK,NA,2020-07-01
FIRE AND FOG,Grey,2022-01-22
FIRE AND HAIL,Grey,2022-01-22
FIRE AND ICE,Grey,2022-01-22
FIRE AND RAIN,Grey,2022-01-22
FIRE AND SNOW,Grey,2022-01-22
FIRE FORCE 01 OMNIBUS,Ohkubo,2025-08-01
FIRE JEWEL - A Devotional For Freyja,Vanirdottir,2023-10-23
"FIRES OF HEAVEN, THE - The Wheel of Time Book 5",Jordan,2022-06-22
FIREWEED (Revised 11-2010),NA,2019-05-19
FIRST ASSEMBLY OF GOD FIRST FAMILY NEWS,NA,NA
FIRST BAPTIST CHURCH (BULLETIN),NA,NA
FIRST CALVARY MINISTRIES,NA,NA
FIRST CHRISTIAN CHURCH NEWSLETTER,NA,NA
FISHERMAN,NA,NA
FISHING GAZETTE,NA,NA
FISHING WORLD,NA,NA
FITNESS,NA,NA
FITNESS FOR FULL CONTACT FIGHTERS (Delp),NA,2020-11-20
FIVE FAMILIES,Raab,NA
"FIVE LEVELS OF LEADERSHIP, THE",Maxwell,2020-11-20
FIVE MINUTES LONGER,Sue,2023-01-01
"FIVE PERCENTER, THE (28.10)",NA,2023-12-01
"FIVE PERCENTER, THE (28.11)",NA,2023-12-01
"FIVE PERCENTER, THE (28.7)",NA,2023-12-01
"FIVE PERCENTER, THE (28.8)",NA,2023-12-01
"FIVE PERCENTER, THE (V5 #11 / V8 #1,2,3,4,7,8,9,10,11,12  /  V. 9 #1,2,3,4,5,6,7,8,9,10,11 / V.10#1,2 / V.11 #1,2,4,5,6,7,8,10,11,12  / V12 #1,2,3,4,6,7,8,9,10,11,12 / V 14 #7,8,10,12 / V15 #1,2,3,4,5,6,7,8,10,11,12 / V16 #1,2,3,4,5,6,7,8,9,10,11,12 / V17 #1,2,3,4,5 / V18 #1, 2, 3,8,9,11 / V19 #10 / V20 #2,3 / V22 #9,10,12 / V24 #10 / V25 #2 / V26 #1, #2, #3, #4, #7, #8,#10, #11,#12 / V27 #7, #8,#9 / V28 #4, #5,#9,#12)",NA,NA
"FIVE PERCENTER, THE (VOL5#12  /  V12 #5 / V14 #1,2,3,4,5,6,9,11 / V17 #11 / V18 #4,5,6,7,10 / V20, #1 / V26 #5 / V26 #6 / V27 #10, #11, #12 / V28 #1,#2,#3)",NA,NA
"FIVE PERCENTER,THE (26.9)",NA,2021-09-21
"FIYA GIRLS (Catalog 11,14,15,16,17)",NA,NA
"FIYA GIRLS - Non-nude (#11, 12, 17)",NA,NA
"FIYA GIRLS - Nude (3,4,5)",NA,NA
FLASH TATTOO,NA,NA
FLEX,NA,NA
FLIPPING YOUR CONVICTION - State Post Conviction Relief for the Pro Se Prisoner,Denison,2020-05-20
FLIX 4 YOU ONLY FANS (Fall 2021 / V1),NA,2022-07-22
FLOSS (#1),NA,2022-01-22
FLOWER & GARDEN,NA,NA
"FLOWERS OF EVIL, THE",Baudelaire,2020-07-01
FLY FISHERMAN,NA,NA
FLYING,NA,NA
FOCUS (FIRST CONGREGATIONAL CHURCH),NA,NA
"FOCUS FOURTEEN (#606,608, 706,708,808,809,812,901,905,908,910,2010, 2012 W/Wotansvolk Floyer)",NA,NA
FOCUS ON THE FAMILY,NA,NA
FOCUS ON THE FAMILY (ADS),NA,NA
FOCUS ON THE FAMILY (CASSETTE TAPE LISTING),NA,NA
"FOOT ZINE (13, 14)",NA,2022-03-22
FOOTBALL ACTION  (COLLEGE EDITION),NA,NA
FOOTBALL ACTION  (NFL EDITION),NA,NA
FOOTPRINTS OF FAITH,NA,NA
FOOTWEAR NEWS,NA,2020-09-01
FOR GOD SO LOVED YOU!,NA,NA
FOR YOU AND ONLY YOU,Caroline Kepnes,2024-05-01
FORBES,NA,NA
FORBIDDEN HEAT,Carew,2022-10-22
FORBIDDEN KNOWLEDGE - 101 Things No One Should How To Do,NA,2022-04-22
FORBIDDEN MYSTERIES OF FAERY WITCHCRAFT,Faerywolf,2019-05-01
FORCE OF FAITH,NA,NA
"FORCE, THE",Winslow,2023-12-01
FORCED TABOO - Sex Stories for Adults Erotic,Jessica Dominate,2021-06-21
FORD TIMES,NA,NA
"FORENSIC MAGAZINE (V9 #3 / V12 #1,2 /6,7-12 / 12-2014 / 01,2,3,4,5-2015 / 2015 Buyer's Guide)",NA,NA
FORGES,NA,NA
FORGIVING & FORGETTING,NA,NA
FORGOTTEN MAN MINISTRIES,NA,NA
FORGOTTEN REALMS - Magic of Faerun,NA,2019-08-19
"FORTUNE NEWS, THE (11-2015 / 12-2017 / 6-2018 / V. XLVII / V. L / V. L1)",NA,NA
"FORTUNE NEWS, THE - Justice for All (V. LX / Summer 2025)",NA,2026-01-01
FOUL PLAY,Stuart Woods,2024-02-01
FOUNDATIONS OF FAITH,NA,NA
FOUNDATIONS OF UNITY,NA,NA
"FOUR NOBLE TRUTHS, THE",NA,NA
FOUR WHEELER,NA,2020-04-20
FOXTAIL (#20),NA,2019-08-19
FRAMED,Richardson,2022-05-22
FRAMED - Astonishing True Stories of Wrongful Convictions,John Grisham,2025-02-01
FRANCISCAN MISSION ASSOCIATES,NA,NA
FRANCISICAN WAY,NA,NA
FRANK FRAZETTA'S DEATH DEALER - V1,Frank Frazetta,2025-02-25
FRAT BOYS,Allidon,2022-03-22
FREE GRACE BROADCASTER,NA,NA
"FREE-ENERGY DEVICE HANDBOOK, THE - A Compilation of Patents & Reports",NA,2025-07-01
FREEBIRD PUBLISHERS (V5),NA,2025-02-01
FREEDOM TO CHOOSE,NA,NA
FREEDOM TO GROW,NA,NA
FREEMAN,NA,NA
"FREEMASONS, THE",Ridley,2019-08-19
FREEWAY RICK ROSS - The Untold Autobiography,Ross w/ Scott,2020-09-01
"FREEZING (V#1, V#2, V#7, V#8)",NA,NA
FREEZING - Volumes 9 & 10,Dall-Young Lim,2023-09-23
"FRESHLY INKED (V1 #1,4 / V2 #3 / V4 #2 / V6 #1,3,4 / 5,11-2014 / 3,9,11-2015 / 9-2016)",NA,NA
FREYA - Meeting the Norse Goddess of Magic,Daimler,2024-11-01
FREYA'S FOLK,NA,2021-01-21
FRIENDS JOURNAL,NA,2020-05-20
FRIENDSHIP WITH GOD,NA,NA
FROM A BUICK 8,Stephen King,2022-10-22
FROM FAITH TO FAITH,NA,NA
FROM NIGGAS TO GODS - Pt. 1,Akil,2020-09-20
FROM NIGGAS TO GODS - VII,Akil,2020-09-20
FROM SUPERMAN TO MAN,Rogers,2021-04-20
FROM THE ASHES OF ANGELS - The Forbidden Legacy of a Fallen Race,Andrew Collins,2024-08-01
"FROM THE BIG HOUSE TO YOUR HOUSE (Bina, Cornelius, Holder, Johnson, Kemmerer, Larson)",NA,2025-12-01
FROM THE INSIDE OUT,NA,NA
FROM THE PIT (V5),NA,2018-12-18
FROM THE RICHES OF THE BUDDHIST MIND,NA,NA
FROM THE VALLEY TO THE MOUNTAIN,NA,NA
"FRONT (160,168,172)",NA,NA
FRUIT OF THE SPIRIT,NA,NA
FULL CRY,NA,NA
FULL LIFE STUDY BIBLE & CATALOGS,NA,NA
FULL THROTTLE WITH CHRIST,NA,NA
FULLMETAL ALCHEMIST 1,Arakawa,2024-04-01
FULLMETAL ALCHEMIST 2,Arakawa,2024-04-01
FULLMETAL ALCHEMIST 3,Arakawa,2024-04-01
FULLNESS OF THE SPIRIT,NA,NA
FUNCTIONAL ANATOMY OF YOGA - A Guide for Practitioners and Teachers,Keil,2023-12-01
FUNCTIONAL TRAINING AND BEYOND - Building the Ultimate Superfunctional Body and Mind,Adam Sinicki,2025-07-01
FUNDAMENTALS OF BUDDHISM,NA,NA
"FUNDAMENTALS OF DRAWING NUDES, THE - A Practical Guide to Portraying the Human Figure",Barber,2025-06-01
FUR-FISH-GAME,NA,NA
FUTHARK - A Handbook of Rune Magic,Thorsson,2022-07-22
FUTURE MUSIC MAGAZINE,NA,NA
FUTURE OF MANKIND,NA,NA
FYNE GIRLZ (#16),NA,2022-01-22
FYNE GIRLZ (#28),NA,2021-09-21
FYODOR DOSTOEVSKY CRIME AND PUNISHMENT - The Gambler Notes From Underground,NA,NA
G-SPOT - An Urban Erotic Tale,Norie,2022-10-22
G.O.A.T. - Thick Magazine Presents (#1),NA,2022-03-21
GALLERY (#233 / 2020),NA,2020-02-20
GALLERY (#235),NA,2020-09-01
GALLERY (#237),NA,2020-12-01
GALLERY - Girl Next Door 1996 (Fall 1995),NA,2020-07-01
GALLERY - Girls Next Door (234),NA,2020-07-01
GAME & FISH,NA,NA
"GAME MASTER'S BOOK OF RANDOM ENCOUNTERS, THE (Ashworth)",NA,2021-08-21
GAME PRO,NA,NA
GAME PROGRAMMING-ALL IN ONE (By Bruno deSousa),NA,NA
GAME TRADE MAGAZINE (GTM),NA,NA
GAMEINFORMER,NA,NA
GANG LEADER FOR A DAY - A Rogue Sociologist Takes to the Streets,Venkatesh,2020-09-20
GANGLAND,Hogan,2023-10-23
GANGSTA TWIST 1,Johnson,2019-11-19
GANGSTA TWIST 2,Johnson,2019-11-19
"GANGSTERS AND GOODFELLAS - The Mob, Witness Protection, and Life on the Run",Hill & Russo,2024-10-01
GANTZ OMNIBUS V1,Oku,2023-06-01
GANTZ OMNIBUS V2,Oku,2023-09-23
"GARDEN & GUN (08,09-2024)",NA,2024-09-01
"GARDEN & GUN (2,3-2024)",NA,2024-02-01
"GARDEN & GUN (4,5-2024) - The Arts Edition",NA,2024-04-01
GARDEN & GUN (December 2024 / January 2025),NA,2024-12-01
"GARDEN & GUN - Dream Trips (6,7-2024)",NA,2024-07-01
"GATES OF THE NECRONOMICON, THE",Simon,2021-05-21
GATHERING DARK,Fox,2023-12-01
GAY COMMUNITY NEWS,NA,NA
GAY TIMES (July 2019 / #497),NA,2019-07-19
GEEK MONTHLY,NA,NA
GEMS (V1),NA,2019-11-01
"GENDERED LIVES - Communication, Gender & Culture - 8th Edition",Wood,2021-03-21
"GENEOLOGY OF MORALS, THE",Nietzsche,2020-05-01
GENESIS: LIFE APPLICATION BIBLE STUDIES,NA,NA
GENRE,NA,NA
"GENTLE DOM, THE (Michael)",NA,2021-08-21
GENTLEMAN'S QUARTERLY,NA,NA
GEORGE ORWELL'S 1984 - The Graphic Novel (Orwell),NA,2026-01-01
"GEORGETOWN LAW JOURNAL, THE",NA,NA
"GESTAPO, THE",DeLarue,2020-09-20
GET ANYONE TO DO ANYTHING,Lieberman,2023-12-01
GET ON YOUR GRIND,Knowledge Borne,2022-11-01
"GET OUT, GET RICH - How to Get Paid Legally When You Get Out of Prison 9by Enemigo & Hustle)",NA,2022-09-22
GET REAL,Castillo,2020-07-01
GETTING A GRIP ON THE BASICS,NA,NA
GHETTO BASTARD,K'wan,2020-11-20
GHOSTWATER - Cradle - V5,Wright,2022-12-01
GIANT,NA,NA
"GIANT BOOK OF TINY HOMES, THE - Living Large in Small Spaces",John Riha,2024-05-01
"GIFT OF SEX, THE",Penner & Penner,2022-07-22
GIFTING ME TO HIS BEST FRIEND,Robert,2023-03-01
"GIRL IN THE MOON, THE",Terry Goodkind,2024-05-01
"GIRL IN THE SPIDER'S WEB, THE",Legercrantz,2019-01-01
"GIRL WHO LIVED TWICE, THE",Lagercrantz,2019-08-19
GIRL WHO TAKES AN EYE FOR AN EYE,Lagercrantz,2019-02-19
"GIRL WITH ALL THE GIFTS, THE (MR Carey)",NA,2022-09-22
"GIRL WITH THE DRAGON TATTOO, THE - A Graphic Novel (Vol 2)  this one is almost comic book like.",NA,NA
"GIRL WITH THE DRAGON TATTOO, THE - written word - novel",Larsson,2019-08-19
GIRLS NEXT DOOR (#236),NA,2020-11-20
GIVE US THIS DAY (April 2025),NA,2025-02-01
GLAMOUR GIRLS OF PARIS,NA,2021-01-21
GLAMOUR GIRLS OF TOKYO (V1),NA,2019-11-19
"GLEAM BROADWAY CHRISTIAN CHURCH, THE",NA,NA
GLENDALE PARADE STORE (2018-2019),NA,2018-11-18
GM LS SERIES ENGINES:  The Complete Swap Guide 2nd Edition,Joseph Potak,2024-07-01
GO TUBE (#1),NA,2021-09-21
GO VIRAL (#17) - Stephanie Santiago Cvr,NA,2024-09-01
GO VIRAL (#18),NA,2024-08-01
"GO VIRAL (#2,#3,#5,#7,#9,#11,#13,#14,#15,#16)",NA,NA
GO VIRAL (#6) - Tahiry / The Cominican Queen Mercedes Cover,NA,2024-07-01
GO VIRAL (Fall - Winter / 2022 & 2023) - Sara Gold Cvr,NA,2024-08-01
GO VIRAL (Fall/Winter - Certified Original #1),NA,2023-01-01
GO VIRAL (Spring 2023),NA,2023-08-23
GO VIRAL (Spring 2025),NA,2025-05-01
GO VIRAL (Summer 2023 - Part 1),NA,2024-07-01
GO VIRAL (Summer 2024),NA,2024-07-01
GO VIRAL (Winter 2024),NA,2025-12-01
GO VIRAL (Winter 2025),NA,2025-07-01
GO VIRAL - 10th Anniversary,NA,2022-03-22
GO VIRAL - Adult Stars (#1) Adult Stars Blondie Fesser,NA,2024-07-01
GO VIRAL - Amiradyme Cover (V4),NA,2025-07-01
GO VIRAL - Body (#1),NA,2022-08-22
GO VIRAL - Ebony (#1),NA,2021-06-21
GO VIRAL - Ebony (#2) - Irene Cover,NA,2024-07-01
GO VIRAL - Ebony (#3),NA,2022-03-22
GO VIRAL - Ebony (#4) - Big P / Double Dose Covers,NA,2024-07-01
GO VIRAL - Ebony (#5),NA,2023-08-23
GO VIRAL - Ebony (#6) - Amber Dyme Cover,NA,2024-07-01
GO VIRAL - Hottest Instagram Models (3),NA,2022-10-22
GO VIRAL - Instagram Models (#11),NA,2022-05-22
GO VIRAL - Instagram Models (#12),NA,2022-05-22
GO VIRAL - Instagram Models (#13),NA,2022-10-22
GO VIRAL - Instagram Models (#5),NA,2022-07-22
GO VIRAL - Instagram Models (#9),NA,2022-06-22
GO VIRAL - Instagram Models - V8 (Kimbella Cover & Arianny Cover),NA,2025-05-01
GO VIRAL - Latina (#12) - BlahGigi Cover,NA,2024-05-01
GO VIRAL - Latina (V1) - Vanity Cover,NA,2024-07-01
"GO VIRAL - Latina (V2, V3, V4, V6, V7,V8,V11)",NA,NA
GO VIRAL - Latina (V5) - @KKVSH Mikayla,NA,2024-07-01
GO VIRAL - Latina (V9) - Alexis Morgan Cover,NA,2024-09-01
GO VIRAL - Latina - Katt Leya Cvr (#10),NA,2024-08-01
GO VIRAL - Pictoral (V1),NA,2022-01-22
GO VIRAL - Pictoral (V2),NA,2022-01-22
GO VIRAL - Pictoral (V3),NA,2022-03-22
GO VIRAL - Snow Bunnies (#2) - Amber Cover,NA,2024-10-01
GO VIRAL - Snow Bunnies (#3),NA,2022-01-22
GO VIRAL - Snow Bunnies (#4) - Shaina Cover,NA,2024-09-01
GO VIRAL - Snow Bunnies (#5),NA,2023-08-23
GO VIRAL - Snow Bunnies (#6),NA,2025-07-01
GO VIRAL - Snow Bunnies - Ashley Cvr (#1),NA,2024-08-01
GO VIRAL - Social Media Review - Welcome Home Bobby Shmurda / Big Queen of the South Mulatto Not Susie Covers,NA,2024-09-01
GO VIRAL - Swimsuit (#1),NA,2022-12-01
GO VIRAL - The Hottest Big Body (V1) - Gracie Cover,NA,2024-09-01
GO VIRAL - The Hottest Instagram Models (#1),NA,2025-07-01
GO VIRAL - The Hottest Instagram Models (#4) - Amiradyne Cover,NA,2024-03-01
GO VIRAL - The Hottest Instagram Models (#6) - Tahiry Cover,NA,2024-03-01
GO VIRAL - The Hottest Instagram Models (#7) - Welcome Home Bobby Shmurda Cover,NA,2024-03-01
GO VIZUAL (#1),NA,2021-09-21
GO VIZUAL (#2),NA,2021-12-21
GO VIZUAL (#3),NA,2023-02-01
GOAT - Featuring Pinky (#1),NA,2024-02-01
GOAT - Foreplay - Gyro Season Finale - Black Special Edition,NA,2021-03-21
GOAT - Foreplay - Gyro Season Finale - Gold Special Edition,NA,2021-03-21
GOAT - Foreplay - Gyro Season Finale - Platinum Edition,NA,2021-03-21
GOAT FOREPLAY - Black (V1),NA,2021-04-01
GOAT FOREPLAY - Black (V3),NA,2021-05-21
GOAT FOREPLAY - Gold (V1),NA,2021-04-01
GOAT FOREPLAY - Gold (V3),NA,2021-05-21
GOAT FOREPLAY - Platinum (V1),NA,2021-04-01
GOAT FOREPLAY - Platinum (V3),NA,2021-05-21
"GOAT VIRAL (3, 5, 8, 9, 10, 11, 12)",NA,NA
GOAT VIRAL (V2),NA,2021-01-21
GOAT VIRAL - Black (V2) (reversed to approved on appeal to R. Bagby),NA,2021-03-01
GOAT VIRAL - Black (V3),NA,2021-01-21
GOAT VIRAL - Black (V4),NA,2021-05-21
GOAT VIRAL - Black (V5),NA,2021-12-21
"GOAT VIRAL - Gold (#1 - Special Edition, #2, #3)",NA,2021-01-21
GOAT VIRAL - Gold (V4),NA,2021-05-21
GOAT VIRAL - Gold (V5),NA,2021-12-21
"GOAT VIRAL - Platinum (#2, #3)",NA,2021-01-21
GOAT VIRAL - Platinum (V4),NA,2021-05-21
GOAT VIRAL - Platinum (V5),NA,2021-12-21
GOAT VIRAL - Pornstagram (V3),NA,2021-05-21
GOAT VIRAL - Special Edition Red Asian (V4),NA,2021-05-21
GOAT VIRAL - Strip Club Showdown (V2),NA,2021-05-21
GOD & STARBUCKS - An NBA Super Star's Journey Through Addiction and Recovery,Vin Baker,2024-02-01
GOD ANSWERS PRAYER?,NA,NA
GOD AT EVENTIDE,NA,NA
GOD CALLING,NA,NA
"GOD EQUATION, THE",Kaku,2023-09-23
GOD ISN'T DONE WITH ME YET . . .,NA,NA
"GOD OF LOST WORDS, THE",Hackwith,2023-09-23
GOD WORKS THE NIGHT SHIFT,NA,NA
GOD'S & GANGSTERS (SLMN),NA,2021-02-21
GOD'S LITTLE INSTRUCTION BOOK,NA,NA
GOD'S OF MISCHIEF,Rowe,2021-02-21
GOD'S PRISON GANG,NA,NA
GOD'S WATCHMAN AND THE HOPE OF ISRAEL,NA,NA
"GOD'S WAY OF PEACE, GOD'S WAY OF REST",NA,NA
GOD'S WAY OF SALVATION FOR YOU,NA,NA
GOD'S WORD AND YOU,NA,NA
GOD'S WORD FOR TODAY,NA,NA
GOD'S WORD FOR TODAYS BIKER,NA,NA
GOD'S WORD HAS NEVER BEEN CHANGED,NA,NA
GODDESS IN THE MIDDLE,Julian,2019-10-19
GOLD DIMES (V1),NA,2020-01-20
"GOLDEN DAWN, THE",Regardie,2021-07-21
GOLF,NA,NA
GOLF DIGEST,NA,NA
GOLF WORLD,NA,NA
GONE,Grant,2024-01-01
GONE AGAIN (James Grippando),NA,2024-12-01
GONE GIRL,Flynn,2023-02-01
"GOOD GIRL, BAD GIRL",Robotham,2021-09-21
GOOD HOUSEKEEPING,NA,NA
"GOOD KINGS, THE - Absolute Power in Ancient Egypt and the Modern World",Cooney,2024-03-01
"GOOD LIVING GUIDE TO MEDICINAL TEA, THE",Brown,2021-10-21
GOOD MORNING HOLY SPIRIT,NA,NA
GOOD NEWS MISSION,NA,NA
GOOD NEWS PUBLISHERS,NA,NA
GOOD OLD DAYS,NA,NA
"GOOD QUESTION, GOOD ANSWER",NA,NA
"GOOD SHEPHERD GIVETH HIS LIFE, THE",NA,NA
GOOD TIDINGS FROM THE BIBLE TRUTH PROGRAM,NA,NA
GOODENEWS,NA,NA
GOODS NEWS OUTREACH,NA,NA
GORGEOUS & GORY - The Zombie Pin-Up Collection (Jessica Rajs),NA,2022-01-22
GORILLAS #4 IN THE BAY - The Conclusion,DeKari,2022-08-22
GORILLAZ #3 IN THE BAY - Black Lives Matter,DeKari,2022-08-22
GOSNELL,McElhinney & McAleer,2021-09-21
GOSPEL ECHOES BIBLE STUDY,NA,NA
GOSPEL ECHOES TEAM (CERTIFICATE),NA,NA
GOSPEL HERALD,NA,NA
GOSPEL OF JESUS CHRIST ACCORDING TO JOHN & ROMANS,NA,NA
GOSPEL OF JOHN THE APOSTLE,NA,NA
GOSPEL TRACT HARVESTER,NA,NA
"GOSPEL TRACT SOCIETY, INC.",NA,NA
GOSPEL TRUTH,NA,NA
GOTH CRAFT,Digitalis,2019-06-19
"GOTUBE (#1, #2)",NA,2021-12-21
"GOURMET TODAY - More than a 1,000 Recipes for the Contemporary Kitchen",Reichl,2023-08-23
GQ STYLE,NA,2018-11-18
GRACE & TRUTH MAGAZINE,NA,NA
"GRAPEVINE, THE",NA,NA
"GRAPHIC ART OF TATTOO LETTERING, THE",Betts & Schonberger,2025-11-01
"GRATERFRIENDS - A Publication of the Pennsylvania Prison Society (Fall 2016 / Summer 2017 / December 2017 / 2,5,7,9-2018 /  V47 #2,4,6,8,9,10 / V48 #1,#2,#3 / 01,04,6-2019 / 11,12-2020 / 01,02,03,04,05,06,07,08,11,12-2021 / 03,04,05,06,07,08-2022)",NA,NA
GRATERFRIENDS - Summer Literary (2023),NA,2023-09-23
GRAY'S ANATOMY FOR STUDENTS,Drake,2023-09-23
GREAT AMERICAN CRIME STORIES (Edited by Bill Bowers),NA,2023-03-01
"GREAT RESET AND THE WAR FOR THE WORLD, THE",Jones,2023-09-23
GREAT WORDS FROM THE BIBLE,NA,NA
"GREATER AND LESSER KEYS OF SOLOMON THE KING, THE",Crowley & Mathers,2021-05-21
"GREATEST MAN ALIVE, THE",NA,NA
"GREATEST MIRACLE IN THE WORLD, THE",NA,NA
"GREATEST SIN IN ALL THE WORLD, THE",NA,NA
GREEK-ENGLISH LEXICON OF THE NEW TESTAMENT,NA,NA
GREEN WEED - The Guide to Growing Or,NA,NA
GREY - Fifty Shades of Gray As Told by Christian,EL James,2022-04-22
GRIMM FAIRY TALES - V1 (Adult Coloring Book),NA,2025-06-01
GRIMOIRE OF AZAZEL - Nine Demonic Gatekeeper 3,Koetting,2022-03-22
"GROUNDINGS WITH MY BROTHER, THE",Walter Rodney,2025-02-01
GROWING AS A CHRISTIAN,NA,NA
GROWING GOURMET AND MEDICINAL MUSHROOMS - 3rd Edition,Stamens,2025-03-01
GROWING IN CHRIST,NA,NA
GROWING IN GOD'S WORD,NA,NA
GROWING MUSHROOMS AT HOME,Webb,2025-06-01
GUARD THE THRONE,Santiago,2019-02-19
"GUARDIAN, THE (San Francisco Newspaper)",NA,NA
GUCCI MANE,Mane & Martinez-Belkin,2020-09-20
GUERILLA GAMBLING - How to Beat the Casinos at Their Own Games,Frank Scoblets,2025-02-01
GUIDE TO GETTING IT ON,Joannides,2023-03-01
GUIDEPOSTS,NA,NA
"GUILD NOTES (V. 43 #2, #3 / Summer-Fall 2018 / V49)",NA,NA
GUILTY BY ACCUSATION - The Challenge of Proving Innocence in the Age of #Me Too,Dershowitz,2021-05-21
GUILTY PLEASURES - Pin-Ups by Keith Garvey,NA,2022-01-22
GUITAR ONE,NA,NA
GUITAR PLAYER,NA,NA
GUITAR SCHOOL,NA,NA
GUITAR WORLD,NA,NA
GUM FOR ME (Cash & Company),NA,2020-11-20
GUN DIGEST - 78th Edition (2024),NA,2023-12-01
GUN DIGEST - 79th Edition (2025),NA,2025-02-01
GUN HONEY,Ardai/Kherg/Rahman,2024-01-01
GUN HONEY - Blood for Blood,Brubaker,2023-12-01
GUNDOG,NA,NA
"GUNS & AMMO (01,2,3,6,7,8,9,11,12-2017 / 2,3,5,7,8,9,10,11,12-2018 / 1,2,3,5,6,7,8,9,12-2019 / 01,05,08,10-2020 / 02,03,05,06,07,08,10,11,12-2021 / 02,03,04,05,8, 9,11,12-2022 / 03,04,05.06-2023)",NA,NA
GUNS & AMMO (01-2023),NA,2023-01-01
GUNS & AMMO (01-2024),NA,2023-12-01
GUNS & AMMO (01-2025),NA,2024-12-01
GUNS & AMMO (01-2026),NA,2025-12-01
GUNS & AMMO (02-2025),NA,2025-02-01
GUNS & AMMO (02-2026),NA,2026-01-01
GUNS & AMMO (03-2024),NA,2024-03-01
GUNS & AMMO (03-2025),NA,2025-02-25
GUNS & AMMO (04-2024),NA,2024-03-01
GUNS & AMMO (04-2025),NA,2025-03-01
GUNS & AMMO (05-2024),NA,2024-05-01
GUNS & AMMO (05-2025),NA,2025-04-01
GUNS & AMMO (06-2024),NA,2024-05-01
GUNS & AMMO (06-2025),NA,2025-06-01
GUNS & AMMO (07-2023),NA,NA
GUNS & AMMO (07-2024),NA,2024-07-01
GUNS & AMMO (07-2025),NA,2025-07-01
GUNS & AMMO (08-2024),NA,2024-08-01
GUNS & AMMO (08-2025),NA,2025-07-01
GUNS & AMMO (09-2023),NA,2023-09-23
GUNS & AMMO (09-2024),NA,2024-09-01
GUNS & AMMO (09-2025),NA,2025-08-01
GUNS & AMMO (10-2023),NA,2023-09-23
GUNS & AMMO (10-2024),NA,2024-10-01
GUNS & AMMO (10-2025),NA,2025-09-01
GUNS & AMMO (11-2023),NA,2023-10-23
GUNS & AMMO (11-2024),NA,2024-10-01
GUNS & AMMO (11-2025),NA,2025-11-01
GUNS & AMMO (12-2024),NA,2024-11-01
GUNS & AMMO (12-2025),NA,2025-11-01
"GUNS & AMMO (6,7,8,9,10,11,12-2013 / 1,2,3,5-2014 / 4,5,10-2017 / 1-2018 / 4-2019 / 04-2021 / 06,10-2022 / 02,08,12-2023 / 02-2024)",NA,NA
GUNS & AMMO - Guide to Sniping,Skyhorse Publishing,2024-02-01
"GUNS (01,02-2022)",NA,2022-01-22
GUNS (01-2023),NA,2022-12-01
GUNS (02-2023),NA,2023-01-01
GUNS (03-2023),NA,2023-02-01
GUNS (04-2023),NA,2023-03-01
GUNS (05-2023),NA,2023-04-01
GUNS (06-2021),NA,2023-05-21
GUNS (06-2023),NA,2023-04-01
GUNS (10-2022),NA,2022-08-22
GUNS (11-2022),NA,2023-02-01
GUNS (12-2022),NA,2023-02-01
GUNS (3-2022),NA,2022-01-22
GUNS (4-2022),NA,2022-03-01
"GUNS (5,7,8,12-2021)",NA,2021-04-01
GUNS (5-2022),NA,2022-03-22
GUNS (6-2022),NA,2022-04-22
GUNS (7-2022),NA,2022-07-22
GUNS (9-2022),NA,2022-08-22
GUNS OF THE OLD WEST (Summer 2023),NA,2023-06-01
GUNS OF THE OLD WEST (Winter 2023),NA,2023-12-01
GUNS OF THE WILD WEST (Fall 2023),NA,2023-09-23
GYMBOYS,Allison,2021-09-21
GYRO (V11),NA,2020-09-20
GYRO - Black (V1),NA,2020-07-01
GYRO - Gold (V1),NA,2020-07-01
GYRO - Gold (V2),NA,2020-11-20
GYRO - Platinum (V1),NA,2020-07-01
GYRO - Platinum (V2),NA,2020-11-20
"GYRO VIROL (V3,V4,V5,V6,V7,V8,V9,V11)",NA,2020-09-01
GYRO VIROL - Black Special Edition (V1),NA,2020-11-20
GYRO VIROL - Gold Special Edition (V1),NA,2020-11-20
GYRO VIROL - Platinum Special Edition (V1),NA,2020-09-20
H,NA,NA
HACKING,PG Wizard Books,2020-09-20
HAIL VARSITY,NA,2021-01-01
HAIR & BEAUTY,NA,NA
HAIRY,Robert Greene,2021-05-21
HALF MOON BAY,Jonathan & Jesse Kellerman,2023-12-01
HALO OBLIVION - A Master Chief Story,Denning,2022-09-22
HAM ON RYE,Bukowski,2020-11-20
HAMMER OF THE GODS,Nietzsche,2023-12-01
HANDBOOK FOR TODAY'S CATHOLIC,NA,NA
"HANDGUNS (02,03-2024)",NA,2023-12-01
HANDGUNS (12-2019 / 01-2020),NA,2020-04-20
"HANDGUNS (12-2023, 01-2024)",NA,2023-12-01
"HANDGUNS (6,7-2023)",NA,2023-12-01
"HANDGUNS (8,9-2023)",NA,2023-12-01
"HANDMAIDS TALE, THE",Atwood,2019-12-19
"HANDYMAN'S GUIDE, THE",Hasluck,2021-06-21
HAPPY HARVESTER,NA,NA
HARD CANDY,Vachss,2020-01-20
HARD CURVES - The Fantasy Art of Julie Bell,NA,NA
HARD WORKING MEN,Allison,2022-01-22
HARDCORE MUSCLE,NA,NA
HARDGAINER'S BODYBUILDING HANDBOOK,Rivera,2020-07-01
"HARLEY WOMEN (3,4-88)",NA,NA
HARPER'S BAZAAR (02-2025),NA,2025-02-01
HARPER'S BAZAAR - The ICONS Issue (9-2025),NA,2025-09-01
HARPER'S MAGAZINE,NA,NA
HARVEST NEWSLETTER,NA,NA
HARVEST TIME RELEASE,NA,NA
"HATE U GIVE, THE",Thomas,2019-01-01
"HAUNTED CEMETERIES - Creepy Crypts, Spine-Tingling Spirits, and Midnight Mayhem",Ogden,2024-08-01
"HAUNTED MESA, THE",NA,NA
"HAUNTING OF BLACKWOOD HOUSE, THE",Coates,2023-03-01
HAVE YOU HEARD THE ONE ABOUT…More Than 500 Side-Splitting Jokes,Sedgwick,2022-05-22
HE'S ALWAYS THERE,NA,NA
HE'S THE GREATEST!,NA,NA
HEAD TO TOE - The Nude in Graphic Design,Ilic & Heller,2024-05-01
HEALING BELONGS TO US,NA,NA
"HEALING PRACTICE OF THE KNIGHTS TEMPLAR & HOSPITALLER, THE",Hughes,2022-09-22
"HEALING PROMISE OF QI, THE (Creating Extraordinary Wellness through Qigong and Tai chi) by Roger Jahnke, O.M.D.",NA,NA
HEALING PROMISES,NA,NA
HEALING THE WOUNDS - Neighborly Affection Book 3,Barber,2019-10-19
"HEALING YOGA MANUAL, THE",Swami Ambikananda Saraswati,2023-02-01
HEALING-FOREVER SETTLED,NA,NA
HEALTH,NA,NA
"HEART OF A BOY, THE",Parker,2021-12-21
"HEART OF A GANGSTER 2, THE - A City Under Siege",Jackson,2020-11-01
"HEART OF A GANGSTER 3, THE - What's Real Can't be Modified",Jackson,2020-11-01
"HEART OF A GANGSTER, THE",Jackson,2020-09-20
"HEART OF A SAVAGE 2, THE - Bloody Betrayal",Williams,2023-01-01
"HEART OF A SAVAGE 3, THE - No Mercy, No Forgiveness",Williams,2023-01-01
"HEART OF A SAVAGE, THE - Blood Diamonds & Red Bottoms",Williams,2023-01-01
HEART OF STONE,NA,NA
HEART TO HEART,NA,NA
HEARTLESS (Banks),NA,2020-02-20
"HEARTLESS GOON - Like Father, Like Son",Ghost,2020-09-01
"HEARTLESS GOON II - Life Free, Die Hard",Ghost,2020-09-01
HEARTLESS GOON III - Ruthless Ambition,Ghost,2020-09-20
HEARTLESS GOON IV - Cold Blooded Karma,Ghost,2020-07-01
"HEAT SEEKERS, THE",Zane,2020-09-01
HEAVENLY BODIES,Miller,2019-01-01
HEAVENLY BODIES:  Art of Bruce Colero,Colero,2021-09-21
HEAVY METAL,NA,NA
HEAVY METAL III - Conceptions,Royo,2020-11-20
HEAVY METAL PIN-UP,NA,NA
HEBREW (VOL. I),NA,NA
HEBREW-GREEK KEY STUDY BIBLE,NA,NA
HEBREWS (VOL. II),NA,NA
HEGEL'S PHILOSOPHY OF RIGHT - Translated w/ Notes by T. M. Knox,NA,2020-09-01
HEKATE - Goddess of Witches,Weber,2021-12-21
HELL ON WHEELS,Walker,NA
HELL RAZOR HONEYS (Williams),NA,2020-02-20
HELL RAZOR HONEYS 2 (Williams),NA,2020-02-20
HELL TOWN - The Untold Story of a Serial Killer on Cape Cod,Sherman,2025-12-01
HELL WEEK & BEYOND - The Making of a Navy Seal,McEwen,2022-06-22
HELL'S ANGELS,Thompson,2017-04-17
HELL'S TOXIC TRIO,Lestrange,2022-05-22
HELTER SKELTER - The True Story of the Manson Murders,Buliosi w/ Gentry,2018-06-18
HEMMINGS CLASSIC CAR,NA,2021-02-21
HEMMINGS MOTOR NEWS,NA,2021-04-21
HEP,NA,NA
HER FORCEFUL FATHER,NA,2019-03-19
"HERBAL ALCHEMIST'S HANDBOOK, THE",Harrison,2021-10-21
"HEROIN DIARIES, THE - A Year in the Life of a Shattered Rock Star - Nikki Sixx",NA,NA
HEXCRAFT,Johnny XOXO,2021-07-21
HI-FI SOUND,NA,NA
"HI-FRUCTOSE (V57, V58)",NA,2021-01-21
HICKORY GROVE COMMUNITY CHURCH,NA,NA
HIDE CRAFTER DIGEST CATALOG,NA,NA
"HIDING PLACE, THE",NA,NA
HIGH FIDELITY,NA,NA
HIGH MAGICK,Echols,2019-01-01
"HIGH ROAD TO BEGINNING AGAIN, THE",NA,NA
HIGH SCHOOL DXD,Mishima,2022-09-22
"HIGHER TASTE, THE",NA,NA
"HIGHWAY, THE",CJ Box,2024-04-01
HIGHWAYS,NA,NA
HILARITY ENSUES,Tucker Max,2020-07-01
HILLBILLY ELEGY - A Memoir of a Family and Culture in Crisis,JD Vance,2024-09-01
HIP HOP HONEYS (Powerhouse Books),NA,2021-06-01
HIP HOP INK (Special Issue #91),NA,2021-10-21
HIP HOP WEEKLY,NA,NA
HIS LABORING FEW BIKER MINISTRY,NA,NA
HISTORICAL DICTIONARY OF WRESTLING,Grasso,2022-08-22
"HISTORY AND SYMBOLISM OF ROYAL ARCH MASONRY, THE",Edward Graham,2024-05-01
"HISTORY OF GANGSTER RAP, THE - The Rise of a Great American Art Form",Baker,2021-08-21
"HISTORY OF HENTAI MANGA, THE - An Expressionist Examination of Eromanga",NA,2025-03-01
HISTORY OF ISKCON,NA,NA
HIT LIST - An In-Depth Investigation into the Mysterious Deaths of Witnesses to the JFK Assassination,Belzer,2024-01-01
HITCHBLADE,NA,NA
HMONG TODAY (Winter 2019),NA,2020-02-20
HOBBIES,NA,NA
HOBBIT VIRTUES,Snyder,2022-05-22
HOG HUNTING (Winter 2019),NA,2019-12-19
HOLIDAY,NA,NA
HOLINESS TODAY,NA,NA
"HOLINESS, TRUTH & THE PRESENCE OF GOD",NA,NA
"HOLLAND FAMILY SAGA, THE - Dawn of an Empire #6",Black,2020-07-01
"HOLLAND FAMILY SAGA, THE - Ghost Town #5",Black,2020-07-01
HOLY BIBLE,NA,NA
HOLY BIBLE DICTIONARY CONCORDANCE,NA,NA
HOLY BIBLE DICTIONARY STUDY HELPS,NA,NA
HOLY BIBLE-NEW INTERNATIONAL VERSIONS,NA,NA
HOLY CORPSE RISING (#7),NA,2022-10-22
HOLY CROSS NEWS,NA,NA
HOLY KORAN OF THE MOORISH SCIENCE TEMPLE,NA,NA
"HOLY MALE, THE - Queerzine (V1, V3)",NA,2019-03-19
"HOLY MALE, THE - Queerzine (V2)",NA,2018-10-18
"HOLY SPIRIT AT WORK, THE",NA,NA
HOME BAKED,Volz,2021-12-21
HOME BUSINESS,NA,NA
"HOME BUYING 101 - From Mortgages and the MLS to Making the Offer and Moving In, Your Essential Guide to Buying Your First Home",Gorey,2023-09-23
HOME REMEDIES FROM A COUNTRY DOCTOR,Heinrichs / Heinrichs,2022-01-22
HOME-GROWN HARVEST - The Grow-Your-Own Guide to Sustainability and Self-Sufficiency,Eve McLaughlin & Terence McLaughlin,2025-10-01
HOMILETIC & PASTORAL REVIEW,NA,NA
HONEY OUT OF THE ROCK,NA,NA
HOOD GOSSIP (2),NA,2021-07-21
HOOD GOSSIP (3),NA,2021-07-21
HOOD GOSSIP (4),NA,2021-10-21
HOOD GOSSIP (5),NA,2022-11-01
HOOD LOVE AND LOYALTY,Griffin,2018-03-18
HOOD LOVE AND LOYALTY 2,Griffin,2020-07-01
HOOD LOVE AND LOYALTY 3,Griffin,2020-07-20
HOOD POLITICS (#1),NA,2022-04-01
HOOD RAT,K'Wan,2020-11-20
HOODLUM,K'Wan,2023-10-23
HOODLUM 2 - The Good Son,K'Wan,2019-08-19
HOOKED - A Never After Novel,Emily McIntire,2024-04-01
HOPE AGLOW MINISTRIES,NA,NA
"HOPE AGLOW MINISTRIES, INC.",NA,NA
HOPE FOR THE TROUBLED HEART,NA,NA
HOPE WESLEYAN CHURCH BULLETIN,NA,NA
HORIZON,NA,NA
HORIZONTAL ESCAPE,NA,NA
HOROSCOPE,NA,NA
HORRORS CINEMA - The Best Scary Movies of All Time,Taschen,2026-01-01
HORSE,NA,NA
HORSE & RIDER,NA,NA
HORSE LOVER'S MAGAZINE,NA,NA
HORSE PACKING ILLUSTRATED,Dusty Johnson,NA
HOSTAGE FREED,NA,NA
HOT CARS,NA,NA
HOT COPS,Allison,2021-09-21
HOT GIRL SAFARI (Goliath Books),NA,2021-09-21
"HOT HOUSE, THE - Life Inside Leavenworth Prison",Earley,2022-09-22
HOT JOCKS,Labonte,2022-01-22
"HOT LAVA CHRONICLES - Session 1 - Needs, Dreams & Desires",Williams & Turner-Myers,2018-08-18
"HOT ONE, THE",Murnick,2020-07-01
HOT PINK (#1),NA,2019-03-19
HOT ROD,NA,NA
HOT ROD BIKES,NA,NA
"HOT SEX TIPS, TRICKS AND LICKS",O'Reilly,2018-03-18
HOT SNAKE NIGHTS,NA,NA
HOUSE & GARDEN,NA,NA
HOUSE & HOME,NA,NA
HOUSE AND PHILOSOPHY - Everybody Lies (Edited by Jacoby),NA,2020-01-20
HOUSE BEAUTIFUL,NA,NA
"HOUSE NEXT DOOR, THE",Coates,2023-03-01
HOUSE OF GUCCI,Forden,2022-07-22
HOW CAN BLOOD SAVE YOUR LIFE?,NA,NA
HOW CAN GOD EXIST IN THREE PERSONS?,NA,NA
HOW IT WORKS (#164),NA,2022-08-22
HOW LONG WILL THEY MOURN ME? - An Unauthorized Biography of the Life and Legacy of Tupac Shakur,NA,2022-04-22
HOW NOT TO SUMMON A DEMON LORD - V1,Yukiya Murasaki,2025-02-01
HOW NOT TO SUMMON A DEMON LORD - V3,Yukiya Murasaki,2025-02-01
HOW NOT TO SUMMON A DEMON LORD - V4,Yukiya Murasaki,2025-02-01
HOW THE CIA KILLED CHE,Ranter & Smith,2019-02-19
HOW THE ILLUMINATI CREATE AN UNDETECTABLE TOTAL MIND CONTROLLED SLAVE,Wheeler / Springmeier,2020-11-20
HOW TO BE A SUCCESS IN LIFE-KENNETH HAGIN MINISTRIES,NA,NA
"HOW TO BECOME A MERCENARY - The Ultimate Guide to the Weapons, Training, and Tactics of the Modern Warrier for Hire (Barry Davies)",NA,2026-01-01
HOW TO BECOME A MODERN VIKING,Gooding,2020-11-20
HOW TO BEGIN THE CHRISTIAN LIFE,NA,NA
HOW TO BUILD A BILLION DOLLAR APP,Berkowski,2020-04-01
HOW TO BUILD A DUNGEON - Book of Demon King 1 (Yakan),NA,2019-10-19
HOW TO BUILD A DUNGEON - Book of Demon King 2 (Yakan),NA,2022-09-22
HOW TO BUILD A DUNGEON - Book of Demon King 3 (Yakan),NA,2022-09-22
HOW TO BUILD A DUNGEON - Book of Demon King 4 (Yakan),NA,2019-10-19
HOW TO COME TO JESUS,NA,NA
HOW TO DEFEND YOUR FAMILY AND HOME,Young,2021-09-21
HOW TO DISAPPEAR AND LIVE OFF GRID,Kiriakou,2025-02-01
HOW TO DISAPPEAR AND NEVER BE FOUND - The Ultimate Guide to Privacy and Security,NA,2024-03-01
HOW TO DISTILL,Hyde,2023-08-23
HOW TO DRAW MONSTERS AND OTHER SCARY STUFF,NA,2023-12-01
HOW TO EAT TO LIVE,NA,NA
HOW TO FIND OUT ANYTHING,MacLeod,2022-05-22
"HOW TO FIND OUT ANYTHING - From Extreme Google Searches to Scouring Government Documents, a Guide to Uncovering Anything About Everyone and Everything",NA,2025-02-01
HOW TO FIND THE PERFECT WILL OF GOD,NA,NA
HOW TO FLY HELICOPTORS,Collier,2020-07-01
HOW TO HAVE A HAPPY MARRIAGE,NA,NA
HOW TO HUSTLE AND WIN - Part 2 - Supreme Understanding,NA,2019-05-19
HOW TO HUSTLE AND WIN - Supreme Understanding,NA,2019-03-19
HOW TO JIU JITSU FOR BEGINNERS,Demetz,2020-09-20
HOW TO KNOW FOR SURE YOU ARE GOING TO HEAVEN,NA,NA
HOW TO MAKE MONEY LIKE A PORNSTAR,NA,2022-10-22
HOW TO MAKE VOODOO DOLLS - A Fun Step by Step Guide to Creating String Art Dolls,NA,2024-02-01
HOW TO NOT SUMMON A DEMON LORD - V7,Y. Muraski,2025-06-01
"HOW TO PLAY CRAPS - Master the Game of Craps!  Rules, Odds, Winner Strategies and Much, Much, More",Gerard,2026-01-01
HOW TO RUN WELL,NA,NA
HOW TO SURVIVE ANYTHING (2019 Edition),NA,2019-08-19
HOW TO SURVIVE OFF THE GRID - From Backyard Homesteads to Bunkers,Macwelch,2022-05-22
HOW TO SURVIVE SUMMER,White,2020-07-01
HOW TO WIN THE BATTLE FOR YOUR MIND,NA,NA
HOW YOU CAN TALK WITH GOD,NA,NA
HOW YOU MAY BECOME A SUCCESSFUL CHRISTIAN,NA,NA
HOWARD HUANG'S URBAN GIRLS (Edited by Dian Hanson),NA,2025-03-01
HR GIGER ARH+,Taschen,2020-09-20
"HTML, CSS & JAVASCRIPT FOR DUMMIES","Minnick, Tittel, Holland",2018-11-18
HTML5,McGrath,2020-11-20
HUMAN BEAMING,NA,NA
HUMAN HACKING,Hadnagy,2022-07-22
HUMAN KINDNESS FOUNDATION,NA,NA
HUMAN TRAFFICKING - 2-Hour Overview for Nurses,NA,2020-03-20
"HUMANIST, THE",NA,2023-02-01
HUMANS,Stanton,2022-08-22
HUMMER IN ACTION,NA,NA
HUNGER,Grant,2024-01-01
HUNGRY FOR MORE OF JESUS,NA,NA
HUNT ALASKA (Fall 2024),NA,2024-07-01
HUNTING,NA,NA
HUNTING EL CHAPO,Hogan,2020-11-20
HUNTING LEROUX,Shannon,2019-11-19
HUNTING TIME,Jeffery Deaver,2024-05-01
HUNTING WHITEY,Sherman/Wedge,2023-01-01
HUNTING WITH BOW AND ARROW (Pope),NA,2021-08-21
HURRICANES - A Memoir (Ross / Martinez-Belkin),NA,2019-08-19
HUSH-HUSH,Woods,2023-09-23
HUSKERS ILLUSTRATED,NA,NA
"HUSTLE HARDER HUSTLE SMARTER (Curtis ""50 Cent"" Jackson)",NA,2020-07-01
I <3 GIRL,NA,2018-08-18
I AM A DRUG LORD - The Last Confession of a Real-Life Underworld Kingpin (Anonymous),NA,2022-11-01
I AM DYNAMITE - A Life Nietsche (Prudeaux),NA,2021-08-21
I AM WATCHING YOU,Driscoll,2023-06-01
I CAN'T MAKE THIS UP,Kevin Hart,2021-06-21
I CORINTHIANS (STUDY GUIDE),NA,NA
I GOT A MONSTER - The Rise and Fall of America's Most Corrupt Police Squad,Woods & Soderberg,2023-02-01
"I LOVE (heart symbol) ORGASMS - A Guide to More (Solot, Miller w/ Burke)",NA,2025-03-01
I REFUSE FOR THE DEVIL TO TAKE MY SOUL,Kobielski,2021-06-21
I TOO MATTER (Loveless-Hill),NA,2019-03-19
I WASN'T THIS STRONG WHEN I STARTED OUT - Stories of Becoming a Nurse,NA,2020-11-20
I WILL FIND YOU,Coben,2023-12-01
"I WILL TEACH YOU TO BE RICH - No Guilt, No Excuses, No BS, Just a 6 Week Program That Works",Sethi,2023-08-23
"I'ADORE (#1,2,3,5,6,7,8,9,10,11,12,13,14,15,16,18)",NA,NA
I'ADORE - (#18) - All Mami's Edition,NA,2024-07-01
I'ADORE - Anniversary Issue (Part 1),NA,2020-09-20
I'LL BE GONE IN THE DARK - One Woman's Obsessive Search for the Golden State Killer,NA,2025-02-01
I'LL TAKE THE HIGH ROAD,NA,NA
"I'M A THERAPIST, AND MY PATIENT IS IN LOVE WITH A PEDOPHILE - 6 Patient Files from Prison",Dr. Harper,2022-06-22
"I, RIGOBERTA MENCHU - An Indian Woman in Guatamala",NA,2020-09-01
"I-5 KILLER, THE - The True Story of the NFL Draftee Who Became a Perverted Serial Killer",NA,2024-02-01
IBLACK LOTUS,K'Wan,2018-05-18
ICELANDIC MAGIC - Practical Secrets of the Northern Grimoires,Stephen Flowers,2024-02-01
"ICEMAN, THE",Bruno,2020-09-01
ICH KAMPFE,NA,2022-03-22
ICMJ'S PROSPECTING AND MINEING JOURNAL,NA,NA
ICONS OF EVOLUTION - Science or Myth? - Why Much of What We Teach About Evolutions is Wrong (Wells),NA,2025-10-01
"ID (3,5-2019)",NA,NA
ID (Ideas & Discoveries),NA,2021-01-21
ID - The Art of Deception (Special Edition),NA,2022-11-01
"IDENTITY THEFT PROTECTION GUIDE, THE","Amanda Walsh, PhD",NA
IDOL HANDS - The Art of Coop,NA,2021-12-21
IF I CAN'T HAVE YOU (Olsen / Morris),NA,2022-09-22
IF IT BLEEDS,Stephen King,2023-12-01
IG CHOCOLATE BEAUTIES (#1),NA,2021-09-21
IG MAMI'S (#1) - Redbone Noe & Angelina / Shaina Cvrs,NA,2024-08-01
IGK (Summer 2021),NA,2022-05-22
IKI PASKUTINES AKIMIRKOS,Traudi Junge  DENIED PURSUANT TO IN-V-80 - DOC DOES NOT HAVE A TRANSLATOR FOR THIS LANGUAGE & IT WOULD IMPOSE MORE THAN A DE MINIMUS COST ON THE PRISON SYSTEM IN PROVIDING SUCH,NA
"ILLUSTRATED A BRIEF HISTORY OF TIME, THE - The Universe in a Nutshell",Hawking,2022-07-22
"ILLUSTRATED ENCYCLOPEDIA OF NATURAL REMEDIES, THE",NA,2021-10-21
IMAGINARY FRIEND,Chbosky,2021-12-21
IMMERSE YOURSELF IN THE ANCIENT MYSTICAL WISDOM,NA,NA
IMPORT EXPORT:  Importing from China Profitability,NA,2020-11-20
IMPORT TUNER,NA,NA
"IMPORTANT TRUTHS, 7",NA,NA
IMPOSSIBLE PHOTOGRAPHY - Surreal Pictures That Challenge Our Perception (Eken Press),NA,2022-08-22
IMPROVING YOUR SERVE-ART OF UNSELFISH LIVING,NA,NA
IN HIM,NA,NA
IN LOVE WITH A CONVICT,Ca$h,2020-03-20
IN ORDER TO LIVE - A North Korean Girl's Journey to Freedom,Park,2020-11-20
IN SEARCH OF THE BLACK PANTHER PARTY - New Perspectives on a Revolutionary Movement,Lazerow,2025-02-01
IN THE EYE OF THE STORM,NA,NA
IN THE GARDEN OF BEASTS,Larson,2020-05-01
IN THE SHADOW OF THE DRAGON,NA,2021-07-21
IN THE WIND,NA,NA
IN-FISHERMAN,NA,2020-11-01
INCARCERATED ENQUIRER,NA,NA
INCOME OPPORTUNTIES,NA,NA
INDIE GATEKEEPERS - GGMG (Summer 2022),NA,2022-08-22
INDISPENSABLE SCRATCH & SNIFF GUIDE TO CANNABIS,Betts,2024-01-01
"INDULTA - Magazine of New Thought (3,6,7,8-2022)",NA,NA
INDUSTRY INTEL (V. III),NA,2023-04-01
INDUSTRY INTEL (VI),NA,2023-01-01
INDUSTRY INTEL (VII),NA,2023-01-01
"INFERNAL DICTIONARY, THE",Al Shoul,2020-11-01
"INFORMANT, THE (thecryptkeeper)",NA,2019-05-19
INFORMATION UNLIMITED - Amazing Products,NA,NA
INGREDIENTS - The Strange Chemistry of What We Put in Us and On Us,Zaidan,2024-01-01
"INITIATION OF MS. HOLLY, THE",Grace,2019-03-19
INK,Mayberry,2023-01-01
INK & SIGIL,Hearne,2023-09-23
INK 'N GIRLS (BanFalvi),NA,2025-04-01
INK 'N GIRLS -V2,Banfalvi,2025-02-01
INK FROM THE PEN (#27),NA,2022-08-22
INK FROM THE PEN (#28),NA,2022-08-22
INK FROM THE PEN (#32),NA,2024-04-01
INK FROM THE PEN (#35),NA,2024-02-01
INK FROM THE PEN (#36),NA,2024-02-01
"INK FROM THE PEN (#6, #7, #8, #12, #21, #24, #29)",NA,2021-10-21
INK FROM THE PEN (12-2015 / 6-2017 #11 / 3-2018 #14 /  3-2019 #18 / 9-2019 #20 / 6-2020 #23 / #24 / #25 / #26 / #30),NA,2020-02-20
"INK FROM THE PEN (9-2018 / #15,  #16)",NA,2020-09-20
INK FROM THE PEN (9-2020 / #24),NA,2021-06-21
INK FROM THE PEN - Anniversary (#5),NA,2021-07-21
INK FROM THE PEN - Art From the Inside to Educate Those Outside (12-2017 / #13),NA,2020-07-01
INK FROM THE PEN - Collector's Edition,NA,2022-09-22
INK FROM THE PEN - Commemorative Issue - Highlights #1 to #4 (2015),NA,2021-06-21
INK FROM THE PEN - Legenary Issue (Collector's Edition 2015-2020),NA,2021-06-21
INK NYMPHS LOS ANGELES (AOI),NA,2019-06-19
INKED (#1 - 2024),NA,2024-02-01
INKED (#111 / 09-2021),NA,2024-07-01
INKED (#12),NA,2025-03-01
INKED (#2 / 2025),NA,2025-09-01
INKED (#3 / 2025),NA,2025-08-01
INKED (#4 / 2023),NA,2023-12-01
"INKED (3-2013 / 10-2016 / 5,9,11-2019 / 01,03,05,9,11-2020 / 01,03,05,07,09,11-2021 / 03,07,09,11-2022 / 01,03-2023 / #102 / #105 / #106 / #108 / #109 / #110 / #117 / 120 / #121)",NA,NA
INKED (3-2019),NA,2019-02-19
INKED - Gunna Cover (#115),NA,2022-04-01
INKED - Jessica Wilde Cover (#115),NA,2022-04-01
"INKED BOOK, THE - Tattoo Bible",Hoffman,2019-03-19
INKED GIRLS,NA,NA
"INKED, THE (#13)",NA,2021-03-21
INKED:  Avrile Lavigne Cover (#114),NA,2022-04-22
INKED:  Brooke Candy (Feb/Mar 2022 - #113),NA,2021-12-21
INKED:  Faze Clan Cover (Feb/Mar 2022 - #113),NA,2021-12-21
INMATE SERVICES (1-2014 / 5-2016 / 1-2019),NA,NA
INMATE SERVICES (9-2016),NA,2020-09-20
INMATE SERVICES (9-2017),NA,2020-09-20
INMATE SERVICES (May 2016 / May 2017),NA,2019-11-19
INMATE SERVICES - Bonus Catalog 1 (2018),NA,2020-05-01
INMATE SERVICES - Bonus Catalog 2 (2018),NA,2019-11-19
INMATE SERVICES - Bonus Catalog 3,NA,2020-03-20
INMATE SERVICES - Bonus Catalog 4,NA,2020-03-20
INMATE SERVICES - Bonus Catalog 5,NA,2020-03-20
INMATE SERVICES - Color Catalog (5-2010 / 9-2013),NA,2020-05-20
INMATE SERVICES - Color Catalog (9-2011 / 01-2016 / 01-2019 / 9-2019 / Bonus #6 - 2021),NA,2020-05-01
INMATE SERVICES - Ground and Pound (2020),NA,2020-07-01
INMATE SERVICES - K Series (Catalog 7),NA,2019-05-19
INMATE SERVICES - Royal Deal (2020),NA,2020-05-01
"INMATE SHOPPER - Main Catalog (2014, Spr/Sum 2015 / Fall-Winter 2015-16 / Spr-Sum 2016 / 2017-2018 / 2018-2019 / 2020-2021 / 2022-2023 / 2024-2025)",NA,NA
"INMATE, THE",Freida McFadden,2024-05-01
INMATE-CONNECTION (Spr 2013 Catalog / Spr 2019 Catalog / Summer 2020),NA,NA
INMATES FOR ENTREPRENEURIAL PROGRESS,Williams,2020-11-20
"INNER TEMPLE OF WITCHCRAFT, THE - Updated 20th Anniversary Edition",Penczak,2023-08-23
INQUEST GAMER,NA,NA
INQUIRING MIND,NA,NA
INSIDE (4-2019),NA,2019-06-19
"INSIDE DESIGNED CONVICTION (4,7-2021 / 01-2022 / 01-2023)",NA,2021-06-21
"INSIDE DHARMA (V. XV #2, #4 / 4,5,10,11,12-2022)",NA,2022-07-22
"INSIDE DHARMA (V. XVI #3 / 7,8,9-2023)",NA,2023-11-01
INSIDE DHARMA (V. XVI #4),NA,2024-02-01
INSIDE FITNESS,NA,NA
INSIDE JOURNAL,NA,NA
INSIDE MOUNT CARMEL,NA,NA
INSIDE NBA STUFF,NA,NA
INSIDE OUT - A Personal History of Pink Floyd,Mason,2020-05-01
INSIDE PRISON JOURNALISM PROJECT (Fall 2023 / V3 #3),NA,2023-09-23
INSIDE REPORT,NA,NA
INSIDE THE CRIMINAL MIND,Samenow,2019-06-19
INSIDE THE MIND OF JOHN WAYNE GACY - The Real Life Killer Clown (Hunter),NA,2023-06-01
INSIDE THE TENTACLE CAVE - V1 (Story by Umetane / Art by Abi),NA,2024-10-01
INSIDE THE THIRD REICH - Memoirs (Speer),NA,2020-03-20
INSIDE WRESTLING,NA,NA
INSIDERS' FOOTBALL NEWS,NA,NA
INSIGHT ON THE SCRIPTURES,NA,NA
INSTABOOTY (#1),NA,2021-09-21
INSTABOOTY (#2),NA,2021-12-21
INSTABOOTY (#3),NA,2021-12-21
INSTABOOTY (#4) - there were postcards enclosed,NA,2022-03-22
INSTABOOTY (#5) - there were postcards enclosed,NA,2022-03-22
INSTABOOTY (#6) - there were postcards enclosed,NA,2022-03-22
INSTANT INDONESIAN,Tuttle,NA
INSTANT SELF-HYPNOSIS,Blair,2020-11-01
INSTINCT,NA,NA
INSTITUTE OF BIBICAL STUDIES,NA,NA
"INSTITUTE, THE",Stephen King,2023-12-01
INSTITUTES OF THE CHRISTIAN RELIGION,NA,NA
INSTYLE (10-2020),NA,2020-11-20
"INTARSIA TIMES, THE",NA,NA
INTERCOM,NA,NA
INTERIOR DESIGN,NA,NA
INTERNATIONAL BOXING,NA,NA
INTERNATIONAL DESIGN,NA,NA
"INTERNATIONAL INDUCTIVE STUDY NEW TESTAMENT, THE",NA,NA
"INTERNATIONAL JERUSALEM POST, THE",NA,NA
INTERVIEW MAGAZINE,NA,NA
"INTO THE DEEPEST, MOST UNKNOWN DUNGEON - V8 (BY Kakeru)",NA,2024-10-01
INTRODUCTION TO BHAGAAD-GITA,NA,NA
INTRODUCTION TO GERMAN PHILOSOPHY,Bowie,2020-05-20
"INVENTION OF SOUND, THE",Palahniuk,2025-06-01
INVITATION TO DIVINITY,NA,NA
IOWA CHURCH NEWS BULLETIN,NA,NA
IOWA CURE,NA,NA
IOWA GAME & FISH,NA,NA
IOWA MAGAZINE,NA,2021-02-01
"IOWA SPORTSMAN, THE",NA,2021-02-21
"IOWAN, THE",NA,NA
IQ,Ide,2018-10-18
IRAQ - BABYLON OF THE END OF TIMES? ,C. Marvin Pate / J. Daniel Hays,NA
IRON HORSE,NA,NA
IRON LACE,Richards,2019-01-01
IRON MIND,NA,NA
IRONMAN,NA,NA
IRRESISTIBLE,Harlow,2019-06-19
IS THE DEVIL IN CHARGE OF HELL?,NA,NA
IS THERE LIFE AFTER DEATH?,NA,NA
IS THERE REALLY GOING TO BE A RAPTURE OF THE CHURCH?,NA,NA
ISAIAH'S END-TIME VISION,NA,NA
ISKCON WORLD REVIEW,NA,NA
ISLAM & CHRISTIANITY (#12),NA,NA
ISLAMIC PUBLICATIONS INTERNATIONAL,NA,NA
ISLAMIC WAY OF LIFE,NA,NA
"ISLAND FOR DR. MOREAU, THE",H.G. Wells,2018-11-18
ISRAEL MY GLORY,NA,NA
IT ARCHITECTURE FOR DUMMIES,Hausman & Cook,2020-09-01
IT IS ABOUT ISLAM,Beck,2018-10-18
IT'S EVEN WORSE THAN YOU THINK (Johnston),NA,2020-04-20
IT'S HEADED STRAIGHT TOWARD YOU,NA,NA
IT'S STILL THERE,NA,NA
IVY LEAGUE STRIPPER,Mattson,2019-02-19
"J22 TRANS PRISONER DAY (Jan 22, 2018)",NA,2018-07-18
JACK THE RIPPER,Simpson,2021-02-21
JACK THE RIPPER'S STREETS OF TERROR - Life During the Reign of Victorian London's Most Brutal Killer,Matthews,2025-02-01
JACK VAN IMPE MINISTRIES INTERNATIONAL,NA,NA
JAILHOUSE COOKBOOK - The Prisoner's Recipe Bible (Chef Artie Cuisine),NA,2025-04-01
"JAILHOUSE LAWYER'S HANDBOOK, THE - 6th Edition 2021 (Center for Constitutional Rights)",NA,2022-09-22
JAILHOUSE LAWYER'S MANUALS,NA,NA
"JAILHOUSE PUBLISHING FOR MONEY, POWER, AND FAME!",Enemigo,2023-01-01
JAMES ALLEN 21 BOOKS:  Complete Premium Collection,Allen,2020-11-20
JANE,NA,NA
JANIS - Her Life & Music,Warren,2023-12-01
JAVA PROGRAMMING FOR ANDROID DEVELOPES FOR DUMMIES,Bird,2022-07-22
JAVA:  The Complete Reference 11th Edition,Schildt,2022-07-22
JAY-Z:  Made In America,Dyson,2019-11-19
JAZZ,NA,NA
JEHOVAH'S WITNESSES & THE QUESTION OF BLOOD,NA,NA
JEHOVAH'S WITNESSES IN THE TWENTIETH CENTRY,NA,NA
JEHOVAH'S WITNESSES UNITEDLY DOING GOD'S WILL WORLDWIDE,NA,NA
JEREMIAH-PROPHET OF DOOM OR HOPE,NA,NA
JESUS & THE KINGDOM OF GOD,NA,NA
JESUS - THE ONE AND ONLY,Beth Moore,NA
JESUS CHRIST IS GOD,NA,NA
"JESUS, OUR LORD",NA,NA
"JESUS, RABBI & LORD",NA,NA
JET,NA,NA
JEWELS FOR THE JOURNEY,NA,NA
"JEWISH BACKGROUND TO THE LORD'S PRAYER, THE",NA,NA
"JIGGLE (#1, #2)",NA,NA
JIM JONES AND THE PEOPLES TEMPLE - The History of the Most Notorious Cult and Mass-Murder Suicide in American History,NA,2021-02-21
JIMMY THE WAGS,NA,NA
JOE GIBBS: FOURTH AND ONE,NA,NA
JOHN DEE'S FIVE BOOKS OF MYSTERY,Peterson,2023-02-01
JOHN-THE LIVING WORD,NA,NA
JOUDIKOI IN OUR MIDST,NA,NA
JOURNAL OF NEGRO HISTORY,NA,NA
"JOY OF HOME DISTILLING, THE",Morris,2022-03-22
"JOY OF YOGA, THE - Fifty Sequences for Your Home and Studio Practice",Silverman,2022-08-22
JOYCE MEYER MINISTRIES,NA,NA
JUBILEE - Recipes from Two Centuries of African American Cooking (Tipton-Martin),NA,2023-08-23
JUBILEE UNITED METHODIST CHURCH BULLETIN,NA,NA
JUDAISM IN ACTION,Apion,NA
"JUDGE'S LIST, THE",Grisham,2023-01-01
JUDGEMENT SEAT OF CHRIST,NA,NA
JUGGALO,Miller,2022-05-22
JUJUTSU KAISEN 2 - Fearsome Womb,Gege Akutami,2024-05-01
"JULIETTE SOCIETY, THE",Grey,2020-01-20
"JULIETTE SOCIETY, THE - Book II - The Janus Chamber",NA,2019-03-19
JUST ADD COLOR TATTOOS,NA,2019-03-19
JUST ANOTHER SPIRITUAL BOOK,NA,NA
JUST BETWEEN US,Trumble,2020-11-20
JUSTICE FOR GEORGE FLOYD,Harris,2021-03-21
JUSTICE WATCH NEWSLETTER,NA,NA
JUSTICE WHILE BLACK (Shipp & Chiles),NA,2019-10-19
JUXTAPOZ,NA,NA
K IS FOR KOREAN,Lyer,2022-08-22
K'WAN PRESENTS - Dog Food,Pittman,2022-05-22
KALI LINUX - Kali Linux Made Easy for Beginners & Intermediates - Step by Step w/ Hands on Projects,Berg,2025-09-01
KAMA SUTRA - A Position A Day,NA,NA
KANDIGIRLZ MAGAZINE -  (V1 / V2),NA,NA
KANDY (1-2018 / #75 / #100 - 2021),NA,NA
KARMA 2 - For the Love of Money (Hawthorne),NA,2020-02-20
"KAT TRAP, THE",Cairo,2019-11-19
KEEP OUT! (Redfern),NA,2020-04-20
KEEPING HIM QUIET (Smokey Moment),NA,2020-11-01
KENNETH COPELAND MINISTRIES,NA,NA
KENT STATE - 4 Dead in Ohio,Backderf,2023-12-01
"KEY OF SOLOMON THE KING, THE",NA,2021-06-21
"KEY TO THE SUPERNATURAL, THE-KENNETH HAGIN MINISTRIES",NA,NA
KHADAFI - The Beginning,Fields,2020-12-01
KICKS,NA,NA
"KILL JAR, THE","Appelman, Rueben",2021-07-21
KILLADELPHIA,Dasaint,2022-04-01
"KILLER ACROSS THE TABLE, THE - Unlocking the Secrets of Serial Killers and Predators with the FBI's Original Mindhunter",Douglas & Ohshaker,2025-12-01
KILLER CLOWN - The John Wayne Gacy Murders,Sullivan,2021-05-21
KILLER DOLLS,Santiago,2019-02-19
KILLER PSYCHOPATHS - The Inside Story of Criminal Profiling,Roland,2023-12-01
KILLERS OF THE FLOWER MOON,Grann,2021-04-21
"KILLERS SHADOW, THE",Douglas / Olshaker,2021-04-21
KILLING COMMENDATORE,Murakami,2018-10-18
KILLING CRAZY HORSE - The Merciless Indian Wars in America,O'Reilly & Dugard,2022-08-22
"KILLING KIND, THE",Connolly,2018-10-18
"KILLING SCHOOL, THE",Webb,2022-08-22
KILLING THE MOB - The Fight Against Organized Crime in America (O'Reilly & Dugard),NA,2025-06-25
KILO - Inside the Deadliest Cocaine Cartels,Muse,2021-09-21
KINGDOM SEEKERS MINISTRY,NA,NA
KINGS OF THE BLOCK,Williams,2020-11-20
KINGS OF THE BLOCK:  The Williams Brothers - Part 2,Williams,2020-11-20
KIONI,Kakifly,2020-11-01
KISS KISS BANG BANG,Ashley & Jaquavis,2021-03-21
"KITCHEN, THE (Uptown Grow Lab Presents)",NA,2025-03-01
KITE (#11) - not girly type magazine (the girly type is n/k/a Kite DM),NA,2021-08-21
KITE (#12) - not girly type magazine,NA,2021-11-21
KITE (#13) - not girly mag,NA,2022-03-22
KITE (#14),NA,2022-08-22
KITE (#15),NA,2022-09-22
KITE (#16),NA,2023-03-01
KITE (#17),NA,2023-08-23
KITE (#18),NA,2024-01-01
KITE (#19) - Rap Civil War - Pick a Side / Fetty Wap Zoo Jersey Ledgend,NA,2024-08-01
KITE (#20),NA,2025-02-01
KITE (#21),NA,2025-09-01
KITE (#8)- not girly type mag which will now go by Kite DM,NA,2021-06-21
KITE (#9),NA,2021-02-21
KITE - (#10) - not girly type magazine which will now go by Kite DM.,NA,2021-03-21
KITE - (#2) - not girly type mag which will now go by Kite DM,NA,2021-06-21
KITE - (#3) - not girly type mag which will now go by Kite DM,NA,2021-04-01
KITE - (#4) - not girly type mag which will now go by Kite DM,NA,2021-08-21
KITE - (#5) - not girly type mag which will now go by Kite DM,NA,2021-04-01
KITE - (#6) - not girly type magazine which will now go by Kite DM.,NA,2021-03-21
KITE - (#7) - not girly type magazine which will now go by Kite DM,NA,2021-06-21
KITE DM (#2),NA,2021-09-21
KITE DM (#3),NA,2022-01-22
KITE DM (#4),NA,2022-07-22
KITE DM (#5),NA,2023-01-01
KITE DM (#6),NA,2023-06-01
KITE DM (#7) - Sexy Red Sex Sells / Yummy Yellow (front / back covers),NA,2024-04-01
KITE DM (#8) - Connie Diamond & Nicki Minag Queen of Rap Cvrs,NA,2024-07-01
KITE DM (1),NA,2021-04-01
KITPLANES (March 2025),NA,2025-03-01
KITTY KAT - Adult Entertainment Resource Book - Revised Edition,NA,2025-05-01
KITZUR SHULCHON ORUCH (VOL. I & II),NA,NA
KLOCKIT,NA,NA
KNIVES 2022,Kertzman,2022-03-22
KNOTTING AND SPLICING ROPES AND CORDAGE,Hasluck,2021-09-21
KNOW WHY YOU BELIEVE,NA,NA
KNOW YOUR BIBLE SERIES,NA,NA
KORAN QUESTIONS FOR MOORISH AMERICANS,NA,NA
KRAV MAGA TACTICAL SURVIVAL,Gerson Ben Keren,2021-10-21
KREAM (V3),NA,2021-05-21
KREAM (V4) - 100% Snow Bunnies Featuring Danii & Payton Cvrs,NA,2024-07-01
KRSNA THE RESERVIOR OF PLEASURE,NA,NA
KURT COBAIN JOURNALS,NA,2023-10-23
"KUSHNER, INC. - Greed, Ambition, Corruption (Ward)",NA,2020-07-01
KYTE,NA,NA
LA ABOLICIONISTA - The Abolitionist - Spanish Version (Spr/Summer 2024 - #41),NA,2024-08-01
LABYRINTH,Sullivan,2022-05-22
LADIES HOME JOURNAL,NA,NA
LADY CHATTERLEY'S LOVER,Lawrence,2022-10-22
LADY IN THE SHADOW,NA,NA
"LAMP & LIGHT PUBLISHER, INC.",NA,NA
LAMPLIGHT STUDIES,NA,NA
LANDCRUISING & PROSPECTING,NA,NA
"LANGUAGE OF TATTOOS, THE - 130 Symbols & What They Mean",Munden & Schonberger,2023-03-01
LAP DANCE LUST - A Collection of Erotic Stories,Bussel,2025-11-01
LAS VEGAS LIFE,NA,NA
"LAS VEGAS' DUNES HOTEL-CASINE - The Mob, The Connections, The Stories",Geno Munari,2024-10-01
"LAST WISH, THE - Introducing the Witcher",Sapkowski,2023-09-23
"LATE NIGHT LICK - Lust, Fear & Fire V1",Capri,2020-05-01
LATE NIGHT LICK 2 - Sweetest Tabu,NA,2021-03-21
LATE NIGHT LICK 3 - The Magic Wand,NA,2021-03-21
LATE NIGHT LICK 4 - Hidden Exstasy,NA,2021-03-21
LATE NIGHT LICK 5 - Sex Chronicles of a B.B.W.,NA,2021-03-21
LATER,King,2022-12-01
LATIN ANGELS (V1 / V2),NA,2021-05-21
LATINA,NA,NA
LATINA BIKINI MAMMIES (#2),NA,2021-04-01
LATINA BIKINI MAMMIES (Premier Issue),NA,2023-10-23
LATINA SPICE (1),NA,2021-04-01
LATINA SPICE (Director's Cut),NA,2023-04-01
LAWLESS,K'wan,2020-07-01
"LAWS OF HUMAN NATURE, THE",Greene,2023-01-01
"LAWS OF PROSPERITY, THE",NA,NA
LAY IT DOWN - She's Hell Bent on Making It,Jamaica,2021-03-21
LAY IT DOWN 2 - Forced to Kill,Jamaica,2021-03-21
LEADERSHIP STRATEGY AND TACTICS - Field Manual,Willink,2020-09-01
LEARN PYTHON 3 THE HARD WAY,Shaw,2023-06-01
LEARN TO DRAW MANGA WOMEN - A Beginner's Guide,Kyachi,2024-05-01
LEARNING TO FLY HELICOPTORS,NA,2020-07-01
LEARNING TO LIVE WITH THE PEOPLE YOU LOVE,NA,NA
LEATHER CRAFTERS & SADDLERS JOURNAL,NA,2020-01-01
"LEATHERWORKING HANDBOOK, THE - A Practical Illustrated Sourcebook of Techniques and Projects",Michael,2023-09-23
"LEATHERWORKING STARTER HANDBOOK, THE - Beginner Friendly Guide to Leather Crafting Process, Tips and Techniques",Fleming,2023-09-23
LEAVES FROM THE MARIANNHILL FATHERS,NA,NA
LED ZEPPELIN - Complete Lyric & Chord Songbook,NA,2021-05-21
LEFT HAND PATH SORCERY - Rituals and Teachings For Satanic Gnostics,Shedim,2022-03-22
LEOPARD'S SCAR (Feehan),NA,2023-02-01
"LESSER KEY OF SOLOMON, THE - Goetia:  The Book of Evil Spirits Lemegeton-Clavicula Salomonis Regis",Mathers & Crowley,2024-05-01
LESSON IN TRUTH,NA,NA
LESSONS FOR CHRISTIAN LIVING,NA,NA
"LESSONS OF ASGARD, THE",NA,2021-01-21
LESSONS OF THE GAME - A Warning to Young Players,Enemigo,2022-01-22
LET JUDAH GO UP FIRST,NA,NA
LET'S DO IT THE BIRTH OF POP MUSIC:  A History,Bob Stanley,2024-03-01
LETTER TO CHURCHES . . . THEN & NOW,NA,NA
LETTERS & PAPERS FROM PRISON,Dietrich Bonhoeffer,NA
"LETTERS AND NOTES - On the Manners, Customs and Conditions of the North American Indians - V1",Catlin,2023-10-23
"LETTERS AND NOTES - On the Manners, Customs and Conditions of the North American Indians - V2",Catlin,2023-10-23
LETTERS ON DEMONOLOGY AND WITCHCRAFT,Scott,2021-07-21
LETTERS TO PENTHOUSE (#53) Horny MILFS and Cougars on the Prowl,NA,2021-11-21
LETTERS TO PENTHOUSE - Back Door Adventures (V 51),NA,2021-12-21
LETTERS TO PENTHOUSE - Dirty Girls & Sexy Toys (V52),NA,2022-05-22
"LETTERS TO PENTHOUSE III - Hot, Bothered and Ready",NA,2025-11-01
LETTERS TO PENTHOUSE IX,NA,2020-09-01
"LETTERS TO PENTHOUSE V. 50 - She's Wild, She's Horny, She's Married",NA,2022-03-22
LETTERS TO PENTHOUSE VI - Feel the Heat,NA,2025-02-01
LETTERS TO PENTHOUSE VII - Celebrate the Rites of Passion,NA,2020-03-20
LETTERS TO PENTHOUSE VIII - The Sexual Revolution Meets the Millennium..Are You Ready?,NA,2020-03-20
LETTERS TO PENTHOUSE XI - Where Your Wildest Fantasies Come True,NA,2023-04-01
"LETTERS TO PENTHOUSE XV - Outrageous, Erotic, Orgasmic!",NA,2020-01-20
LETTERS TO PENTHOUSE XVII - Sinfully Sexy,NA,2020-01-20
LETTERS TO PENTHOUSE XVIII - The Hottest Sex Just This Side of Legal,NA,2022-10-22
LETTERS TO PENTHOUSE XXI - When Wild Meets Raunchy,NA,2022-03-22
LETTERS TO PENTHOUSE XXII - Views from the Top & Bottom,NA,2022-08-22
"LETTERS TO PENTHOUSE XXIV - Sex, Lies & Sins",NA,2022-12-01
LETTERS TO PENTHOUSE XXVII - The First Time is the Hottest,NA,2020-02-20
"LETTERS TO PENTHOUSE XXX - Extreme Sex, Maximum Pleasure",NA,2024-02-01
LETTERS TO PENTHOUSE XXXV - Naughty Pleasure Parties Exposed,NA,2022-10-22
LETTERS TO PENTHOUSE XXXVII - Naughty Intentions & Dirty Deeds,NA,2020-01-20
LETTERS TO PENTHOUSE XXXVIII,NA,2020-09-01
LETTERS TO PENTHOUSE XXXXI - Wives Gone Wild,NA,2023-10-01
LETTERS TO PENTHOUSE XXXXII - Hot and Horny in Class,NA,2020-02-20
LETTERS TO PENTHOUSE XXXXIII,NA,2020-11-20
LETTERS TO PENTHOUSE XXXXIX - Sinful Sexxxploits,NA,2022-03-22
"LETTERS TO PENTHOUSE XXXXV - Please Me, Spank Me",NA,2019-07-19
LETTERS TO PENTHOUSE XXXXVI - Dirty Dares & Red-Hot Hookups,NA,2022-01-22
LETTERS TO PENTHOUSE XXXXVIII - Down and Dirty Lust,NA,2021-10-21
LETTERS TO THE LORD FROM THE SOUL OF JERMAINE REAVES (V1),NA,2020-01-20
"LETTERS TO THE SEVEN CHURCHES, THE",NA,NA
LEVITT LETTER,NA,2020-09-01
"LEWIS MAN, THE",May,2020-07-01
LFTD x LVLD (DUB Magazine),NA,2018-08-17
LIAHONA - Pointing Us All to Jesus Christ,NA,2021-02-21
LIBERTY  -  NOW ALL PERMANENTLY APPROVED,NA,NA
LIBERTY BIBLE COMMENTARY-NEW TESTAMENT,NA,NA
LIBERTY BIBLE COMMENTARY-OLD TESTAMENT,NA,NA
LIE WITH ME,Besson,2021-05-21
LIES,Michael Grant,2024-04-01
LIFE & TEACHINGS OF CHRIST,NA,NA
LIFE & WORK PURSUITS,NA,NA
LIFE - Explorers (The Mob),NA,2020-01-20
"LIFE AND AMOURS OF THE BEAUTIFUL, GAY AND DASHING KATE PERCIVAL, THE",NA,2020-09-20
"LIFE AND LEGEND OF THE SULTAN SALADIN, THE",Phillips,2021-07-21
LIFE APPLICATION BIBLE,NA,NA
LIFE FACES,Loengard,2022-08-22
LIFE IN PRISON,Stanley Tookie Williams,2021-06-21
LIFE IN THE THIRD REICH - Daily Life in Nazi Germany 1933-1945,Roland,2020-05-01
LIFE IN THE WORD,NA,NA
LIFE IS,NA,NA
LIFE PURPOSE MINISTRIES,NA,NA
"LIFE RECOVERY JOURNEY, THE",Arterburn & Stoop,2020-07-01
LIFE SENTENCE - The Brief and Tragic Career of Baltimore's Deadliest Gang Leader,Bowden,2024-04-01
"LIFE SKILLS - How to Cook, Clean, Manage Money, Fix Your Car, Perform CPR, and Everything in Between",Laflin,2025-06-01
LIFE STUDY FELLOWSHIP,NA,NA
LIFE WITHOUT VIOLENCE,NA,NA
LIFE'S BIGGEST QUESTION & GOD'S ANSWER,NA,NA
LIFE'S LITTLE HANDBOOK OF WISDOM,NA,NA
LIFEGUARD,Szabo,2022-05-22
LIGHT FROM ANCIENT AFRICA,NA,NA
LIGHT FROM THE GOSPEL OF JOHN,NA,NA
LIGHT OF LIFE BIBLE STUDIES,NA,NA
LIGHT OUTREACH MINISTRIES PAMPHLET,NA,NA
"LIGHTING THE NUDE -( Hicks, Schultz & Luck)",NA,2021-09-21
LIGUORIAN,NA,NA
LIKE CHRIST,NA,NA
"LIKE LIFE - Sculpture, Color, and the Body (Published by The Met)",NA,2022-07-22
LINDY'S FOOTBALL - NATIONAL COLLEGE,NA,NA
LINDY'S FOOTBALL - PRO,NA,NA
LINDY'S SPORTS FANTASY FOOTBALL 2020 (V20),NA,2020-09-01
LINEAGE & OTHER STORIES,NA,NA
LINGERIE (#2),NA,2021-04-01
LINUX COMMAND LINE AND SHELL SCRIPTING BIBLE - 4th Edition,Blum / Bresnahan,2022-09-22
LINUX FORMAT,NA,NA
LINUX JOURNAL,NA,NA
"LITTLE BIG BOOK OF BREASTS, THE",Dian Hanson,2022-01-22
"LITTLE BOOK OF CURSES AND MALEDICTIONS FOR EVERYDAY USE, THE",Downton,2021-09-21
"LITTLE BOOK OF ELEMENTS, THE - A Pocket Guide to the Periodic Table",NA,2021-10-21
"LITTLE BOOK OF RESTORATIVE JUSTICE, THE",Zehr,2020-09-20
"LITTLE BOOK OF USEFUL KNOTS, THE - 200 Practical Knots for Sailors, Climbers, Campers & Other Adventures",Budworth,2024-07-01
LITTLE FLOWERS,NA,NA
"LITTLE LIAR, THE",Albom,2024-02-01
LIVE FROM DEATH ROW,Abu-Jamal,2021-06-21
LIVING EPISTLES ACTIVEWEAR,NA,NA
LIVING FAITH,NA,NA
LIVING IN CHRIST,NA,NA
LIVING THE NEW LIFE,NA,NA
"LIVING TORAH, THE",NA,NA
LIVING WICCA,NA,NA
LLEWELLYN'S NEW WORLD OF MIND & SPIRIT,NA,NA
LOCKED DOWN,Anastasi,2022-01-22
LOCKED DOWN COOKIN',Brown,2020-07-01
LOCUS (11-2016 / 02-2017 / #670 / V77 #5 / 8-2021),NA,NA
LOLITA,Nabokov,2024-02-01
"LOLLYPOPS (V11,12,13,14 / 2016 / 2017)",NA,NA
LONG BLACK VEIL,Boylan,2022-12-01
LONG LIVE THE CARTEL,Ashley & Jaquavis,2020-09-01
LONG TIME COMING - Reckoning with Race in America,Dyson,2021-02-21
LONG WAY HOME,Douglas,2020-01-20
"LOOP, THE - How Technology is Creating a World without Choices and How to Fight Back",Ward,2024-01-01
LOOSE GIRL - A Memoir of Promiscuity,Cohen,2021-05-21
"LORD HIGH EXECUTIONER, THE - Legendary Mafia Boss Albert Anastasia",Dimatto / Benson,2023-03-01
LORD MARKSMAN AND VANADIS - Maiden vs. Knight (#5),NA,2020-04-20
LORD MARKSMAN AND VANADIS - The Clash of Battle! (#6),NA,2020-04-20
LORD MARKSMAN AND VANADIS - The War Rages On (#4),NA,2020-04-20
LORD OF CHAOS - The Wheel of Time Book 6,Jordan,2022-06-22
LORD'S COVENANT CHURCH & AMERICAS PROMISE BROADCASTS CAT & NEWSLETTER,NA,NA
LORDS OF THE LEFT HAND PATH,Flowers,2021-06-21
LOS ANGELES,NA,NA
LOS OJOS DE MI PRINCESA,Sanchez,2019-07-19
LOS OJOS DE MI PRINCESA 2 - Fuerte Por Amor,Sanchez,2019-07-19
LOST,Born,2022-06-22
"LOST A GAUNT'S GHOSTS OMNIBUS, THE",Abnett,2023-01-01
"LOST AMERICA - Vanished Civilizations, Abandoned Towns, and Roadside Attractions",Rauf,2023-09-23
"LOST BOOKS OF MERLYN, THE",Monroe,2020-04-20
LOST BOOKS OF THE BIBLE,NA,NA
"LOST REALMS, THE - The Fourth Book of the Earth Chronicles",Sitchin,2023-09-23
LOVE & GUNPLAY,K'Wan,2020-11-20
LOVE IN HELL - The Complete Trilogy (Story and Art by Reiji Suzumaru),NA,2024-05-01
"LOVE, MARRIAGE & SEX",NA,NA
LOVECRAFT COUNTRY,Ruff,2020-07-01
LOVING GOD,NA,NA
LOW MAGICK,Duquette,2020-07-01
LOW RIDER,NA,NA
LOYAL TO THE GAME - A Woman's Ambition,TJ & Jelissa,2021-10-21
LOYALTY TO A GANGSTA,Rose,2020-05-01
"LUCIFER EFFECT, THE - Understanding How Good People Turn Evil (Zimbardo)",NA,NA
LUCKY,NA,NA
LUST (#2) - Porn Star Payton Presler / Porn Star Phoenix Marie Covers,NA,2024-07-01
LUST - Forbidden & Explicit Erotica for Adults,Sweet Vanilla,2022-01-22
LUST KILLER,Ann Rule,2023-08-23
LUTHER'S SMALL CATECHISM WITH EXPLANATION,NA,NA
LUTHERAN CHURCH BIBLE STUDY SERIES,NA,NA
"LUTHERAN DIGEST, THE",NA,NA
LUTHERAN JOURNAL,NA,NA
"LUTHERAN WITNESS, THE",NA,NA
LUTHERAN WOMEN TODAY,NA,NA
MA BARKER - America's Most Wanted Mother,Kazanjian & Enss,2023-06-01
MAC HAMMOND MINISTRIES,NA,NA
MAC LIFE,NA,2021-10-21
MACARTHUR MUST DIE,NA,NA
MACHIAVELLI:  On Power and Politics,NA,2021-08-21
MACHIMAHO - I Messed Up and Made the Wrong Person Into a Magical Girl!,NA,2025-09-01
MACHO TIME - The Meteroic Rise and Tragiv Fall of Hector Camacho,Giudice,2022-09-22
"MACK WITHIN, THE - The Holy Book of Game",Tariq Nasheed,2022-11-01
MAD,NA,NA
MAD DOG'S FAVORITE PRISON RECIPES,Snake Sneeze Press,2024-05-01
MADEMOISELLE,NA,NA
MAGICAL BLEND,NA,NA
MAGICAL GIRL - Spec Ops Asuka,Fukami Makoto,2021-07-21
MAGICAL USE OF THOUGHT FORMS (book),NA,NA
MAGICIANS OF THE GOLDEN DAWN,NA,NA
"MAGICK OF INFLUENCE, THE - Persuade, Control and Dominate with the Forces of Darkness",Hargrove,2022-03-22
MAGICKA SWORDSMAN AND SUMMONER - V3,Mitsuki Mihara,2025-02-01
MAGICKAL ATTACK (Winterfield),NA,2022-03-22
MAGIKA SWORDSMAN & SUMMONER - 6,"Mitsuki, Mihara, MonRin",2024-02-01
"MAILBOX CLUB, THE",NA,NA
MAILBOX SCHOOL OF THE BIBLE,NA,NA
MAKE HER SQUIRT!,Johansson,2021-09-21
MAKE MANGA!,Heikura,2024-05-01
MAKE:  78,NA,2021-09-21
MAKE:  82,NA,2022-09-22
MAKE:  84,NA,2023-03-01
MAKE:  85,NA,2023-06-01
MAKE:  Electronics 3rd Edition,Pratt,2024-01-01
MAKE:  GETTING STARTED WITH SOLDERING- A Hands on Guide to Making Electrical and Mechanical Connections (de Vinck),NA,2025-12-01
MAKE:  Radio - Hands-On Alternatives in the Hidden Universe of Radio Waves,Fredrick Jansson,2025-12-01
MAKING CALL OF DUTY:  Modern Warfare,NA,2024-07-01
MAKING MAGICK,NA,NA
MAKING MUSIC IN US PRISONS - Listening to Incarcerated Voices,Cohen & Duncan,2023-01-01
MALE TROUBLE - A Crisis in Representation,Solomon-Godeau,2022-09-22
"MAMMOTH BOOK OF HOLLYWOOD SCANDALS, THE",NA,2021-09-21
"MAMMOTH BOOK OF LESBIAN EROTICA, THE",Cardy,2025-11-01
"MAN WHO BROKE ROCKS, THE",NA,NA
MANGA - Learn to Draw Step by Step,Lee,2024-02-01
MANIFESTATION MAGIC,Leafar,2022-01-22
MANNERS & CUSTOMS OF THE BIBLE,NA,NA
MAO TSE-TUNG,NA,NA
MAPS QUIZ BOOK - Brain Teasers for Wherever You Are in the World,Hardie Grant,2026-01-01
"MARIE LAVEAU VOODOO GRIMOIRE, THE",Alvarado,2024-04-01
MARIJUANA EDIBLES - 40 Easy and Delicious Cannabis-Infused Desserts,NA,2024-01-01
MARISA'S BIG BOOK OF POP OUT BOXES,Marisa Anne - SUBJECT TO INSITUTIONAL RESTRICTIONS,NA
MARKED FOR LIFE - A Gallery of Tattoo Art,Bonge,2022-03-22
MARQUIS DE SADE (Goliath Books),NA,2021-06-21
MARRIAGE & FAMILY LIVING,NA,NA
MARRIED WITH ZOMBIES - The Couple Who Slays Together Stays Together,Jesse Peterson,2024-05-01
MARVEL WOLVERINE: Creating Marvel's Legendary Mutant,Avila,2022-01-22
MARYKNOLL,NA,NA
MASONIC EDUCATION BOOKS,NA,NA
MASSIVE MUSCLES IN 10 WEEKS,"Ellington Darden, PhD",NA
"MASTER PLAN, THE - My Journey from Life in Prison to a Life of Purpose",Wilson,2024-01-01
"MASTER, THE",NA,NA
MASTERING THE ART OF SOUS VIDE COOKING,Stewart,2023-08-23
"MASTERS AND LEGENDS OF FANTASY ART 2ND Edition - Techniques for Drawing, Painting and Digital Art from Fantasy Legends",NA,2024-10-01
MASTERY,Greene,2021-03-21
MATERIAL FROM PRISON FELLOWSHIP FOR WEEKEND SEMINAR,NA,NA
"MAXIM ( 1,2,3,4,5,6,7,8,9,10,11,12-2016 / 01,2,3,4,5,6,7,8,9,10,11,12-2017 / 1,2,3,4,5,6,7,8,9,10-2018 / 1,2,3,4,5,6,7,8,9,10,12-2019 / 01,02,3,4,5,6,11,12-2020 / 1,2,3,4,7,8,9,10,11,12-2021 / 03,04-2023 / 9,10-2025)",NA,NA
"MAXIM ( 11,12-2018)",NA,NA
"MAXIM (01,02-2022)",NA,2022-01-22
"MAXIM (01,02-2023)",NA,2023-01-01
MAXIM (01-02-2025),NA,2025-02-01
"MAXIM (03,04-2022)",NA,2022-03-22
MAXIM (03/04-2025),NA,2025-05-01
"MAXIM (05, 06-2023)",NA,2023-06-01
"MAXIM (07,08-2023)",NA,2023-08-23
"MAXIM (07,08-2024)",NA,2024-07-01
"MAXIM (11, 12-2023)",NA,2023-12-01
"MAXIM (11,12-2022)",NA,2022-12-01
"MAXIM (5,6-2022)",NA,2022-05-22
"MAXIM (7,8-2022)",NA,2022-07-22
"MAXIM (9, 10-2025)",NA,2025-09-01
"MAXIM (9,10-2022)",NA,2022-09-22
MAXIM (Summer 2025 / #274 - Hot 100),NA,2025-09-01
MAXIM (Winter 2025),NA,2026-01-01
MAXIMUM PC,NA,NA
MAXIMUM ROCK N ROLL,NA,NA
"MAZE, THE",Nelson Demille,2024-02-01
MCCALL'S NEEDLEWORK & CRAFTS,NA,NA
MCM ELECTRONICS PERMANENT APPROVAL,NA,NA
"MEANING OF ATHEISM, THE",NA,NA
MEANS OF CONTROL - How the Hidden Alliance of Tech and Government is Creating a New American Surveillance State,Byron Tau,2024-05-01
MEANT TO BE IMMORTAL,Sands,2023-09-23
MEATUS,NA,2020-02-20
MECHANIX ILLUSTRATED,NA,NA
MEDIA (V2 #5),NA,2021-09-21
"MEDIA MADE (V1 #5 / 2019 V2 #1 / V2 #2, #6, #7 / 2020 Premier Special Edition / 12,01-2021)",NA,NA
"MEDICAL CHECK-UP BOOK, THE - Understand the Tests You Need to Keep Your Body and Mind Healthy",NA,2023-03-01
MEDICAL SYMPTOMS - A Visual Guide - The Easy Way to Identify Medical Problems 2nd Edition,NA,2025-09-01
MEDITATION GROUP FOR THE NEW AGE,NA,NA
MEDITATION GROUP FOR THE NEW AGE 1ST YEAR SETS IV & V,NA,NA
MEDITATION IS NOT WHAT YOU THINK - Mindfulness and Why It Is So Important,Kabat-Zinn,2020-07-01
MEDITATION ON BREATHING,NA,NA
MEDITATION X TELEKINESIS,McNamara,2023-02-01
MEDJUGORIE THE MISSIONS,NA,NA
MEDJUGORJE MAGAZINE,NA,NA
MEIN KAMPF:  The Official 1939 Third Reich - Vs 1 & 2 (Hitler),NA,2020-02-20
MEISTER MANUAL - Drawing Tips for Prisoners,Meister,2023-03-01
MEISTER MANUAL - For Prisoners' Lawsuits,David J Meister,2024-05-01
MEMOIR:  The Tattooed Portrait Series,Shawn Barber,2025-06-01
MEN WHO MET THE MASTER,NA,NA
MEN'S FITNESS,NA,NA
MEN'S HAIRSTYLIST & BARBERS JOURNAL,NA,NA
MEN'S JOURNAL,NA,NA
MEN’S HEALTH,NA,NA
MERCENARY (Ice Money),NA,2021-09-21
"MERCK MANUAL OF WOMENS & MENS HEALTH, THE - 2nd Home Edition",NA,2025-10-01
MERCY CREEK,Browning,2023-12-01
MERCY OF GOD,NA,NA
"MESSAGE OF THE CROSS, THE",NA,NA
MESSIAH MESSENGER,NA,NA
MESSIAH-PROPHECIES FULFILLED,NA,NA
METAL MANIACS,NA,NA
METH=SORCERY-KNOW THE TRUTH (By Steve Box),NA,NA
"METHODIST, THE",NA,NA
"MEXICAN MAFIA, THE",Rafael,2023-01-01
MIDDLE MEN,Allison,2022-06-22
"MIDDLE PILLAR, THE - The Balance Between Mind and Magic",Israel Regardie,NA
MIDNIGHT - A Gangster Love Story,Sister Souljah,2024-07-01
MIDNIGHT ACTION (Kennedy),NA,2020-03-20
MIDNIGHT AND THE MEANING OF LOVE,Souljah,2021-09-21
MIDNIGHT CALL (01-2021),NA,2021-02-21
MIDNIGHT CAPTIVE (Kennedy),NA,2020-03-20
MIDNIGHT IN CHERNOBYL - The Untold Story of the World's Greatest Nuclear Disaster,Higginbottom,2023-02-01
MIDNIGHT REVENGE (Kennedy),NA,2020-03-20
MIDNIGHT TARGET (Kennedy),NA,2020-03-20
MIDWEST OUTDOORS,NA,2021-01-01
MIGHT AS WELL CHEAT (Story by Munmun / Art by Butcha-U),NA,2024-10-01
MILFS (#1),NA,2020-01-20
"MILITANT, THE",NA,NA
MILITARY HISTORY,NA,NA
MILITARY VEHICLES,NA,NA
MILLENNIUM,NA,NA
MILLER'S GUIDE TO HOME WIRING,Miller / Miller / Baker,NA
"MILLIONAIRE PRISON, THE - Special 2-in-1 Edition",Enemigo & Kruger,2022-07-22
"MILLIONAIRE PRISONER 2, THE",Enemigo & Kruger,2023-02-01
"MILLIONAIRE PRISONER 3, THE",Enemigo & Kruger,2024-05-01
"MILLIONAIRE PRISONER 4, THE",Enemigo & Kruger,2024-05-01
"MILLIONAIRE PRISONER 5, THE - Free Money",Enemige & Kruger,2023-10-01
MIND BLOWING MAGIC TRICKS FOR EVERYONE,Owen,2023-08-23
MIND CONTROL - The Ancient Art of Psychological Warfare,Lung,2022-04-22
MIND IS THE MASTER - The Complete James Allen Treasury,Allen,2023-09-23
MIND MELTER - A Coloring Book for the Twisted and Unhinged,Dirty Donny Gillies,2022-05-22
MINDBENDER,Wells,2020-04-20
MINDFULNESS: THE PATH TO THE DEATHLESS,NA,NA
MINDSET - The New Psychology of Success,"Dweck, PhD",2021-02-21
MINE,NA,NA
MINI TRUCKIN,NA,NA
MINISTRY OF INTERCESSION,NA,NA
"MIRACULOUS MEDAL, THE",NA,NA
MISS MORIARTY I PRESUME? - The Lady Sherlock Series,Thomas,2023-09-23
"MISSING GIRLS, THE","O'Neal, Tennyson & Watson",2022-09-22
MISSIONARY NO MORE (Zane),NA,2020-03-20
MISSISSIPPI BLOOD,Iles,2023-12-01
MISSOURI CONSERVATIONIST,NA,NA
MOB BOSS - The First Boss to turn Government Witness,Capeci & Robbins,2023-06-01
MODERN BRIDE,NA,NA
MODERN CALLIGRAPHYBIBLE - 101 Alphabets from Artists Around the World,NA,2024-12-01
MODERN DRUMMER,NA,NA
MODERN GYMNAST,NA,NA
"MODERN MASTERS OF TATTOOING, THE",Banfalvi,2021-12-21
MODERN TRIBAL TATTOO DESIGNS,Lora Irish,2026-01-01
MOLECULES - The Elements and the Architecture of Everything,Gray,2023-08-23
MONEY,NA,NA
MONEY DEVILS 1,Ashley & Jacquavis,2020-09-01
"MONEY MANUAL, THE - Underground Cash Secrets Exposed",Enemigo,2025-06-01
MONSTER,Jackson,2023-01-01
MONSTER - An Autobiography of an LA Gang Member,Scott,2021-06-21
MONSTER MUSUME - Everyday Life with Monster Girls (V1),NA,2023-06-01
MONSTER MUSUME - Everyday Life with Monster Girls (V16),NA,2023-08-23
MONSTER MUSUME - Everyday Life with Monster Girls (V2),NA,2023-06-01
MONSTER MUSUME - Everyday Life with Monster Girls (V3),NA,2023-06-01
MONSTERS - An Investigator's Guide to Magical Beings,John Michael Greer,NA
MONSTERS ON THE COUCH - The Real Psychological Disorders Behind Your Favorite Horror Movies,Sharpless,2024-01-01
MONSTERS WHO MURDER - True Stories of the World's Most Evil Serial Killers (Cimino),NA,2025-02-01
MONSTRESS - V1 Awakening,Liu & Takeda,2020-09-20
MONSTRUO - The Art of Carlos Huante,NA,2020-07-01
MOODY MONTHLY,NA,NA
"MOON IS A HARSH MISTRESS, THE",Heinlein,2020-04-20
"MOORES ARE MISSING, THE",James Patterson,2024-09-01
MOORISH CIRCLE 7 - The Rise of the Islamic Faith Among Blacks in America and it's Masonic Origins,NA,2020-09-20
MOORISH LITERATRUE,NA,NA
MOPAR ACTION,NA,2020-07-01
MOPAR MUSCLE,NA,NA
"MORAL IMAGINATION, THE - The Art and Soul of Building Peace",Lederach,2020-09-20
MORALS AND DOGMA OF THE ANCIENT AND ACCEPTED SCOTTISH RITE OF FREEMASONRY,Pike,2020-12-01
MORE DIRTY GIRLS HAVING FUN (Stagg),NA,2020-04-20
MORPHO - Anatomy for Artists,Lauricella,2022-06-22
MORRIS CERALLO VICTORY MIRACLE LIBRARY,NA,NA
"MOTHER EARTH NEWS (#265 / 8,9-2014 / 10,11-2017 / Spr 2019)",NA,NA
"MOTHER EARTH NEWS, THE",NA,NA
"MOTHER JONES (9,10-2020)",NA,2020-09-20
MOTOR,NA,NA
MOTOR AGE,NA,NA
MOTOR BOATING,NA,NA
MOTOR CYCLE,NA,NA
MOTOR CYCLIST,NA,NA
MOTOR CYCLIST ILLUSTRATED,NA,NA
MOTOR TREND,NA,NA
MOTORLAND,NA,NA
MOTORSPORT WEEKLY,NA,NA
"MOUNT ZION REPORTER, THE",NA,NA
MOUNTAIN RECORD,NA,NA
MR.,Vandernat,2020-01-20
MS,NA,NA
MS SANDS PEEP SHOW:  Uncensored Beautifully Sexy,NA,2022-11-01
MULES AND MORE,NA,NA
MURDER IN PARADISE (book),NA,NA
MURDER IN THE NEWS - An Inside Look at How Television Covers Crime,Jordan,2023-03-01
"MURDER, INTERRUPTED - True Crime Thrillers",James Patterson,2024-05-01
MURDERVILLE - First of Trilogy,Ashley & JaQuavis,2021-01-21
MURDERVILLE 2 - The Epidemic (Ashley & JaQuavis),NA,2020-02-20
MURDERVILLE 3 - The Black Dahlia,Ashley & JaQuavis,2020-03-20
"MURRAY BOOKCHIN READER, THE",Biehl,2020-11-01
MUSCLE & FITNESS,NA,NA
MUSCLE MACHINES,NA,NA
MUSCLEMAG INTERNATIONAL,NA,NA
MUSCULAR DEVELOPMENT,NA,2021-07-21
"MUSIC MARKETING - Press, Promotion, Distribution, and Retail",King,2023-09-23
MUSICAL QUARTERLY,NA,NA
MUSICIAN'S FRIEND,NA,NA
"MUSLIM DIGEST, THE",NA,NA
MUSTANG MONTHLY (AUG. 01),NA,NA
MUSTANGS & FORDS (AUG. 01),NA,NA
MY BROTHERS ENVY - The Cross,JL Rose,2021-06-21
MY BROTHERS ENVY 2 - The Retaliation,JL Rose,2021-06-21
MY BROTHERS ENVY 3,JL Rose,2021-06-21
MY HERO ACADEMIA - Vigilantes (#1),NA,2026-01-01
MY LIFE AMONG THE SERIAL KILLERS - Inside the Minds of the World's Most Notorious Murderers,Morrison,2025-02-01
MY PSYCHEDELIC EXPLORATIONS,Noranjo,2022-12-01
MY UTMOST FOR HIS HIGHEST (BY Chambers),NA,2022-08-22
"MYSTERY OF THE SHEMITAH, THE - Updated Edition",Cahn,2021-06-21
MYSTIC MESSENGER,NA,NA
MYSTIC TATTOO - Anti-Stress Coloring Book,Neil Dring,2024-07-01
NA WAY MAGAZINE,NA,NA
NAAMAH'S CURSE,Carey,2020-07-01
NAIMAH,Fildor & Shiny Beast,2023-09-23
NAIMAH - Pt 2 (Story and Art by Fildor & Shiny Beast),NA,2022-11-01
NAKED,NA,NA
NAKED DESIRE,Colero,2021-09-21
NAKED GIRLS CLUB,Paramonov,2023-01-01
NARSOL - The Digest,NA,2021-05-01
NASCAR ILLUSTRATED,NA,NA
NASTY GIRLS - An Urban Novel,Gray,2023-06-01
"NATION, THE",NA,NA
NATIONAL ENQUIRER,NA,NA
NATIONAL EXAMINER,NA,NA
NATIONAL GEOGRAPHIC,NA,NA
NATIONAL GEOGRAPHIC ALMANAC 2021,NA,2021-01-01
NATIONAL HORSEMEN,NA,NA
NATIONAL LAMPOON,NA,NA
NATIONAL REVIEW - The Polyamory Delusion (V. LXXVIII #2 / 02-2026),NA,2026-01-01
NATIVE AMERICAN COALITION OF THE QUAD CITIES,NA,NA
NATIVE MAX MAGAZINE,NA,NA
NATURAL & NAKED (Goliath Books),NA,2024-02-01
NATURALLY SEXY GIRLS - In My Weekend Cottage,White,2021-10-21
NATURE,NA,NA
NAVES TOPICAL BIBLE,NA,NA
NAVY SEAL SNIPER,Dohrety / Webb,2022-05-22
"NAZIS, THE",Roland,2020-01-20
NECRONOMICON,NA,NA
NECRONOMICON,Simon,2021-05-21
NECRONOMICON - Dark Fantasy Digital Art (Maine),NA,2021-08-21
NECRONOMICON - Spellbook,Simon,2021-05-21
"NECTAR OF INSTRUCTION, THE",NA,NA
NEGRO HISTORY,NA,NA
NEGRO HISTORY BULLETIN,NA,NA
"NEGRO QUESTION, THE",Cummings,2021-04-01
"NEGRO QUESTION, THE - Part 2",Cummings,2021-04-01
"NEON GENESIS EVANGELION 10, 11, 12",Sadamoto,2023-06-01
"NEON GENESIS EVANGELION 13, 14, 15",Sadamoto,2023-06-01
NEON GODS,Robert,2023-11-01
NETWORKING ESSENTIALS-Prepare to Pass the MS Certif Exam #70-058,NA,NA
NEVER A HERO,Sexton,2021-09-21
"NEW AGE OF BIKING AND BROTHERHOOD, THE (Macecari)",NA,2021-04-01
NEW AMERICAN,NA,NA
"NEW AMERICAN PIN-UP TATTOED & PIERCED, THE",Johnson & Stanton,2020-05-20
"NEW BIRTH, THE-KENNETH HAGIN MINISTRIES",NA,NA
NEW COVENANT,NA,NA
NEW DAWN,NA,NA
NEW DAY HERALD,NA,NA
NEW FASHION NUDES (Goliath Books),NA,2021-09-21
NEW IDEAS FOR HAIRSTYLING,NA,NA
NEW MAN,NA,NA
NEW OPEN BIBLE (KING JAMES VERSION),NA,NA
NEW TESTAMENT (THE NEW KING JAMES VERSION),NA,NA
NEW THRESHOLDS OF FAITH,NA,NA
NEW UNGER'S BIBLE DICTIONARY,NA,NA
NEW WOMAN,NA,NA
NEW WORLD (#942),NA,NA
"NEW WORLD ORDER BOOK, THE",Redfern,2022-08-22
NEW WORLD OUTLOOK,NA,NA
NEW WORLD TRANSLATION OF THE HOLY SCRIPTURES,NA,NA
NEW WORLDS OF MIND & SPIRIT,NA,NA
NEW YORK,NA,NA
NEW YORK BURLESQUE (Photos by Roy Kemp),NA,2021-06-21
NEW YORKER,NA,NA
"NEWS & LETTERS (11,12-2016 / 1,2,3,4,5,6,7,8,11,12-2017 / 1,2,3,4,7,8,11,12-2018 /  1,2,3,4,7,8,9,10,11,12-2019 / 11,12-2020 / 01,02,03,04,05,06,07,08,09,10,11,12-2021 / 11,12-2022 /  01,02-2023 / V61 #6 / V62 #2,#3,#4,#5,#6 / V 63 #1,2,#3,#4,#5,#6 / V64 #1,#2,#4,#5,#6 / V65 #6 / V66 #1,#2,#3,#4,#5,#6 / V.67 #6 / V68 #1)",NA,NA
NEWS FROM ON HIGH,NA,NA
"NEWS INSIDE (2-2019 / 8-2020 /  4,8,12-2021 / 09,12-2022 / 08, 12-2023 / #1, #5, #7, #8, #9, #10, #11, #12,#14, #15 / August 2024 #17 / #19)",NA,NA
NEWS INSIDE - Sing Sing Film Fest (December 2024 / #18),NA,2025-03-01
NEWSTIME,NA,NA
NEWSWEEK,NA,NA
NEWSWOMAN,NA,NA
"NEXT STEP, THE",NA,NA
NEXT TO THE LAST VEIN - Journey of a Junkie,Stribling,2021-05-21
NICK CARDY:  The Artist at War,Cardy & Witterstaetter,2022-05-22
NIFTY CLEAN & ORGANIZED - Money Saving Hacks and Easy DIYs for a Clean and Clutter Free Home (Adams Media),NA,2022-08-22
"NIGGER QUESTION AND THE NEGRO QUESTION, THE (Carlyle/Mill)",NA,2020-02-20
NIGHT PREY,John Sandford,2024-02-01
"NIGHT STALKER, THE - The Life and Crimes of Richard Ramirez (Carlo)",NA,2020-07-01
"NIGHTLIFE ENTREPRENUER, THE - Becoming More Than a Club Promoter",Zambrano,2022-11-01
"NIGHTMARE MAN, THE",JH Market,2025-05-01
"NINE DOORS OF MIDGARD, THE (Thorsson)",NA,2020-02-20
NINE WORLDS OF SEID-MAGIC - Ecstasy and Neo-Shamanism in North European Paganism,Blain,2021-10-21
NINETY MINUTES SOCCER - 90:00 SOCCER (V3 #3),NA,NA
NINJA - The Unofficial Secret Manual,Stephen Turnbull,2025-07-01
NINJA SECRETS OF INVISIBILITY,Ashida Kim,2024-02-01
NIPSEY HUSTLE - The Secret Biography,Vance,2020-07-01
NIRVANA UNPLUGGED IN NEW YORK,NA,2021-05-21
NO COUNTRY FOR OLD MEN,McCarthy,2025-08-01
"NO GAME NO LIFE, PLEASE! V1",Kamiya,2025-03-01
"NO GAME NO LIFE, PLEASE! V3",Kamiya,2025-03-01
"NO GAME NO LIFE, PLEASE! V4",Kamiya,2025-03-01
NO HONOR AMONGST THIEVES,Brick & Storm,2022-04-01
"NO HUMAN CONTACT - Solitary Confinement, Maximum Security, and Two Inmates Who Changed the System",Earley,2025-11-01
NO LOVE JUST SEX,Dricey,2021-06-01
NO ONE HERE GETS OUT ALIVE - The Biography of Jim Morrison,Hopkins / Sugerman,2022-05-22
NO SHADE - A Hoodrat Novel,K'wan,2021-04-01
NOCTURNICON - Calling Dark Forces and Powers,Konstantinos,2021-07-21
"NOISE, THE",James Patterson & JD Barker,2024-05-01
NORA LAM MINISTRIES,NA,NA
NORSE GODDESS MAGIC,Karlsdottir,2021-12-21
NORSE MYTHOLOGY,Gaiman,2022-09-22
NORSE MYTHS,Dougherty,2021-10-21
NORTH AMERICAN FISHERMAN,NA,NA
NORTH AMERICAN WHITETAIL (Spring 2021),NA,2021-05-21
NOVELL PRODUCTS & PROGRAMS GUIDE,NA,NA
NOW WHAT (BIBLE TRACTS),NA,NA
NT Server - Prepare to Pass the MS Certif Exam #70-067,NA,NA
NT Server - Prepare to Pass the MS Certif Exam #70-068,NA,NA
NT Workstation - Prepare to Pass the MS Certif Exam #70-073,NA,NA
NUESTRA ARMA ES NUESTRA PALABRA,NA,2021-02-21
NUMBER ONE WAY TO FIGHT THE DEVIL,NA,NA
"NUREMBERG TRIALS, THE",Burrows,2021-09-21
NUTRITION EXPRESS,NA,NA
"NUTS AND VOLTS (6, 11, 12-2017 / 1, 11, 12-2018 / 1,2-2019 / V40 #3 2019 / #4 - 2019 / #6 - 2019 / #2, #4 - 2020 / #1 - 2022)",NA,NA
"OBELISK GATE, THE - Broken Earth Trilogy 2",Jemisin,2022-08-22
OBJECTIVE TROY (Shane),NA,2020-03-20
OBJECTS OF DESIRE (Orrell),NA,2021-08-21
OBLATES,NA,NA
"OBSCENE, INDECENT, IMMORAL AND OFFENSIVE - 100+ Years of Censored, Banned and Controversial Films",NA,2021-09-21
OBSESSIONZ (#1),NA,2021-11-21
"OCCULTI CHING, THE:  The Secret Language of Serpents",D'Aoust,2021-12-21
OCEAN PREY,John Sandford,2024-08-01
OCEANS,NA,NA
"ODIN - Ecstasy, Runes & Norse Magic",Paxson,2023-10-23
ODIN'S CHOSEN - A Handbook of Asatru,Ifrann & Josephson,2023-06-01
"OFF THE GRID SURVIVAL BOOK - Ultimate Guide to Self-Sufficient Living, Wilderness Skills, Survival Skills, Shelter, Water, Heat & Off the Grid Power",Richard Mann,2025-02-01
"OFFICIAL JOHN WAYNE HANDY BOOK OF BUSHCRAFT, THE - Essential Tips and Techniques for Survivors in the Wild",NA,2024-09-01
OLD COUNTRY,Matt and Harrison Query,2024-05-01
OLD PATHS,NA,NA
OLD WORLD WITCHCRAFT,Grimassi,2021-11-21
OMAHA TRIBE OF NEBRASKA SIGNALS,NA,NA
ON THE FRONTLINE YOUTH NEWSLETTER,NA,NA
ON THE GENEALOGY OF MORALS (Nietzsche),NA,2021-08-21
ON THE RIVER,NA,NA
ONCE UPON A TIME IN HOLLYWOOD,Tarantino,2022-08-22
ONE FLEW OVER THE CUCKOO'S NEST,Kasey,2025-08-01
ONE FOR THE MONEY,Evanovich,2022-09-22
ONE HOUR IN ROMANS,NA,NA
ONE LUCKY DAY - Two Novels in one Head Over Heels and Lucky in Love,Shalvis,2023-12-01
"ONE PERCENTER CODE, THE - How to be an Outlaw in a World Gone Soft",NA,2020-03-20
ONE STEP AHEAD,Sally,2022-03-22
"ONE WHO TOUCHES US, THE",NA,NA
"ONE YEAR MANUAL, THE",NA,NA
"OPEN CAMPUS NEWSLETTER (01,03-2022)",NA,2022-03-22
OPEN DOORS NEWSBRIEF,NA,NA
OPEN WINDOWS,NA,NA
OPERATION SHALOM,NA,NA
"OPERATION WHITE RABBIT - LSD, the DEA, and the Fate of the Acid King",McDougal,2021-02-21
ORAL SEX FOR EVERY BODY,Robbins,2021-09-21
ORANGE COAST,NA,NA
ORBRIEFINS (#250 / Summer 2271),NA,2021-09-21
ORGANIC MUSHROOM FARMING AND MYCOREMEDIATION,Cotter,2023-02-01
ORGANIC STYLE,NA,NA
ORGANIZED CHRISTIAN WORKER,NA,NA
ORIGINATION OF SOMETHING,NA,NA
"ORIGINATORS (#1, #2, #3, #4, #5, #6, #7, #8, #9 / Winter 2013 / Fall 2014)",NA,NA
"ORPHAN'S TALE, THE",Jenoff,2023-11-01
OTAKU USA,NA,2020-09-01
"OTHER PLACE, THE",Burton,2024-05-01
OUR CLASS - Trauma and Transformation in an American Prison,Chris Hedges,2025-02-01
OUR DAILY BREAD,NA,NA
OUR LIFE TOGETHER,NA,NA
OUR MAN FRIDAY,Claire Thompson,2023-06-01
OUR REDEEMER LUTHERAN PARISH NEWS,NA,NA
OUR SUNDAY VISITOR,NA,NA
OUT,NA,NA
"OUTDATED ADVERTISING, SEXIST, RACIST, CREEPY & JUST PLAIN TASTELESS ADS FROM A PRE-PC ERA",Lewis / Spignesi,2023-03-01
OUTDOOR LIFE,NA,NA
OUTDOOR PHOTOGRAPHY,NA,2020-04-20
OUTGROWING ADDICTION - With Common Sense Instead of Disease Therapy,Peele & Rhoads,2024-02-01
OUTLAW BIKER,NA,NA
"OUTLAW BIKER (#216, #217, 221, 222, 223, 224, 225, #233)",NA,NA
OUTLAW BIKER (#219 / 2020),NA,2024-05-01
OUTLAW BIKER (#231 / March-April 2022),NA,2024-05-01
OUTLAW BIKER (#236 / Feb-March 2023),NA,2024-05-01
OUTLOOK,NA,2021-03-21
OUTSIDE,NA,NA
"OUTSKIRTS OF HELL, THE",NA,NA
OVERCOMING LONELINESS,NA,NA
OVERCOMING REJECTION,NA,NA
OVERDRIVE,NA,NA
OVERKILL,Riddle,2021-09-21
"OVERLAND - Project Guide to Offroad, Bug Out & Overlanding Vehicles (Compiled by Editors of Offgrid Mag)",NA,2024-09-01
"OVERLOOK MARTIAL ARTS HANDBOOK, THE",David Mitchell,2025-07-01
"OVERSTORY, THE",Powers,2020-11-20
OXFORD BIBLE ATLAS,NA,NA
"PACKARD WOODWORKS, INC.",NA,NA
PACKER PLUS (All issues),NA,NA
PAGAN MAGIC OF NORTHERN TRADITION,Pennick,2018-10-18
"PAGANS - The Visual Culture of Pagan Myths, Legends & Rituals",Ethan White,2025-02-01
PAGEANT,NA,NA
PAID IN FULL,NA,NA
PAIN MANAGEMENT - Principles and Practice,NA,2020-03-20
PAINLESS CHEMISTRY 3rd Edition,Chen,2022-05-22
PAINTBALL 2XTREMS,NA,NA
"PALE-FACED LIE, THE - A True Story",David Crow,2024-04-01
PALLADIUM BOOKS PRESENTS - RIFTS WORLDBOOK 14 - New West,NA,2022-08-22
PALLADIUM BOOKS PRESENTS - RIFTS WORLDBOOK 17 - Warlords of Russia,NA,2022-08-22
PALLADIUM BOOKS PRESENTS:  Rifts Beastiary (V1),NA,2022-04-22
PALLADIUM BOOKS PRESENTS:  Rifts Book of Magic,NA,2021-12-01
PALLADIUM BOOKS PRESENTS:  Rifts Japan - World Book 8,NA,2018-11-18
PANDEMONIUM - A Visual History of Demonology,Simm,2025-06-01
PANTHER PRIMITIVES,NA,NA
PAPER,NA,2020-04-20
PAPER AND BLOOD - Book 2 of the Ink & Sigil Series,Hearne,2023-09-23
PARADE OF MIRACLES,NA,NA
PARADISE IN BRAZIL (Nabuco),NA,2021-08-21
PARADISE VALLEY,CJ Box,2024-04-01
PARANORMAL PARASITES - The Voracious Appetites of Soul-Sucking Suprenatural Entities,Redfern,2022-10-02
PARENTS,NA,NA
PASSIVE INCOME,Covey,2020-11-20
PASSPORT TO HEAVEN CHAPLAIN RAY,NA,NA
PASTE,NA,NA
PASTEL JOURNAL (Winter 2023 / #140),NA,2023-01-01
"PATH OF FREEMASONRY, THE - The Craft as a Spiritual Practice",Stavish,2023-09-23
PATH OF PERFECTION,NA,NA
PATHFINDER ROLEPLAYING GAME - Bestiary,NA,2018-11-18
PATHFINDER ROLEPLAYING GAME - Bestiary 2,NA,2018-11-18
PATHFINDER ROLEPLAYING GAME - Bestiary 3,NA,2018-11-18
PATHFINDER ROLEPLAYING GAME - Bestiary 4,NA,2018-11-18
PATHFINDER ROLEPLAYING GAME - Core Rulebook,NA,2018-11-18
PATHFINDER ROLEPLAYING GAME - Game Mastery Guide,NA,2018-11-18
PATHFINDER ROLEPLAYING GAME - Occult Adventures,NA,2020-11-20
PATHFINDER ROLEPLAYING GAME - Rise of the Runelords (Anniversary Edition),NA,2020-11-20
PATHFINDER ROLEPLAYING GAME - Ultimate Combat,NA,2018-10-18
PATHFINDER ROLEPLAYING GAME - Ultimate Equipment,NA,2018-11-18
PATHFINDER ROLEPLAYING GAME - Ultimate Intrigue,NA,2018-10-18
PATHFINDER ROLEPLYAING GAME - Ultimate Campaign,NA,2018-10-18
PATHFINDER ROLEPLYAING GAME - Ultimate Magic,NA,2018-10-18
PATRIOT GAMES,NA,NA
PATTERN-THINKING,Fuller,2021-02-21
PAYBACK AIN'T ENOUGH (Clark),NA,2020-02-20
PAYBACK IS A MUTHA,Clark,2019-03-19
PC & MAC CONNECTION,NA,NA
PC GAMER  - PERMANENTLY APPROVED,NA,NA
PC MAGAZINE,NA,NA
PC WORLD,NA,NA
PEACEFUL ON PURPOSE,Osteen,2022-06-22
"PEAK OF PERFECTION - Nude Portraits of Dancers, Athletes, Gymnasts",NA,2021-06-21
PEARLS,McGill,2020-11-01
PEN PAL NEWSLETTER,NA,NA
PEN PAL SUCCESS - Revised Edition 2018,Krueger,2021-03-21
PENIS GENIUS,NA,2021-09-21
PENNSYLVANIA PRISON SOCIETY (V. 49 #5),NA,2021-12-21
PENT-UP,Suede,2020-03-20
PENTECOSTAL EVANGEL,NA,NA
"PENTHOUSE (11,12-2019)",NA,2019-11-19
"PENTHOUSE (6-93)  (5-95) (1,5-96) (5,6,7-97) (3,4,5,6-98) (7,8,10,11,12-98 / 1,2,3,4,5,6,7,8,9,12-99 / 1,2,3,4,5.6,7,8,9,10-00,04-01,10-01/02,04,05,10-02 / 5,7,8-03 / 3,5,6,7,8,9,10,11,12-04  /  1,2,3,4,5,6,7,8,10,12-05 / 1,5-06 / 8,10-07 / 2,3,4,5,6,7,8,9,10,11,12-08 / 1,2,3,4,5,6,10,11,12-09 / Summer 09 / 01,2,3,4,5,6,7,8,9,10-10 / 01,2,3,4,5,6,7,8,11,12-11 / 1,2,3,4,5,6,7,8,9,10,11,12-12 / 01,2,6,11-2013 / 3,4,7,8,9,12-2014 / 01,2,11-2015 / 2,3,7,8,9,10-2016 / 1,2,3, 4,5,6,7,8,9,10,11,12-2017 / 1,2,3,4,5,6-2018 / 5,6,7,8,9,10-2019 / 1,2,3,4-2020 / 01,02,03,04-2021 / 01,02,03,04,05,06, 07, 08, 11, 12-2022)",NA,NA
PENTHOUSE - 45th Anniversary Special Edition Collector's Book,NA,NA
PENTHOUSE - 45th Anniversary Special Paperback Edition - The Hottest Girls Since 1969,NA,2023-06-01
PENTHOUSE - Naughty by Natuire - Female Readers' Sexy Letters to Penthouse,NA,2022-03-01
PENTHOUSE - Tight Ends:  Redefining Latex Love (supplement),NA,2022-03-01
"PENTHOUSE FORUM (6,8-2015)",NA,2019-11-19
"PENTHOUSE LETTERS (2,6,7,8,9,10,11,12-2017 / 1,2,3,4-2018 / 4,5,12-2020 / Summer 2020 / 01,02,03,06,07,08,09,10,11-2021 / 12-2021 / 01,04,05,06,07,08,09,10,11-2022 / 02,03-2023)",NA,NA
PENTHOUSE UNCENSORED - Double the Erotica in One Volume!,NA,2024-05-01
PENTHOUSE UNCENSORED II - Twice the Spice in One Volume!,NA,2024-05-01
PENTHOUSE UNCENSORED III - Letters to America's Hottest Magazine,NA,2024-05-01
PENTHOUSE UNCENSORED V - Two Sexy Books in One Volume (Previously Letters to Penthouse IX & X),NA,2020-11-20
PENTHOUSE UNCENSORED VII - Erotica Unbound,NA,2023-09-23
PENTHOUSE VARIATIONS ON THREE WAYS,NA,2020-02-20
PEOPLE,NA,NA
PEOPLE TO PEOPLE,NA,NA
"PEOPLE'S REPUBLIC OF DESIRE, THE",Wang,2019-01-01
PERCY JACKSON - The Lightening Thief,Riordan,2022-09-22
PERCY JACKSON - The Sea of Monsters,Riordan,2022-09-22
"PERFECT BET, THE - How Science and Math are Taking Luck out of Gambling",Kucharski,2023-12-01
PERFECT CHEMISTRY,Elkeles,2020-05-20
PERFECT CIRCLE (Horn),NA,2020-03-20
"PERFECT DAY TO BOSS UP, THE",Ross,2022-12-01
PERFECT POISON (book),NA,NA
"PERFECT SHOT, THE",Alphin,2018-10-18
PERFORMANCE VW,NA,2020-07-01
PERMANENT MAGNET DESIGN AND APPLICATION - 2nd Edition (Moskowitz),NA,2025-07-01
PERSUASION,Lee Hartley Carter,2022-03-22
PETERSEN'S HUNTING,NA,NA
PETERSON'S 4-WHEEL OFF ROAD,NA,NA
"PHAT PUFFS (Spring 2013 / #1, Winter 2013 / #2, Winter 2014  / #3 / Summer 2014 - #4, #5, #6, #7, #8 /  Summer 2015 - #6 / Fall 2015 / Spring 2016 - #8 / July, August 2016 - #9 / Spr 2017 - #10 / Fall 2017 - #11  #12 /  Winter 2018 - #12, #13 / Winter 2019 - #15 / Spr 2019 - #13 /  Summer 2019 - #16 / Winter 2020 - #17 / Summer 2020 - #18 / Winter 2021 - #19 / #20 / #21)",NA,NA
PHAT PUFFS (Winter '19 / #14),NA,2019-10-19
PHAT PUFFS (Winter 2019 - #13),NA,2019-01-01
PHAT PUFFS - Back Shots,NA,2021-09-21
PHAT PUFFS - Back Shots (Pictorial Edition),NA,2022-04-22
PHAT PUFFS - Sub 0 (Fall 2016 / #9),NA,2023-09-23
PHAT PUFFS - Sub 0 (V21),NA,2023-09-23
PHAT PUFFS - Sub 0 (no issue numbers),NA,2021-12-21
PHIL STEELE'S COLLEGE FOOTBALL (2015 / 2016 / 2018),NA,NA
"PHILADELPHIA TRUMPET, THE",NA,NA
PHOTO ARK WONDERS - Celebrating Diversity in the Animal Kingdom,Sartore,2023-11-01
"PHOTO BIOGRAPHY OF BERNICE BURGOS, THE",NA,2021-09-21
PHOTO WORLD,NA,NA
PHOTOPLAY,NA,NA
PHYSICAL,NA,NA
PHYSICS - A Very Short Introduction,Perkowitz,2021-02-21
PICS OR IT DIDN'T HAPPEN - Images Banned from Instagram,NA,2021-06-21
PIGS IN THE PARLOR,NA,NA
"PILL BOOK, THE - 15th Edition",NA,2020-05-01
PILLOW TALK - Non-Nude Photo Book (Freebird Publishers),NA,2025-04-01
PIMP - The Story of my Life,Iceberg Slim,2021-09-21
PIMPOLOGY - The 48 Laws of the Game,Pimpin' Ken,2018-12-18
PIN-UP GIRLS OF THE 1950'S,Yeager,2022-12-01
PIN-UP GIRLS OF THE 1960'S,Yeager,2022-12-01
PINK FLOYD - Guitar Chord Songbook,NA,2021-05-21
PINKY LEGEND (#1),NA,2024-02-01
PINKY'S PLAYHOUSE (#1),NA,2020-06-20
"PIPEFITTERS BLUE BOOK, THE",Graves,2022-09-22
PIRANHAS- The Boy Bosses of Old Naples,Saviano,2023-06-01
PLACE OF IMMUNITY,NA,NA
"PLAIN TRUTH, THE",NA,NA
PLANET MUSCLE,NA,NA
"PLANS AND SPECS FOR BUILDING THE GREAT AMERICAN RANCH HOUSE - One, Two, and Three Bedroom Ranch Houses",Pinney,2024-07-01
PLAYBOY (01-1986),NA,2020-07-20
PLAYBOY (01-1987),NA,2020-07-20
PLAYBOY (01-2005),NA,2020-07-01
PLAYBOY (02-2005),NA,2020-07-01
PLAYBOY (03-2005),NA,2020-07-01
PLAYBOY (04-2005),NA,2020-07-20
PLAYBOY (05-1984),NA,2020-07-20
PLAYBOY (05-2005),NA,2020-07-01
PLAYBOY (06-2005),NA,2020-07-01
PLAYBOY (07-2005),NA,2020-07-01
PLAYBOY (08-2005),NA,2020-07-01
PLAYBOY (09-1985),NA,2020-07-20
PLAYBOY (09-2005),NA,2020-07-01
PLAYBOY (10-2005),NA,2020-07-01
PLAYBOY (11-1975 / 01-1978 / 7-1984 / 65th Anniversary Issue - Winter 2019 / Spring 2020),NA,NA
PLAYBOY (11-1984),NA,2020-07-20
PLAYBOY (11-2005),NA,2020-07-01
PLAYBOY (12-2005),NA,2020-07-20
PLAYBOY - Japanese Edition (10-1975),NA,2020-11-20
PLAYBOY - The Complete Centerfolds 1953-2016,NA,2021-04-01
PLAYBOY'S 100 HOT NUDES (Insert Type - no dates / #'s),NA,NA
"PLAYBOY'S BOOK OF LINGERIE - Girls of Ireland (3,4-2001)",NA,2021-06-21
"PLAYBOY'S COLLEGE GIRLS (11-2000 / 4,6-03 / 9,10,11,12-05 / 3,4-07 / 7,8-09 / 1,2,7,8-10 / 1,2,4,5,11,12-11 / 1,2,5,6,8,9,11,12-12)",NA,NA
PLAYBOY'S COLLEGE GIRLS (Spr 2001),NA,2023-09-23
PLAYBOY'S EROTIC SENSATIONS (Supplement),NA,2023-09-23
PLAYBOY'S HUGH HEFNER - Empire of Skin,Darwin Porter,2026-01-01
"PLAYBOY'S LINGERIE (4,5,8,9,10,11,12-08 / 1,2,3-09 / 2,3-11 / 3,4-2013 / 02,03,04,05-2021)",NA,NA
"PLAYBOY'S LINGERIE (5,6,7,8,9,10-03/ #91 / 4,5,6,710,11,12-05 / 1,2,3,4,5,6,7,8,9,10,11,12-06  /  1,2,3,4,5,8,9,10,11,12-07 / 01,2,3,6,7-08 / 2,3,4,5,6,7,8,9,10,11,12-09 / 01,2,3,4,5,6,7,8,9,10,11,12-10 / 01,4,5,6,7,8,9,10,11,12-11 / 01,2,3,4,5,6,7,8,9,10,11,12-12 / 1,3-13)",NA,NA
"PLAYBOY'S LINGERIE - The Farewell Issue (12,01-2013)",NA,2021-01-21
"PLAYBOY'S NATURAL BEAUTIES (5-2001 / 5-2002 / 2007 / 10,11-08 / 4,5,10,11-09 / 4,5-10 / 12,1,4,5,12-11 / 01,4,5-12)",NA,NA
PLAYBOY'S NUDE PLAYMATES (2011),NA,2020-12-01
"PLAYBOY'S NUDES (12-1999 / 12-2000 / 1,5,6-06 / 2007 / 2008 / 5,6-09 / 2009 / 5,6,11,12-2010 / 2012)",NA,NA
"PLAYBOY'S PLAYMATE REVIEW (9-85/9-87/8-88/7TH ANNUAL,#10 /  9,10-06 / 2006 / 2008 / 2011 / 2012)",NA,NA
PLAYBOY'S PLAYMATES EXPOSED (1998 Supplement),NA,2022-07-22
PLAYBOY'S SIZZLING SUMMER NUDES SUPPLEMENT (2003),NA,2022-07-22
PLAYBOY'S SPECIAL EDITION - PLAYMATE SEARCH 50,NA,NA
PLAYBOY'S TOPLESS COLLEGE BABES,NA,NA
"PLAYGIRL (01-1996 / 11,12-99 /  01-8,11-02 /  1,8-03 / 3,4,5,6,7,8,9,10-07 / Winter 2015 / Fall 2015 /  #71, 73, 74 / Winter 2016)",NA,NA
PLEASE HOLD ME - It Hurts So Bad,NA,2023-04-01
"PLEASE, SIR - Erotic Stories of Female Submission",Bussel,2020-09-20
PLEASURE,Dickey,2020-07-01
PLEDGES - Gay Erotic Stories,Allison,2021-09-21
PLUS SIZED ELF (#1) - Story and Art by Synecdoche,NA,2024-02-01
PLUS SIZED ELF (#7) - Story and Art by Synecdoche,NA,2024-10-01
PLUS SIZED ELF (#8) - Story and Art by Synecdoche,NA,2025-06-01
PLUS THE MAGAZINE OF POSITIVE THINKING,NA,NA
"PLUSH XL (#1,2,3,4,5,7,8)",NA,2021-11-21
PM MAGAZINE (#1),NA,2021-04-01
"POCKET GUIDE TO ESSENTIAL KNOTS, THE - A Step by Step Guide to the Most Important Knots for Everyone",Owen,2021-07-21
POCKET GUIDE TO WILD MUSHROOMS,Holmbert & Marklund,2020-11-20
POETS & WRITERS,NA,2021-01-21
POINT OF VIEW (P.O.V.),NA,NA
POINTING DOG JOURNAL,NA,NA
"POISONER, THE - The Life & Crime of England's Most Notorious Doctor",Bates,2022-10-22
POJO'S UNOFFICIAL TOTAL DRAGONBALL Z (w/out 3D glasses),NA,NA
PONCA TRIBE OF NEBRASKA,NA,NA
"POPE SPEAKS, THE",NA,NA
POPULAR ASTRONOMY,NA,NA
POPULAR CYCLING,NA,NA
POPULAR ELECTRONICS,NA,NA
POPULAR HOT RODDING,NA,NA
"POPULAR MECHANICS (10,11,12-2016 / 01,2,3,5,6,7,8,10,11-2017 / 3,4,6,7,8,10,11-2018 / Winter 2018-2019 / 3,4,5,6,8,9,10,11-2019 / 5,6,8,9,10,11,12-2020 / 01,02,03,04,05,0607,08,09,10,11,12-2021 / 01,02,05,06,07,08,09,10,11,12-2022 / 01,02,03,04-2023)",NA,NA
"POPULAR MECHANICS (Oct. 01 / V. 181 #9 / 9-2014 / V191 #8 / 3,11-2015 / 3,5,8,9-2016 / 4,9,12-2017 / 1,2,5,9-2018 / 12-2019 / 3,4-2020)",NA,NA
POPULAR PHOTOGRAPHY,NA,NA
POPULAR SCIENCE,NA,NA
"POPULAR SCIENCE (V284 #4 / 4-2014 / 5-2014 / 03-2015 / 1,2,9,10-2016 / Winter 2018-2019)",NA,NA
POPULAR WOODWORKING,NA,NA
PORT OF CALL,NA,NA
PORTALS OF PRAYER,NA,NA
PORTRAITS OF BABIES & CHILDREN - Drawing Using Grids,Giovanni,2023-03-01
POSITIVE THINKING,NA,NA
POWER & BEAUTY - A Love Story of Life on the Streets,Harris,2021-03-21
POWER FOR LIVING (QUARTERLY),NA,NA
"POWER OF YOUR SUBCONSCIOUS MIND, THE",Murphy,2023-12-01
POWER THROUGH PRAYER/PURPOSE OF PRAYER,NA,NA
POWERLIFTING USA,NA,NA
PRACTICAL GUIDE TO ASTRAL PROJECTION,Denning & Phillips,2021-10-21
"PRACTICAL MAGIC FOR BEGINNERS - Exercises, Rituals, and Spells for the New Mystic",Hasman,2021-10-21
PRAIRIE MAN - The Struggle Between Sitting Bull and Indian Agent James McLaughlin,Matteoni,2022-08-22
PRAYER ACTION NEWS,NA,NA
PRAYER CALENDAR 1994,NA,NA
PRAYER SECRETS,NA,NA
PRAYER-YOUR FOUNDATION FOR SUCCESS,NA,NA
PRAYING IN THE HOLY SPIRIT,NA,NA
PRAYING TO GET RESULTS,NA,NA
PREDATOR XTREME (Spring 2025),NA,2025-06-01
"PRELUDE TO TELENY, THE (Anonymous)",NA,2022-09-22
PREMIER GUITAR,NA,2020-09-01
PREMIERE,NA,NA
PREPPER'S LONG-TERM SURVIVAL GUIDE - 2nd Edition,Cobb,2023-09-23
PRESENT DAY MINISTRY OF JESUS CHRIST,NA,NA
PRETTY FAT GIRLZ (V2),NA,2023-06-01
PRETTY GIRLS LOVE BAD BOYS,Enemigo & Guru,2023-02-01
PREVENTION,NA,NA
PREVIEW SPORTS PRO FOOTBALL ‘99,NA,NA
PRICK (Tattoo Magazine),NA,NA
PRIESTESS OF THE MORRIGAN,Woodfield,2021-09-21
PRIMARY POINT,NA,NA
PRINCE OF DARKNES,White,2021-07-21
"PRINCE, THE",NA,NA
PRISON ACTIVIST RESOURCE CENTER,NA,NA
"PRISON COVID NEWSLETTER (V1 #10 / 12-2020 / V2 #2,#4,#5 - Jan 2021, March 2021, April 2021)",NA,2020-12-01
PRISON COVID NEWSLETTER (V1 #11),NA,2020-12-01
PRISON EVANGEL (TIMES SQUARE CHURCH),NA,NA
PRISON EXPRESS NEWS,NA,NA
PRISON FELLOWSHIP LETTERS,NA,NA
PRISON HEALTH NEWS (#46 / Spr-Sum 2021 / #48 / Winter 2022 / Winter 2023 / #52 / Spring 2023 / #53 / Summer 2023 / #54 / Fall 2023 / #55 / Fall 2024 / #58 / Winter 2024 / #57),NA,NA
PRISON JOURNALISM PROJECT (V2 #2 / Fall 2022),NA,2022-12-01
PRISON LEGAL NEWS,NA,NA
PRISON RAMEN - Recipes and Stories from Behind Bars (Collins/Alvarez),NA,2025-04-01
PRISON SCHOOL 14,Hiramoto,2023-11-01
PRISONALITY (Feb 2025),NA,2025-03-01
PRISONALITY (Winter 2024),NA,2025-02-01
PRISONALITY - Transition Tips / Visual Therapy (August 2025 / Fall Issue),NA,2025-09-01
PRISONER EXPRESS - Developing Your Mind & Body (Spring/Summer 2025),NA,2025-07-01
PRISONER EXPRESS - Inner Work / Outer Expression (Spr/Summer 2025),NA,2025-08-01
"PRISONER EXPRESS NEWSLETTER (Summer 2015 / Summer 2016 / Winter 2016 / Summer 2017 / Winter 2017 / Winter 2018 / Winter 2019 / Summer 2021 / Summer,Fall 2025)",NA,NA
PRISONER OF WAR,Wade,2018-11-18
"PRISONER'S GUIDE TO DOING TIME, THE",McKinney,2019-07-19
PRISONER'S SELF-HELP LITIGATION MANUAL,Boston / Manville,2021-04-01
PRISONERS IN THE BIBLE,NA,NA
PRISONERS' GUERRILLA HANDBOOK,Taylor,2022-09-22
PRIVATE PARTS,Stern,2023-09-23
PRO FOOTBALL WEEKLY,NA,NA
PRO GO - The Complete Guide to Programming Reliable and Efficient Software,Adam Freeman,2024-10-01
PRO SPORTS,NA,NA
PRO WRESTLING ILLUSTRATED,NA,NA
PROFESSIONAL PHOTOGRAPHER,NA,NA
PROFITABLE CRAFT MERCHANDISING,NA,NA
PROGRAMMING IN LUA - 4th Edition,Roberto Lerusalimschy,2024-08-01
PROGRESSIVE STUDENT NEWS,NA,NA
"PROGRESSIVE, THE",NA,NA
"PROJECTS TO GET YOU OFF THE GRID - Rain Barrels, Chicken Coops, Solar Panels, and More",NA,2023-09-23
"PROMISE MINISTRIES, INC. BIBLE COURSES",NA,NA
PROMISES AND POMEGRANATES - Monsters & Muses Book One,Sav Miller,2024-05-01
PROOFS OF IDENTITY (CHURCH OF JESUS CHRIST CHRISTIAN),NA,NA
PROPERTY OF THE STATE,Swinson,2022-03-22
PROPHETIC OBSERVER,NA,NA
"PROPHETIC WORLD MAGAZINE, THE",NA,NA
PROTECTING YOUR HEALTH & SAFETY:  Litigation Guide for Inmates,Toone,2022-09-22
"PROVERBS, THE",NA,NA
"PSILOCYBIN MUSHROOM BIBLE, THE",NA,2021-08-21
PSM - Play Station Magazine        THESE ARE W/OUT ANY DVD'S/GAMES OR INSERTS.,NA,NA
PSYCHIC (NON: REALITIES),NA,NA
"PSYCHIC ENERGY CODEX, THE - Awakening Your Subtle Senses",Belanger,2021-03-21
PSYCHOLOGY TODAY,NA,NA
PUSHING INK - The Fine Art of Tattooing,Webb,2022-01-22
PUSSYPEDIA - A Comprehensive Guide,Mendelson & Conejo,2021-12-21
"PYRAMIDS AND THE PENTAGON, THE (Redfern)",NA,2020-07-01
PYREX PREMIER ISSUE - Sexy Red,NA,2024-04-01
PYTHON FOR DUMMIES,Maruch / Maruch,2024-03-01
PYTHON IN EASY STEPS - Making Programming Fun - 2nd Edition (McGrath),NA,2024-03-01
"QOC - Queen of Curves (#1, #2, #3, #5)",NA,NA
QUEEN OF ALL HEARTS,NA,NA
QUEEN OF THE DAMNED,NA,NA
QUEEN OF WANDS,Robert,2022-10-22
QUEENS OF HEARTS - The Art of Marya Garcia (Schiffer),NA,2021-08-21
QUEST - Church of the Larger Fellowship Unitarian Universalist,NA,2021-02-21
QUESTIONS & ANSWERS,NA,NA
QUICK & BASIC TROUBLE-SHOOTING - A Contractor's Easy Guide to Fixing HVAC Wiring and Circuits,NA,2021-02-21
QUICK ANSWERS TO EXCUSES,NA,NA
QUIET HOUR ECHOES,NA,NA
"QUOTABLE MACHIAVELLI, THE (Edited by Viroli)",NA,2022-07-22
"RABBIT HUNTER, THE",NA,NA
RACIAL WAR AT BAAL-PEOR,NA,NA
RACING,NA,2021-03-21
RACING MILESTONES,NA,NA
RACING PICTORIAL,NA,NA
RACING TOWARD JUDGEMENT,NA,NA
RADIANT SIN,Katee Robert,2024-05-01
RADICAL MARKETS - Uprooting Capitalism and Democracy for a Just Society,Posner / Weyl,2022-04-22
RADIO & TELEVISION WEEKLY,NA,NA
RADIO BIBLE CLASS,NA,NA
RAGE,Woodward,2022-12-01
RAISING AND KEEPING DAIRY GOATS - A Practical Guide,Normet,2023-08-23
RAMAYANA,NA,NA
RAMPARTS,NA,NA
RANDOM BARS - Poetry by an Original B-Boy,Wilder,2020-07-01
"RAPTURE COMES NEXT, THE",NA,NA
"RAPTURE, ELEVATION, AND THE ENDS TIMES - Exploring the Left Behind Serioes",NA,NA
RARRI,Bandz,2021-03-21
RASTA & RESISTANCE,Campbell,2021-01-21
"RAVENMASTER, THE",Skaife,2020-07-01
RAW HERO 2,Akirahiramoto,2024-07-01
RAYS FROM THE ROSE CROSS,NA,NA
RAZOR,NA,NA
RC DRIVER,NA,NA
REACHING OUT,NA,NA
REACHING TOWARD THE HEIGHTS,NA,NA
"REACTIONS - An Illustrated Exploration of Elements, Molecules, and Change in the Universe",Gray,2022-08-22
READ THIS IF YOU WNT TO BE GREAT AT DRAWING PEOPLE,Leamy,2022-12-01
READER'S DIGEST,NA,NA
"REAL BETTIE PAGE, THE",Foster,2021-12-21
REAL CRIME (#119),NA,2024-12-01
"REAL DOPEBOYZ OF ATLANTA, THE",Shan,2020-01-20
"REAL HIP HOP GANGSTERS - Music, Money, and Murder",Hood,2026-01-01
REAL LOVE FROM A BOSS - The Tale of Kon & Sapphire,Nechol,2020-05-20
REAL WEST,NA,NA
"REASON WHY, THE",NA,NA
REBECCA,Maurier,2022-10-22
"REBEL INK (01,9-10 / 1,2,3,5,6,11-11 / 1,2,3,4,5,6,7,8,9,10-12 / #22, 24 - 2013 / 2,3,4,5,8,9,10,11-2014 / Summer 2015 / #1552, 1554 / Winter 2015)",NA,NA
REBEL INK (04-2011),NA,2022-03-22
RECAPTURE THE RAPTURE,Wheal,2022-01-22
"RED BOOK, THE",James Patterson & JD Barker,2024-05-01
"RED BULLETIN, THE",NA,2020-11-01
RED DRAGON,Harris,2023-09-23
RED RISING - Book 1 of Red Rising Trilogy,Pierce Brown,2024-12-01
RED STAR OVER CHINA - The Classic Account of the Birth of Communisim,Snow,2023-12-01
REDBOOK MAGAZINE,NA,NA
REDEEMER ALLIANCE REFORMED CHURCH BULLETIN,NA,NA
REDHEADS,Raffaele Marinetti,2024-02-01
REFORMED HERALD,NA,NA
RELIGION OF THE STARS,NA,NA
REMIND,NA,NA
REMINISCE,NA,2020-11-01
RENE MAGRITTE - The Revealing Image,Canonne,2022-09-22
RENEWING THE MIND THROUGH THE WORD,NA,NA
RENOVATIONS - 5th Edition,NA,2022-03-22
RENUNCIATION THROUGH WISDOM,NA,NA
REPORT FROM IRON MOUNTAIN ON THE POSSIBILITY AND DESIRABILITY OF PEACE,NA,2020-09-01
REPRESENT YOURSELF IN COURT - Prepare & Try a Winning Civil Case,Bergman & Berman,2024-02-01
REPRORAM YOUR SUBCONCIOUS - How to Use Hypnosis to Get What You Want,Twersky,2022-05-22
REPTILES,NA,NA
REPUBLIC PLATO,NA,2022-04-22
RESPECT FOR LIFE BOOKSTORE LITERATURE,NA,NA
RESTORATION OF ORIGINAL SACRED NAME,NA,NA
RETRO GAMER,NA,2020-11-01
"RETURN OF GANGSTER'S GIRL, THE (",NA,NA
RETURN OF THE CARTIER 2 - The Sequel,Santiago,2019-01-01
REVELATION OF THE SEVEN SEALS,NA,NA
REVELATIONS:  The Photography of Justice Howard (Schiffer),NA,2021-08-21
"REVENGER, THE - The Life and Times of Wild Bill Hickok",Aaron Woodard,2022-08-22
REVOLT OF THE REBEL ANGELS - The Future of the Multiverse,Wylle,2024-03-01
REVOLUTION (#699  / #700),NA,2021-06-21
REVOLUTION (#701 / #702),NA,2021-06-21
REVOLUTION (#703 / #704),NA,2021-07-21
REVOLUTION (#705 / #706 / 7-2-2021),NA,2021-08-21
REVOLUTION (#707 / #708),NA,2021-09-21
REVOLUTION (#711 / #712),NA,2021-09-21
REVOLUTION (#713 / #714),NA,2021-09-21
REVOLUTION (#715 / #716),NA,2021-10-21
REVOLUTION (#717 / #718),NA,2021-10-21
REVOLUTION (#719 / #720),NA,2021-12-21
REVOLUTION (#721 / #722),NA,2021-12-01
REVOLUTION (#723 / #724),NA,2021-12-01
REVOLUTION (#725 / #726),NA,2021-12-21
REVOLUTION (#727 / 728),NA,2022-01-22
REVOLUTION (11-16-20 to 11-22-2020 / 12-28-20 to 01-03-21 / 04-22-2021 / #695-#696),NA,NA
REVOLUTION (730),NA,2022-01-22
REVOLUTION (731),NA,2022-01-22
REVOLUTION (732 / 733),NA,2022-01-22
REVOLUTION (738/739),NA,2022-03-22
"REVOLUTION - The Voice of the Revolutionary Communist Party, USA",NA,NA
REVOLUTION BY THE BOOK,Imam Jamil Al-Amin,2021-09-21
REVOLVER,NA,NA
RHEMA (CORRESPONDENCE COURSE),NA,NA
RHYMES (V2),NA,2021-12-21
RICK & MORTY vs. DUNGEONS & DRAGONS - Deluxe Edition,"Rothfuss, Zub, Little…",2023-03-01
RIDER,NA,2020-11-01
"RIDERS - The Motorcycle Adventurers, Cruisers, Outlaws, and Racers the World Over (Von Wartenberg)",NA,2024-03-01
RIDES,NA,NA
"RIDIN' HIGH, LIVIN' FREE",Keith & Kent Zimmerman,NA
RIDIN' WITH RICK - The 21 Keys to Success,Ross & Crutcher,2021-02-21
"RIFLESHOOTER (9,10,11,12-2022 / 01,02,03,04,05,06, 09, 10, 11,12-2023)",NA,NA
RIFTS WORLD BOOK 10 - Juicer Uprising,NA,NA
RIGHTEOUS PREY,Sandford,2024-08-01
RING,NA,NA
"RING, THE (8,10-09 /7,9,10,11,12-2014 / 01,03-2015)",NA,NA
"RING, THE (V. II - 2004 / 3,4,6-2013 / 7-2017 / 8-2020)",NA,NA
RIPPLE - A Long Strange Search for a Killer,Cosgrove,2024-01-01
"RISE AND FALL OF THE NEPHILIM, THE",Roberts,2023-06-01
"RISE AND FALL OF THE THIRD REICH, THE - A History of Nazi Germany - 50th Anniversary Edition (Shirer)",NA,2025-06-01
RISING FROM THE RAILS,Tye,2020-09-01
ROAD & TRACK,NA,NA
ROAD & TRUCK,NA,NA
ROAD ATLAS 2022,NA,2022-01-22
"ROADMAP TO HELL - Sex, Drugs and Guns on the Mafia Coast (Nadeau)",NA,2021-08-21
ROBB REPORT,NA,NA
"ROBB REPORT COLLECTION, THE",NA,NA
ROBERT LUDLUM'S - The Patriot Attack,Mills,2024-02-01
ROCK & SOUL SONGS,NA,NA
ROCK OF AGES PRISON MINISTRY,NA,NA
ROCKY MOUNTAIN ATV-MC,NA,NA
ROCKY MOUNTAIN HIGH - A Tale of Boom and Bust in the New Wild West,Finn Murphy,2025-07-01
ROD & KULTURE (Spr 2013 / #33 / Summer 2014),NA,NA
ROD POWER,NA,NA
RODDER & SUPERSTOCK,NA,NA
ROLLING STONE,NA,NA
"ROLLING STONE (1098,1101,1164,1321 / 2,4-2010 / 9-2011 / 8-2012 / 11-2018)",NA,NA
ROMAN TRANSLITERATION OF THE HOLY QUR AN,NA,NA
"ROMANCE OF LUST, THE (Anonymous)",NA,2021-10-21
"ROMANS, THE GOSPEL OF GRACE",NA,NA
"ROOM WHERE IT HAPPENED, THE - A White House Memoir",Bolton,2020-09-20
"ROOT OF ALL EVIL, THE (O'Neal)",NA,2020-02-20
"ROSE ASSEMBLY, INC.",NA,NA
"ROSE PARADE OF RESURRECTION, THE",NA,NA
ROSE THEN AND NOW BIBLE MAP ATLAS - With Biblical Background Culture,Paul Wright PhD,2024-10-01
ROSICRUCIAN COSMO-CONCEPTION,NA,NA
ROSICRUCIAN FELLOWSHIP,NA,NA
ROULETTE ROCKSTAR (Anonymous),NA,2020-07-01
RULES OF ATTRACTION,Elkeles,2020-05-20
RULES OF PREY,John Sandford,2024-02-01
RUM - The Manual,Broom,2020-06-19
RUNE MIGHT,Thorsson,2019-08-19
"RUNIC BIBLE, THE",Stauffer,2020-06-20
RUNNING WITH THE DEVIL,Droban,2020-03-20
RUSSIA RESURRECTED - Its Power and Purpose in a New Global Order,Stoner,2021-05-21
RUSSIAN PRISON TATTOOS,Lambert,2022-01-01
RV MAGAZINE - Royal Vision,NA,2021-02-21
SACRED CIRCLE,Thompson,2021-09-21
"SACRED MAGIC OF ABRAMELIN THE MAGE, THE",Mathers,2020-07-01
SACRED NAME BROADCASTER,NA,NA
"SACRED NATION (1,2,3,4,5,6,7,8,9-09 / #17 ,30,32,33,34,38,39/ 2,3,6,7,8,9,12-2010 / 1,2,3,4,5,6,7,8,9-11 / Jan to Mar 2012 / Apr to June 2012)",NA,NA
SACRED SEXUALITY ANCIENT EGYPTIAN TANTRIC YOGA,Dr. Ashby,2021-09-21
SACRIFICE (Vachss),NA,2020-03-20
SACRIFICE MAGIC BEHIND THE MIC,Weishaupt,2020-03-20
SADDLE & BRIDLE,NA,NA
SAFETY CERTAINTY & ENJOYMENT,NA,NA
SAGA - V7,Vaughn and Staples,2024-05-01
SAGA - V8,Vaughn and Staples,2025-03-01
SAGA - V9,Vaughn and Staples,2025-03-01
SAINT LAURENCE SEMINARY,NA,NA
SAINTS - No Unhallowed Hand (V2 / 1846-1893),NA,2020-07-01
SAINTS AT WAR,NA,NA
SALEM INFORMANT,NA,NA
SALESIAN,NA,NA
SALT WATER SPORTSMAN,NA,NA
SALVATION,NA,NA
SALVATION ARMY (LESSONS),NA,NA
SALVATION ARMY CORRECTIONAL SERVICES,NA,NA
SAMASH.COM,NA,NA
SAN DIEGO,NA,NA
SAN DIEGO'S DAILY IMPULSE POINT-BLANK (VOL. 5#10),NA,NA
SANCTUM (Roux),NA,2021-08-21
SARAZAHMAI - The Official Manga Anthology,NA,2024-09-01
SAS AND ELITE FORCES GUIDE - MANHUNT - The Art of Training High Profile Enemy Targets,NA,2026-01-01
SAS AND ELITE FORCES GUIDE - MENTAL ENDURANCE - How to Develop Mental Toughness From the World's Elite Forces,McNab,2025-06-01
SAS AND ELITE FORCES GUIDE SPECIAL FORCES IN ACTION - Elite Forces Operations 1991-2011,NA,2026-01-01
SAS AND SPECIAL FORCES MENTAL TOUGHNESS TRAINING - How to Improve Your Minds Strength and Manage Stress,Chris McNab,2024-12-01
SATAN AND HOW HE WORKS,NA,NA
SATAN'S MASTER,NA,NA
"SATANIC BIBLE, THE",LaVey,2022-10-22
"SATANIC RITUALS, THE",NA,NA
"SATANIC WITCH, THE",LaVey,2024-09-01
SATISFACTION GUARANTEED - 350 Best Sex Tips Ever (Sussman),NA,2024-03-01
SATURDAY EVENING POST,NA,NA
SATURDAY REVIEW,NA,NA
SAVAGE LATINA,NA,2023-06-01
"SAVAGE LIFE 2, THE - 100 Black Caskets",Blunt,2020-11-01
"SAVAGE LIFE 3, THE - Against All Odds",Blunt,2021-01-21
"SAVAGE LIFE, THE - Stay Dangerous",Blunt,2020-06-20
SAVOY,NA,NA
SAY WHY TO DRUGS - Everything You Need to Know about the Drugs we take and why we get high,Gage,2024-01-01
SCALES OF THE BLACK SERPTENT,Ford,2022-01-22
SCAM ME IF YOU CAN - Simple Strategies to Outsmart Today's Rip-Off Artists,Abagnale,2020-09-01
SCAR TISSUE,Kiedis,2023-06-01
SCARLET FLAME,NA,NA
SCATTERING HIS VIRGIN BLOOM 1,Sakyo,2023-02-01
"SCHOOL OF CHRIST, THE",NA,NA
SCIENCE DIGEST,NA,NA
SCIENCE FICTION REVIEW,NA,NA
SCIENCE NEWS,NA,NA
SCIENCE OF MIND,NA,NA
"SCIENCE OF PHYSIC HEALING, THE",Ramacharaka,2021-02-21
SCIENCE OF SELF REALIZATION,NA,NA
SCIENTIFIC AMERICAN (PHONE),NA,NA
SCOPE,NA,NA
"SCOUTS GUIDE TO WILDERNESS SURVIVAL AND FIRST AID, THE - 400 Essential Skills",NA,2023-09-23
SCREAMS FROM THE DARK - 29 Tales of Monsters and the Monstrous,"Kiernam, Lansdale, Oates & More",2024-08-01
SCRIPT FONTS - 300+ Script Typefaces,Hong,2023-09-23
SCRIPTURE-TEXT DATEBOOK,NA,NA
SCROLL SAW WOODWORKING,NA,2021-09-21
SCRYE,NA,NA
SCUBA DIVING,NA,NA
SEBITTI - Mesopotamian Magick & Demonology,Ford,2022-01-22
"SECOND COMING OF BABYLON, THE",Mark Hitchcock,NA
SECRECY WORLD,Bernstein,2021-09-21
SECRET DOLL UNDERGROUND,Konno,2023-11-01
"SECRET LIFE OF BIKERS, THE",Langton,2021-09-21
"SECRET LIVES OF CHEATING WIVES, THE",Bunn,2021-12-21
"SECRET OF MENTAL HEALTH, THE",NA,NA
"SECRET PLACE, THE",NA,NA
"SECRET TEACHINGS OF ALL AGES, THE",Hall,2020-12-01
"SECRET, THE - A Treasure Hunt",NA,2020-05-20
SECRETS IN THE CELLAR  - A True Story of the Austrian Incest Case That Shocked the World,Glatt,2022-09-22
SECRETS OF SANTA MUERTE,Stone,2023-02-01
"SECRETS OF SANTA MUERTE - A Guide to Prayers, Spells, Rituals and Hexes",NA,2023-01-01
SECTION 8 (K'Wan),NA,2020-11-20
SEDUCTION OF CHRISTIANITY,NA,NA
"SEDUCTIVE COMPLEXIONS (#11, #13,15)",NA,2020-04-20
"SEEKING ALLAH, FINDING JESUS",Qureshi,2020-07-20
SEIKYO TIMES,NA,NA
SEINLANGUAGE,NA,NA
SELECTED GRIMM FAIRY TALES - The Brothers Grimm,NA,2023-09-23
"SELF-SUFFICIENT LIFE AND HOW TO LIVE IT, THE",Seymour,2020-05-01
SENSITIVITY OF HEART,NA,NA
SENSUAL DISTRESS - The Art of Steve Reno (V2),NA,2021-06-21
SENTENCED TO LIFE,Becker,2018-08-18
"SENTENCES THAT CREATE US, THE - Crafting a Writer's Life In Prison",Meissner,2023-10-23
SEPTUAGINT VS THE MASORETIC TEXT,NA,NA
SERIAL KILLER NEXT DOOR - The Double Lives of Notorious Murderers,Estep,2023-04-01
SERIAL KILLER TRIVIA,Kaminsky,2021-04-01
"SERIAL KILLER:  Minds, Methods & Mayhem",Estep,2021-07-21
SERIAL KILLER:  True Stories of World's Worst Murderers (Cimino),NA,2021-07-21
SERIAL KILLERS,Becker,2021-05-21
SERIAL KILLERS OF MEXICO,Clarkson,2023-01-01
"SET THE NIGHT ON FIRE - Living, Dying, and Playing Guitar with the Doors",Krieger and Alulis,2024-03-01
SET THIS HOUSE IN ORDER,Ruff,2020-07-01
SEVEN DEADLY SINS - Settling the Argument Between Born Bad and Damaged Good,Taylor,2022-09-22
SEVEN DOORS IN,Rondeau,2021-07-21
SEVEN LAWS OF TEACHING,NA,NA
"SEVEN TYPES OF SPIRIT GUIDE, THE - How to Connect and Communicate with Your Cosmic Helpers",Yemoonyah,2021-10-21
SEVENTEEN,NA,NA
"SEX CHRONICLES II, THE - Getting Buck Wild",Zane,2021-07-21
"SEX CHRONICLES, THE - Shattering the Myth",Zane,2021-07-21
SEX POSITIONS,Ashwood,2020-05-01
SEX TIPS FOR CREATIVE LOVERS (June PLA),NA,2024-02-01
"SEX, DRUGS & ROCK 'N ROLL LISTS",McGuire,2020-05-20
SEX-ED 101 (BY Villagran),NA,2021-09-21
SEXAHOLICS (Pynk),NA,2020-03-20
SEXAOLOGICAL WARFARE,Woodford,2022-01-01
SEXY DREAMS (Fastner & Larson),NA,2024-02-01
SEXY GIRL PARADE (Goliath Books),NA,2023-02-01
SEXY SHORT STORIES TO READ IN BED,Frack,2020-05-01
SEXY SHORT STORIES TO READ IN BED - Book 2 - Secret Encounters,Frack,2020-09-20
SEXY STRANGERS - Erotic Stories,Bussel,2025-12-01
SFX,NA,2020-11-01
SH*TS AND GIGGLES - The Ultimate Bathroom Joke Book,Adams,2021-02-21
"SHADOW OF THE SUN, THE",Kapuscinski,2020-07-01
SHADOW PREY,Sandford,2024-02-01
SHADOW REALMS DEMONOLOGY HANDBOOK,Johnson & Brock,2021-07-21
"SHADOW RISING, THE - The Wheel of Time Book 4",Jordan,2022-06-22
SHADOW STUDENT COUNCIL VICE PRESIDENT GIVES HER ALL,NA,2020-09-20
SHAKEUP,Woods,2023-09-23
SHAMBHALA SUN,NA,NA
SHAMELESS - A Case For Not Feeling Bad About Feeling Good,Weber,2025-08-01
SHAMELESS - The Art of Attraction,Jensen,2023-08-23
SHAPE,NA,NA
SHASTA ABBEY BUDDHIST SUPPLIES CATALOG,NA,NA
"SHATTERED BY DARKNESS (Gregory Williams, PhD)",NA,2022-05-01
SHE COMES FIRST - The Thinking Man's Guide to Pleasuring a Woman,"Kerner, PhD",2021-12-21
SHE SHOOTS MEN (Marcevic),NA,2021-07-21
"SHE WANTED IT ALL - A True Story of Sex, Murder, and a Texas Millionaire",NA,2025-02-01
SHE'S DICKMATIZED,Tania Marie,2021-01-21
"SHINING, THE (Stephen King)",NA,2023-03-01
SHIORI'S DIARY,Tsuya Tsuya,2022-07-22
SHOCK SUSPENSTORIES VI - The EC Archives - Issues 1 to 6,Steven Spielberg,2022-05-22
SHOGUN'S AGENT,NA,NA
SHOOK ONE (Charlamagne Tha God),NA,2020-07-01
SHOOT DON'T SHOOT,J. A. Jance,2023-12-01
SHOOTING TIMES (July 2024),NA,2024-05-01
SHOOTING TIMES (June 2024),NA,2024-07-01
SHOOTING TIMES (March 2026),NA,2026-01-01
SHORTY GOT A THUG,Ca$h,2021-04-01
SHOT ALL TO HELL,Vulich,2020-11-01
"SHOULD ALL DRUGS BE LEGALIZED - A Primer for the 21st Century (Busby, Thames & Hudson)",NA,2025-03-01
SHOW,NA,NA
SHOW - The Art of Sexy,NA,NA
SHOW BLACK LINGERIE (any issue),NA,NA
"SHOW ME THE MONEY! (27,28,29,30,31,33,34,35,36,38,39,40 / Winter/Spr 2010 / Fall/Winter 2010 / Winter-Spr 2012 / Winter-Spr 2013 / Sum,Fall,Winter,Spr 2013-2014 / Summer-Fall-Winter 2014)",NA,NA
SHOWERS OF BLESSING MINISTRIES BIBLE COURSE,NA,NA
"SHROUD OF PROPHECY, THE - Destiny of the Dead Book II",Kade,2022-05-22
SHY GIRL - Chelas Way - 12 Year Anniversary,NA,2023-09-23
SHY GIRL - The Ward Boyz 12 Year Anniversray Dual Covers (Danii Banks),NA,2023-03-01
SHY MAMIS (1),NA,2021-07-21
SICK OF IT (V3),NA,2022-01-01
SIDDHA YOGA CORRESPONDENCE COURSE,NA,NA
SIGNATURE,NA,NA
SIGNIFICANCE,NA,2021-02-21
SIGNS OF THE TIMES,NA,NA
SIK WORLD (Winter 05),NA,NA
"SILENCE OF THE LAMBS, THE (Harris)",NA,2020-03-20
"SILENT PATIENT, THE",Michaelides,2024-01-01
SILVER SCREEN,NA,NA
SIMPLICITY HOME CATALOG,NA,NA
"SINALOA STORY, THE",Gifford,2021-03-21
SINGLES R.S.V.P.,NA,NA
SINISTER WISDOM 40 - On Friendship,NA,NA
"SINNER'S GUIDE, THE",NA,NA
SINS OF THE FLESH,Colero,2021-07-21
SIRENS OF CINEMA,NA,NA
SISTERGIRLS.COM,Zane,2020-09-20
SISTERHOOD OF THE SQUARED CIRCLE - The History and Rise of Women's Wrestling,Laprade & Murphy,2022-04-22
SISTERS IN HATE - American Women on the Front Lines of White Nationalism (Darby),NA,2021-08-21
SIX HOURS ONE FRIDAY,NA,NA
"SIXTEETNTH ROUND, THE - From #1 Contender to #45472",Carter,2023-06-01
SIZING PEOPLE UP - A Veteran FBI Agent's User Manual for Behavior Prediction,Dreeke,2023-10-01
SIZZZLE (#1),NA,2022-06-22
SKETCHING FROM THE IMAGINATION:  Dark Arts (3dtotalpublishing),NA,2025-03-01
SKETCHING MEN,Hagawa,2022-04-22
SKETCHING WOMAN (Edited by Kadomaru),NA,2022-07-22
SKI MASK CARTEL 2 - Strictly for the Paper,Edwards,2020-04-20
SKIING,NA,NA
SKIN & INK,NA,NA
SKIN ART,NA,NA
SKIN DEEP,NA,NA
SKIN DEEP - The Erotic Artwork of Bruce Colero,NA,2021-09-21
SKIN DIVER,NA,NA
SKIN GRAF & MASTERS OF GRAFFITI TATTOO (McLeer Burke),NA,2025-10-01
SKIN TIGHT - The Art of Marcus Gray (V2),NA,2024-11-01
SKIN TONES,NA,NA
SKINTASTIC VIDEO GUIDE (Mr. Skin),NA,2021-09-21
SKIPPER,NA,NA
SKULL TATTOOS - Over 300 Skull Tattoo Designs,Karp,2025-10-01
SKY & TELESCOPE,NA,NA
SKYSWORN - Cradle V. 4,Wright,2022-12-01
SLAM,NA,NA
SLANTED,Attkisson,2021-02-21
SLAP,NA,NA
SLAUGHTERHOUSE FIVE,Vonnegut,2020-11-20
SLAVE HUNTER,Aaron Cotien,2010-12-10
SLAVE TO THE NEEDLE - 20 Years of Original Art from a Celebrated Seattle Tattoo Shop,Aaron Bell,2025-02-01
"SLEEP EXPERIMENT, THE - World's Scariest Legends - Book 2",Bates,2020-07-01
SLEEPLESS DREAMS,NA,NA
"SLIM GIRLS (#5, #6, #8, #9)",NA,NA
SLIM THICK (Special Edition - V1 / V2 / V3 / V4),NA,NA
"SLING SHOT  (#55,56,57,64, 70,75,118,119,120,121,122,123,124,125,126,127,128,129,130, 132,133,137 / Spring 2015 / Spring 2016 / Summer 2016 / Fall 2016 / Summer 2017 / Autumn 2017 / Spr 2018 / Summer 2018 / Summer 2019 / Spr 2022 / Winter 2022 / Spring 2023)",NA,NA
SLIPPERY WHEN WET,Cairo,2025-09-01
SLOPPY SECONDS:  The Tucker Max Leftovers,Tucker Max,2020-07-01
"SLOW REGARD OF SILENT THINGS, THE",Rothfuss,2020-12-01
SMALL THINGS LIKE THESE,Keegan,2023-02-01
SMITH WIGGLESWORTH ON HEALING,NA,2021-01-21
SMITHSONIAN,NA,NA
SMM - Social Media Magazine (#2),NA,2021-02-21
SMM - Social Media Magazine (2-2020),NA,2021-02-21
SMOKY MOUNTAIN KNIFE WORKS,NA,NA
SMOOTH,NA,NA
SMOOTH GIRL,NA,NA
SNARF,NA,NA
SNEAKER FREAKER BOOGAZINE (#43),NA,2020-07-01
SNOW LION,NA,NA
SNOWBOARDING,NA,NA
SNOWFLAKES (#2 - Special Edition),NA,2024-07-01
"SNOWFLAKES (#3, #4)",NA,NA
SNOWFLAKES (Premier Special Edition) Featuring Mia and Becky Crocker Covers,NA,2024-07-01
SOCIAL REVOLUTION,NA,NA
SOCIALISM UNDER THE MICROSCOPE,Howard-Brown & Williams,2021-01-21
SOCIETY,NA,NA
SOFT SHOTS (V1),NA,2025-02-01
SOFTWARE DEVELOPMENT,NA,NA
SOLAR ELECTRICITY BASICS,Chiras,2022-08-22
SOLD TO THE HIGHEST BIDDER,NA,NA
"SOLDIERS - A Global History of the Fighting Man, 1800-1945",Haymond,2024-02-01
SOLID ROCK EVANGELISTIC ASSOCIATION,NA,NA
SOLITARY FITNESS,Bronson & Richards,2021-04-01
"SOLITARY KNIGHTS OF PELHAM BAY, THE - Books 1 - 4 under one cover",Claire Thompson,2023-06-01
SOLITARY WATCH (Summer 2013 / Winter 2014 / Spr 2014 / Fall 2017 / Spr-Sum 2020),NA,NA
SOLITARY WITCH,Ravenwolf,NA
SOLOMON,NA,NA
SOLSTICE,Oates,2021-09-21
SOLVING THE RIDDLE,Abdur-Rahman,2020-09-20
SOME KIND OF CRAZY(by Wardle),NA,2022-06-22
"SON AND HEIR, THE - A Memoir",Munninghoff,2020-09-20
"SON, THE",Meyer,2020-05-01
SONG HITS,NA,NA
SONIC WARRIER - My Life as a Rock 'n Roll Reprobate,Brutus,2020-07-01
"SONNY:  The Last of the Old Time Mafia Bosses John ""Sonny"" Franzese",Peddie,2023-04-01
SONS OF ANARCHY,Gold & Couceiro,2022-03-22
SOUL,NA,NA
SOUL WINNING,NA,NA
SOULSMITH - Cradle V. 2,Wright,2022-08-22
SOURCE OF LIGHT MINISTRIES (BIBLE STUDIES),NA,NA
"SOURCE, THE",NA,NA
SOUTH BEACH SINGLES - Nuttin' Butt Azz (V10),NA,NA
SOVEREIGN STONE,Wells,2020-04-20
"SPANISH VERBS, 501",NA,NA
SPARRING PARTNERS,John Grisham,2024-08-01
SPARTACIST - English Edition (May 2025 / #70),NA,2025-07-01
SPARTACIST PAMPHLET - How the Soviet Workers State was Strangled (August 1993),NA,2024-03-01
SPARTACIST PAMPHLET - Lenini & the Vanguard Party (V1),NA,2024-03-01
SPARTAN WARRIOR WORKOUT,Randolph,2022-12-01
SPECIALTY CAR MARKETPLACE,NA,NA
SPEED,NA,NA
SPEED & SUPERCAR,NA,NA
SPEEDWAY ILLUSTRATED,NA,2021-03-21
SPIDER,NA,NA
SPIN,NA,NA
"SPIRAL STAIRCASE, THE - My Climb Out of Darkness",Armstrong,2020-07-01
"SPIRITUAL MEANING OF THE SIXTIES, THE - The Magic, Myth & Music of the Decade that Changed the World",Churton,2023-12-01
"SPLIT, THE",NA,NA
SPORT,NA,NA
SPORT TRUCK,NA,NA
SPORT WORLD,NA,NA
SPORTING NEWS,NA,NA
SPORTING NEWS COLLEGE BASKETBALL,NA,NA
SPORTS AFIELD WITH ROD & GUN,NA,NA
SPORTS CAR,NA,NA
SPORTS ILLUSTRATED,NA,NA
SPORTS ILLUSTRATED - 60th Anniversary Swimsuit - Kate Upton Cover (2024),NA,2024-07-01
SPORTS ILLUSTRTED - Swimsuit Issue 2025,NA,2025-06-01
SPORTSTORM,NA,NA
"SPOTLIGHT, THE",NA,NA
SPY THE LIE,"Houston, Floyd, Carnicero",2023-06-01
SQUEEZE (#1),NA,2020-09-20
SRI ISPANISAD,NA,NA
ST. ANTHONY MESSENGER,NA,NA
ST. JOHN'S EPISCOPAL CHURCH,NA,NA
ST. STEPHEN LUTHERAN CHURCH,NA,NA
STACK BEFORE YOU SPLURGE,Milligan,2020-11-01
"STACK MODELS (7,8-2014)",NA,2021-06-21
"STAIRWAY TO HEAVEN, THE - The Second Book of the Earth Chronicles",Sitchin,2023-09-23
STALKED - The Human Target,Cassidy,2024-01-01
"STAND, THE - Uncut Editio (Stephen King)",NA,2020-04-20
STAR,NA,NA
STAR WARS FIELD GUIDE - Values and identifications by Stuart W. Wells III,NA,NA
STAR WARS INSIDER,NA,NA
STAR WARS SPLINTER OF THE MIND'S EYE,NA,NA
"STARLESS SEA, THE",Morgenstern,2023-03-01
STARSHIP TROOPERS INSECT TOUCH 1-3,NA,NA
START YOUR OWN PERSONAL TRAINING BUSINESS - 4th Edition,Cheryl Kimball,2023-09-23
STARTING AN EBAY BUSINESS FOR DUMMIES,NA,NA
STATE VS. US (V5),NA,2023-09-23
STATE VS. US (V6),NA,2023-09-23
STAY CLOSE,Coben,2023-08-23
STAYING SAFE,NA,NA
STEALTH,Woods,2023-09-23
STEAMPUNK RISING,Chang-Adair,2022-07-22
STEPS TO PEACE WITH GOD,NA,NA
STEREO REVIEW,NA,NA
STEREOPHILE,NA,NA
STEVE KAHN:  Hollywood Suites,James Ganz,2024-05-01
STEWART-MCDONALD CATALOG (103),NA,NA
STICKY (#1),NA,2020-09-20
STILIUS PLIUS (8)  DENIED PURSUANT TO IN-V-80 - DOC DOES NOT HAVE A TRANSLATOR FOR THIS LANGUAGE & IT WOULD IMPOSE MORE THAN A DE MINIMUS COST ON THE PRISON SYSTEM IN PROVIDING SUCH,NA,NA
STILL HOOD,K'Wan,2020-11-20
"STILL OF THE NIGHT, THE",Rule,2022-09-22
STILLS,Herbert,2021-09-21
STOCK CAR RACING,NA,NA
"STONE SKY, THE - Broken Earth Trilogy 3",Jemisin,2022-08-22
STONECROFT MINISTRIES,NA,NA
STONES OF REMEMBRANCE,NA,NA
STORM WARNING,NA,NA
"STORY OF JESUS PAMPHLET, THE",NA,NA
"STORY OF PSYCHOLOGY, THE",Hunt,2021-02-21
STORY OF REDEMPTION,NA,NA
"STORY OF THE SS, THE - Hitler's Infamous Legions of Death (Cimino)",NA,2021-08-21
STRAIGHT STUNTIN',NA,NA
"STRANGER IN THE WOODS, THE - The Extraordinary Story of the Last True Hermit",Fink,2021-04-01
STRATEGIES OF JESUS,NA,NA
STREET & SMITH'S SPORTS BUSINESS JOURNAL,NA,NA
STREET BANDITZ,Hudson,2022-10-22
STREET CHOPPER,NA,NA
STREET GAME - A Ghostwalker Novel,Feehan,2024-03-01
"STREET LEGENDS (V1, V2)",NA,2019-10-19
"STREET LOW MAGAZINE (Fall 2015 / Fall 2016 / Winter 2015-2016 / #75,76,77)",NA,2019-06-19
STREET PLAYERS,Goines,2020-03-20
STREET RODDER,NA,NA
STREET SEEN MAGAZINE (V. XIII / V. XV / #28 / #34 / #35 / V36 / V38 / May 2017),NA,NA
STREET WALKERS,Sothern,2021-06-21
"STREETS CALL ME TREASURE, THE (Swinson)",NA,2020-02-20
STRENGTH & HEALTH,NA,NA
STRENGTH FOR THE DAY,NA,NA
"STRENGTH TRAINING ANATOMY WORKOUT II, THE",Delavier / Gundill,2020-09-20
"STRENGTH TRAINING ANATOMY WORKOUT, THE - 4th Edition",Delavier,2025-07-01
STRENGTHENING MARRIAGE & FAMILY TIES,NA,NA
"STRIP LV (1117, 0417, 0420, 0720)",NA,2020-07-01
"STRIPPER LOVE (#1, #2, #3)",NA,NA
"STRIPPERS & PORN CHICKS (#1, #2)",NA,2020-11-20
STRIPPERS (#1),NA,2020-09-20
STRIPPERS (#3) - The Return of South Americas Finest Lissa Aires,NA,2024-07-01
STRIPWRECKED,NA,NA
STROKERS - The Erotic Notebook (2023 Calendar),NA,2032-12-01
STRONG IS THE NEW PRETTY,Parker,2021-09-21
STRUNGBALLS,Russell,2020-04-20
STUDS - Gay Erotic Fiction,LaBonte,2020-02-20
"STUDY HAVAMAL, THE",NA,2020-01-20
STUNAZZ (Spr 2011 / Summer 2011 / Summer 2013 / #56 / #61 / #65 / #69 / #102),NA,NA
"STUNTING CELEBRITY (V2, #3)",NA,NA
SUBLIMINALLY EXPOSED,Dayan,2022-03-22
"SUBSTANCE ABUSE COUNSELING - 5th Edition (Lewis, Dana, Blevins)",NA,2020-08-01
"SUCH GOOD BOYS - The True Story of a Mother, Two Sons and a Horrifying Murder",Dirmann,2022-09-22
SUICIDE GIRLS (#1),NA,2020-02-20
SUICIDE GIRLS - Hard Girls Soft Light,NA,2021-09-21
SUICIDE GIRLS GEEKOLOGY,NA,2024-07-01
SUICIDE SQUAD - The Silver Age,NA,2022-05-22
"SUM OF ALL FEARS, THE",NA,NA
SUMMARY & ANALYSIS - Blackout,Owens,2021-05-21
"SUMMER I WASN'T ME, THE",Verdi,2021-09-21
SUMMONING SPIRITS - The Art of Magical Evocation (Konstantinos),NA,2021-08-21
"SUN, THE",NA,NA
SUNDAY SCHOOL ADULTS,NA,NA
SUNSET,NA,NA
"SUNSET MURDERS, THE",NA,NA
SUPER CHEVY (PHONE),NA,NA
SUPER CYCLE,NA,NA
SUPER FORD,NA,NA
SUPER FUN SEXY TIMES,McClaren,2023-06-01
SUPER NYLON PARADE - Special Edition,NA,2020-09-01
SUPER-BIKES,NA,2020-04-20
SUPERIOR TATTOO BIBLE (Book 1),NA,2025-02-01
SUPERIOR TATTOO BIBLE (Book 2),NA,2025-09-01
SUPERIOR TATTOO BIBLE (Book 3),NA,2025-02-01
SUPPOSE WE ARE ISRAEL,NA,NA
"SUPREME WISDOM, THE",NA,NA
"SUPREME WISDOM. SOLUTION TO THE SO-CALLED NEGROES PROBLEM, THE",NA,NA
SURFER,NA,NA
"SURRENDER, WHITE PEOPLE! - Our Unconditional Terms for People",Hughley,2020-09-20
SURROUNDED BY PSYCHOPATHS -How to Protect Yourself form Being Manipulated and Exploited in Business and in Life,Erikson,2022-08-22
SURVIVAL HANDBOOK W/ URBAN SURVIVAL CHAPTER,Wiseman,2020-11-20
"SURVIVALIST'S HANDBOOK, THE - How to Thrive When Things Fall Apart",Stahlberg,2023-10-01
SURVIVOR'S MANUAL - Survival In Solitary,NA,2022-01-22
SWAN SONG,NA,NA
SWEET AGONY - A Collection of BDSM Erotica,Raymond,2023-06-01
SWEET REVENGE,Michaels,2023-12-01
SWEET THINGS - V1 (Keith Garvey),NA,2025-04-01
"SWEETS (V1 #2,4,5, 6 / V2 #11 / V3 #14 / #17 /V4  #18 / V5 #19,20,21 / V7 #21,22 / V8 #23,24 / 25th Anniversary)",NA,NA
SWEETS (V1 #9 / V2 #10 / V3 #15 / V4 #16 / V5 #19),NA,NA
SWORD OF DESTINY - Tales of the Witcher,Sapkowski,2023-09-23
"SWORD OF THE LORD, THE",NA,NA
"SYMBOLSW OF THE OCCULT - A Directory of Over 500 Signs, Symbols and Icons",Chaline,2022-07-22
"SYRACUSE PEACE COUNCIL'S PEACE NEWSLETTER (4-11 / 7,8,11,12-2016 / 01,2,3,4,5,6,7,11,12-2017 / 1,2,3,4,5,6,7,8,9,10,11,12-2018 /  1,2,3,4,7,8,9,10-2019 / #803,#851,#853,854,855,856,857,858,859,860,861,862,863,864,865,867,868)",NA,NA
SYRUP A YURI ANTHOLOGY (V1),NA,2022-03-22
SYRUP A YURI ANTHOLOGY (V3),NA,2022-03-22
"SYSTEM, THE",Gattis,2023-11-22
T'AI CHI CH'UAN,Man-Ch'ing,2020-11-01
T2 TRAINSPOTTING,Welsh,2023-08-23
T3 - Tomorrow's Technology Today,NA,2020-11-01
T3 - Tomorrow's Technology Today,NA,2020-11-01
TABLETOP DISTILLING,Moller,2022-03-22
TABOO - 10 Facts You Can't Talk About,Reilly,2024-05-01
TABOO SEX STORIES,Starr,2021-06-21
TABU (12-2022 / #73),NA,2023-03-01
TABU TATTOO (#66),NA,2020-07-20
TABU TATTOO (#69),NA,2021-09-21
"TABU TATTOO (52,62,65,67,68 / 6,7-2013)",NA,2020-01-20
TABU TATTOO (Spr 2022 - #71),NA,2022-05-22
TAHIRY - The Magazine,NA,2020-11-20
"TAKING UP THE RUNES - A Complete Guide to Using Runes in Spells, Rituals, Divination, and Magic",Paxson,2023-10-01
TALES FROM A JAIL CELL - Lockup in America,Autonomy,2022-09-22
"TALES OF ALASKA STATE TROOPERS - Stories of Courage, Survival, and Honor from the Last Frontier",Mathiesen,2022-08-22
"TALISMAN, THE (Book by Stephen King)",NA,NA
"TALKING JEWELS, THE",Diderot,2022-09-22
TALKING WITH CHRIST,NA,NA
TALKING WITH PSYCHOPATHS AND SAVAGES - A Journey into the Evil Mind,Berry-Dee,2022-05-22
TALKING WITH SERIAL KILLERS - Death Row's Worst Killers - In Their Own Words,Berry Dee,2023-08-23
TAME ME,Kenner,2020-07-01
TAMING OF A VILLAIN - A Message of Hope,Langham,2022-07-22
TANTRIC PATHWAYS TO SUPERNATURAL SEX,Pokras and Talltrees,2025-02-01
"TAO OF WING CHUN, THE",Xuan / Little,2022-04-22
"TAO OF WU, THE",The RZA,2023-02-01
TAOISM - An Essential Guide,Eva Wong,2020-01-20
TAPPING IN,Parnell,2021-01-21
TAROT MAGIC,Tyson,2021-12-21
TAROT:  Witch of the Black Rose (8-2021),NA,2021-10-21
TASTING CANDY,Quinn,2020-03-20
TAT2 - Bantik Boy Model of the Year,NA,2024-10-01
TATS & MODELS - Body Ink Beauty,NA,2024-02-01
TATTED (#2),NA,2021-09-21
TATTED ANGELS - Featuring Crystal Jade Foster,NA,2024-10-01
TATTOO  - ALL ISSUES PERMANENTLY APPROVED,NA,NA
TATTOO - 1730's - 1970's - Hank Schiffmacher's Private Collection of the Art and Its Makers,NA,2024-10-01
TATTOO - Iconography of Japan (PIE International),NA,2024-11-01
TATTOO ARTIST YEARBOOK - UK & IRELAND (2018-2019),NA,2019-02-19
TATTOO ARTISTS - UK & Ireland Yearbook 2019-2020,NA,2020-03-20
TATTOO BIBLE - Book 1 (Superior Tattoo),NA,2025-06-01
TATTOO BIBLE - Book 2 (Superior Tattoo),NA,2023-08-23
TATTOO COLLECTION,NA,NA
"TATTOO COLORING BOOK, THE",Megamunden,2024-09-01
TATTOO DESIGNS - Black and Grey Realism,Leezey Lee,2025-10-01
"TATTOO DICTIONARY, THE - An A-Z Guide to the Secret Language of Tattoos",Aitken-Smith,2024-05-01
"TATTOO ENERGY (#66, 77, 83, 91, 96, 98, 103, 105, 106, 107, 114)",NA,NA
TATTOO FLASH,NA,NA
TATTOO INSPIRATIONS COLORING BOOK,Roytman,2024-07-01
TATTOO JOHNNY - 3000 Tattoo Designs (Intro by David Bollt),NA,2025-05-01
"TATTOO LIFE (#65,70,77,98,100,101,104,105,112,114,128,129,139,143)",NA,NA
"TATTOO PROJECT, THE",Hemingson,2020-09-20
"TATTOO REVUE (#169, 174, #179, #180,#182, #186, #187, #188, #189 (calendar enclosed if institution doesn't allow) #190, #191,#192,#193 / 4,5-2020 / 10-2021 - this has calendar enclosed if institution has restrictions /3,11-2022 / 03-2023)",NA,NA
TATTOO REVUE (#192 / November 2022),NA,2025-03-01
TATTOO ROAD TRIP - California Cover Girls,Baxter,2020-07-01
TATTOO SAVAGE - PERMANENTLY APPROVED 10/20/04,NA,NA
"TATTOO SOCIETY (#50,51,56,57,59,60,61,63,64,65,66,67,69,71,72,73,74,75,77,80,81,82 / 12-2015 / 12-2016 / 11-2022 / 03-2023)",NA,NA
TATTOO SOCIETY (#78 / 06-2022),NA,2023-12-01
TATTOO SOCIETY (#79),NA,2022-12-01
TATTOO SOCIETY (#82 / July 2023),NA,2023-11-01
TATTOO SOCIETY (#83),NA,2023-10-01
TATTOO SOCIETY (#84 / 12-2023),NA,2024-10-01
TATTOO SOCIETY (#85) - Kate Cover Girl - Insert Poster,NA,2024-07-01
TATTOO SOCIETY (#86 / June 2024),NA,2024-07-01
TATTOO SOCIETY (#87 / September 2024),NA,2024-10-01
TATTOO SOCIETY (#89 - Special Issue),NA,2025-06-01
TATTOO SOCIETY - Barely Legal (#18 / 10-2009 / Anniversary Issue),NA,2023-12-01
TATTOO SOCIETY - Brittany Nicole Cover (#90 Special Issue),NA,2025-09-01
TATTOO SOCIETY - Special Edition (#39),NA,2023-10-23
"TATTOO, THE",McKinney,2023-09-23
TATTOOED BEAUTIES (Christian Saint),NA,2020-09-01
TATTOOISME,Coppola & Claquin,2021-06-21
TATTOOS,Konemann,2024-05-01
TATTOOS FOR MEN,NA,NA
TATTOOS FOR WOMEN,NA,NA
TATZ - Sin on Skin,Mazzotti & Silvestone,2024-01-01
TEACH ME TOO,Villagran,2021-09-21
TEAM OF TEAMS - New Rules of Engagement for a Complex World,McChrystal,2020-04-20
TEAM SAVAGE 2,Boogie,2021-04-01
TEARS OF A HUSTLER,Silk White,2024-04-01
TEARS OF A HUSTLER 2,Silk White,2024-04-01
TEARS OF A HUSTLER 3,White,2024-04-01
"TEARS OF THE SILENCED - An Amish True Crime Memoir of Childhood Sexual Abuse, Brutal Betrayaland Ultimate Survival",NA,2022-09-22
TEASE TO PLEASE - The Erotic Art of Adrian Velez,NA,2021-01-21
TED BUNDY - Conversations with a Killer,Michaud & Aynesworth,2021-05-21
TEEN,NA,NA
TELLING TALES,Stein,2019-10-19
TEMPT ME,Kenner,2020-03-20
TEN COMMANDMENTS: SPINAL CORD OF CIVILIZATION,NA,NA
TEN MILE BIBLE SCHOOL,NA,NA
TEN MIRACLES OF JESUS,NA,NA
"TEN THOUSAND, THE",NA,NA
TEN TRIPS - The New Reality of Psychedelics (Mitchell),NA,2025-03-01
TENDER TOUCH,NA,NA
TENNIS,NA,NA
"TENTACLE CAVE, THE - 1 (Story by Umetane / Art by Abi)",NA,2024-10-01
TERMINAL OBJECTIVE,Kasper,2020-03-20
TERRORISM & WAR,Zinn,2021-03-21
THE MAGAZINE - Thick Magazine Presents Stephanie Santago,NA,2023-10-23
"THEOLOGICAL SCIENCE SOCIETY, INTERNATIONAL",NA,NA
THEORY OF WING SECTIONS,NA,NA
THERE IS A MIRACLE IN YOUR MOUTH,NA,NA
THERE IS A RIVER,NA,NA
THERE WAS A YOUNG MAN FROM NANTUCKET,Stanza,2020-11-20
THERE'S A NEW NAME WRITTEN DOWN IN GLORY,NA,NA
THESE DAYS,NA,NA
THEY CALL ME DOC - The Story Behind the Lengend of John Henry Holliday,Herda,2022-07-22
THEY CALLED ME THE CATCH ME KILLER,NA,NA
THEY TOLD ME THEIR STORIES - The Youth and Children of Azusa Street Tell Their Stories,NA,2020-07-01
THICK,NA,NA
THICK MAGAZINE PRESENTS - Stephanie Santiago the Magazine (#1),NA,2021-11-21
THICK MAMI'S (1),NA,2021-07-21
THICK VS. SLIM THICK (V3),NA,2021-03-21
THIN BLUE LIE - The Failure of High Tech Policing,Stroud,2020-11-01
THINBLADE - Sovereign of the Seven Isles (Book 1),NA,2020-01-20
THINGS CHRISTIANS NEED TO KNOW,NA,NA
THINGS JESUS SAID & DONE,NA,NA
THINKING IN BETS,Duke,2022-05-22
THIRTY DISCIPLESHIP EXERCISES,NA,NA
THIS EAR IS HUSTLE,Poor / Woods,2024-01-01
THIS LONGING,NA,NA
THIS MAN (Malpas),NA,2020-02-20
THIS OLD HOUSE,NA,NA
THIS PRESENT DARKNESS,NA,NA
THIS WAS YOUR LIFE (CHICK PUBLICATIONS),NA,NA
"THOSE ARE REAL BULLETS - Bloody Sunday, Derry 1972",Pringle & Jacobson,2021-03-21
THOUGHTS OF THE CURE D'ARS,NA,NA
THRASHER,NA,2021-01-21
THREE BATTLEGROUNDS,NA,NA
"THREE MAGICKAL BOOKS OF SOLOMON, THE - The Testament of Solomon & His Greater & Lesser Keys in One Volume",NA,2022-03-22
THREE WEEKS TO SAY GOODBYE (CJ Box),NA,2023-03-01
THREESOME - How to Find Yourself in Bed with 2 Women,Pollard,2021-11-21
THROUGH THE TEST OF TIME,Angel,2022-01-22
THUG MATRIMONY,Clark,2020-05-01
THUGGZ VALENTINE,Clark,2020-11-01
THUGS AND THE WOMEN WHO LOVE THEM,Clark,2020-04-01
THULE - NOW PERMANENTLY APPROVED,NA,NA
TIME,NA,NA
"TIME OF THE HERO, THE",Llosa,2020-09-20
TIP JOURNAL,NA,NA
"TITTILATING TALES OF DOLLY!, THE",Blas Gallego,2024-02-01
"TO BANISH FOREVER - A Secret Society, the Ho-Chunk, and Ethnic Cleansing in Minnesota",Coats,2024-05-01
TO CHERISH ALL LIFE,NA,NA
TO DIE FOR THE PEOPLE,Newton,2022-12-01
TO KILL THE LEOPARD,NA,NA
TO ONE THAT FEELS,NA,NA
TO RIDE A SILVER BROOMSTICK,Ravenwolf,2020-01-20
TO STIR A MAGICK CAULDRON,Wolf,2020-05-01
TOBACCONIST HANDBOOK - An Essential Guide to Cigars and Pipes,Armenteros,2021-04-01
TODAY - The People Around Jesus,NA,NA
TODAY'S PARISH,NA,NA
TOKYO ADORNED,Thomas Card,2020-11-01
TOM CLANCY - Enemy Contact,Maden,2024-02-01
TOM CLANCY - Firing Point,Maden,2024-02-01
TOM CLANCY - Target Acquired,Bentley,2024-02-01
TOM TENDROCK'S TRUTH,Tom Tendrock former inmate,2020-11-20
"TOMBSTONE - Earp Brothers, Doc Holliday and the Vendetta Ride from Hell",Clavin,2022-08-22
TOO CHEAP?,NA,NA
TOO MUCH AND NEVER ENOUGH,Trump,2020-09-01
TOO MUCH TEMPTATION,Lori Foster,2024-05-01
"TOOLS FOR FREEDOM (2015, 2016,2017 / V1a, V1, V2, V2a, V3, V4a / 2018 V1,2,3 / V3a 2018 / 2019 V1 / V1a 2019 / V2, V3, V3a 2019)",NA,NA
TOP GEAR,NA,2020-07-01
TOP MODELS OF METART.COM - Candice B,NA,2023-07-01
TORSO,Markus Cuff,2024-07-01
TORTURED FOR CHRIST,NA,NA
TOTAL FILM,NA,2021-02-02
"TOTAL POKER MANUAL, THE",Sutton & Editors of Card Players,2018-11-18
TOTAL TATTOO (#156),NA,2025-02-01
"TOTAL TATTOO (#33,38,122,168 - July 07 / 4-11)",NA,NA
"TOUCH OF HIS HAND, THE",NA,NA
TRAILBLAZERS,NA,NA
TRAIN LIKE A FIGHTER - Get MMA Fit Without Taking a Hit (Zingano),NA,2021-06-21
TRAINING GUARD DOGS,Macinnes,2020-11-01
TRAINS,NA,NA
TRAP DOOR - Trans Cultural Production and the Politics of Visibility,"Gossett, Stanley & Burton",2021-12-21
TRAP INK - MILF Tattoo Edition,NA,2021-05-21
"TRAPPER, THE (4,5-2024)",NA,2024-04-01
"TRAPPER, THE (V49 #4 / Summer 2024)",NA,2024-07-01
TRAPPING 101,Massaro,2021-07-21
TRAVEL HOLIDAY,NA,NA
"TREAD (11, 12-2023)",NA,2023-12-01
"TREAD (V10 #3 / 7,8-2024)",NA,2024-07-01
TREASON - The Ultimate Betrayal,George,2020-11-20
"TREASON 2 - God Forgives, I Don't",George,2020-11-20
TREASURY OF DAVID,NA,NA
"TREJO:  My Life of Crime, Redemption and Hollywood",NA,2023-12-01
"TRENCHES, THE",Morrow,2021-04-01
TRIAL,NA,NA
"TRIAL OF THE CHICAGO 7, THE",McNamee & Greenberg,2023-08-23
"TRIALS OF APOLLO, THE:  The Tower of Nero - Book 5 (Rick Riordan)",NA,2023-06-01
"TRIALS OF APOLLO, THE:  The Tyrant's Tomb - Book 4 (Rick Riordan)",NA,2023-06-01
"TRIBAL CALL, THE",NA,NA
"TRICKNOLOGY OF THE ENEMY, THE",NA,NA
TRINITY BROADCASTING NETWORK,NA,NA
TRINITY LUTHERAN CHURCH,NA,NA
"TRINITY TRUMPET, THE",NA,NA
TRIUMPHANT CHRISTIAN LIVING,NA,NA
"TROPHY WIFE, THE",Ashely & JaQuavis,2024-11-01
TROPIC OF STUPID,Dorsey,2022-03-22
TRUCK ROUND-UP,NA,NA
"TRUCK, RACE, CYCLE & REC",NA,NA
TRUCKIN',NA,NA
"TRUE BASTARDS, THE",French,2021-12-21
"TRUE CRIME FILE, THE - Serial Kidnappings - Great Cons - Survivors & Their Stories-Foensics - Oddities & Absurdities -Quotes and Quizzes",Daly,2023-12-01
TRUE CRIME STORIES - The World's Most Monstrous Murders,Al Cimino,2024-12-01
TRUE DETECTIVE,NA,NA
TRUE EXPERIENCE,NA,NA
"TRUE SAVAGE - Money, Pain, Tears",Green,2020-11-20
TRUE SAVAGE 3 - Your Money or Your Life,Green,2020-11-20
TRUE STORY MAGAZINE,NA,NA
TRUE WEST,NA,NA
TRUMPET MESSENGER,NA,NA
TRUST NO BITCH (Cash & Capri),NA,2022-03-22
TRUST NO BITCH II - Deadly Silence (Cash & Capri),NA,2022-03-22
TRUST NO BITCH III - Deadly Alliance,Cash & Capri,2022-03-22
TRUST NO MAN,Cash,2020-09-20
TRUST NO MAN 2,Cash,2020-09-20
TRUSTFUL SURRENDER TO DIVINE PROVIDENCE,NA,NA
TRUTH ABOUT ASTRAL PROJECTION,NA,NA
TRUTH JOURNAL,NA,NA
TRUTH OF LIFE (SEICHO-NO-IE),NA,NA
TRY THESE IF YOU WANT TO HAVE AN AMAZING SEX POSITIONS THAT WILL BLOW YOUR MIND AND TAKE YOU TO DIZZYING NEW HEIGHTS OF SEXUAL PLEASURE,NA,2022-11-01
TTT TATTOO,TTTISM & Schonberger,2024-05-01
TUPAC SHAKUR - The Rose that Grew from Concrete,NA,2024-01-01
TURN UP 4,NA,2023-06-01
"TURN UP SOCIAL REVIEW, THE (#1)",NA,2023-03-01
"TURN UP SOCIAL REVIEW, THE (#2)",NA,2023-04-01
"TURN UP, THE - Social Review #4 - Trinidad Carnival 2023",NA,NA
TURNING THE TIDE,NA,NA
TURNING WHEEL,NA,NA
TV GUIDE,NA,NA
TV NOVELAS,NA,NA
TWEAK:  Growing Up on Methamphetamines,Sheff,2021-05-21
TWELVE MEN AND A DEVIL,NA,NA
TWELVE PRINCIPLES OF BUDDHISM,NA,NA
TWICE PARDONED,NA,NA
TWISTED,Jayne,2023-03-01
TWISTED LIES - Twisted Book 4,Ana Huang,2024-05-01
TWISTED MARRIAGE,Torre,2022-10-22
TWO-SPIRIT PEOPLE,NA,2021-06-21
U.S. NEWS & WORLD REPORT,NA,NA
UFO,NA,NA
UFOs,Kean,2020-11-20
UKRAINIAN ENGLISH BILINGUAL VISUAL DICTIONARY (DK),NA,2025-06-01
ULISES CRIOLLO,Vasconcelos,2020-09-20
"ULTIMATE ADULTS ONLY JOKE BOOK, THE",Kellett,2022-09-22
"ULTIMATE BOOK OF EVERYDAY KNOTS, THE",Budworth,2023-08-23
"ULTIMATE COLORING FOR GROWN-UPS, THE",NA,2019-03-19
ULTIMATE GAY EROTICA 2008 (Edited by Grant),NA,2022-01-22
"ULTIMATE GUIDE OF FRUGAL LIVING, THE - Save Money, Plan Ahead, Pay Off Debt & Live Well",Luther,2023-09-23
ULTIMATE GUIDE PLUMBING - Updated 5th Edition (Creative Homeowner),NA,2023-02-01
"ULTIMATE GUIDE TO DRAWING, THE",Barber,2022-06-22
"ULTIMATE GUIDE TO HOME BUTCHERING, THE - How to Prepare any Animal or Bird for the Table or Freezer",Monte Burch,2024-08-01
"ULTIMATE GUIDE TO SOIL, THE - The Real Dirt on Cultivating Crops, Compost and a Healthier Home",Hess,2022-09-22
ULTIMATE GUIDE WIRING - Updated 9th Edition (Creative Homeowner),NA,2023-02-01
ULTIMATE HANDGUNS - Photographs of More than 500 Weapons,Miller,2025-12-01
"ULTIMATE TATTOO COURSE, THE - The Complete Tattoo Apprentice Guide",NA,2024-12-01
ULTIMATE TERRORIST!,NA,NA
ULTIMATE WILDERNESS GEAR,Caudill,2023-09-23
"ULTRAVIOLET (V. XVIII #2 / XXVI #3 / V. XXVI #4 / V. XXIX #4 - Spring 2019 / Winter 2016 / Spring 2016 / Fall 2017 / V. XXX #1 - Summer 2019 / V. XXXI #2 - Fall 2019 / Winter 2021 - V. XXXII #2 / Spring 2021 - V. XXXII #3 / Summer 2021 - V. XXXIII #1 / Fall 2021 - V. XXXIII #2 / V. XXXIII #3, #4 - Winter 2022 / V. XXXIV #1 - Summer 2022 / V. XXXIV #3 - Winter 2022-2023 / V. XXXIV #4 - Spr 2023 / V. XXXV #2 / Fall 2023 / V. XXXV #4 / Spring 2024 / V. XXXVI #3 / Winter 2024)",NA,NA
ULTRAVIOLET (XXXVI #1 / Summer 2024),NA,2024-07-01
ULTRAVIOLET (XXXVI #2 / Fall 2024),NA,2024-11-01
"UNCANNY X-MEN, THE",NA,NA
UNCERTAIN MANIFESTO,Pajak,2023-03-01
UNCLE ARTHUR'S BIBLE BOOK,NA,NA
"UNCLE JOHN'S GREATEST KNOW ON EARTH NO. 33 - Curiosities, Rarities & Amazing Oddities (Bathroom Reader)",NA,2024-05-01
UNCOVERED - The Art of Agatha Christie and Beyond,Adams & Curran,2022-12-01
UNCROWNED - Cradle V7,Wright,2022-12-01
UNDER & ALONE,William Queen,NA
"UNDER LOCK & KEY (#2,3,7,8,9,12,20,25,26,28,49,51,56,57,58,62,68,71,72 / 2,6-08 / 3,5,7-09 / 1,2,5,6-10 / 5,6-11 / 3,4,5,6,9,10-12 / 9,10-2015 / 3,4,7,8-2016 / 5,6,7,8,9,10-2017 / 5,6-2018 / Fall 2020 / Winter 2021 / Fall 2024 #87)",NA,NA
"UNDER LOCK & KEY (11,12-09 / #11 / 7,8-2012 / 7,8-2015 / 5,6-2016 / 3,4-2017 / #50 / #55 / 7,8-2018 / #63)",NA,NA
UNDERBOSS - Sammy the Bull Gravanos - The Story of Life in the Mafia,Maas,2020-07-01
UNDERLORD - Cradle V6,Wright,2022-12-01
UNDERSTANDING JIM CROW,Pilgrim,2021-07-21
UNDERSTANDING THE DIFFICULT WORDS OF JESUS,NA,NA
UNDRESSING - The Art of Playing Dress Up (Deviants),NA,2021-12-21
UNFORGIVENESS,NA,NA
UNICAMERAL UPDATE,NA,2021-02-21
UNION GOSPEL MISSION BIBLE COURSE,NA,NA
UNION LIFE,NA,NA
UNITY MAGAZINE,NA,NA
UNIVERSAL TEXT BOOKS (UNIVERSAL LIFE CHURCH),NA,NA
UNJUST - Social Justice and the Unmaking of America,Rothman,2020-07-01
UNKNOWN BIBLE,NA,NA
UNLOCKED - Life and Crimes of a Mafia Insider,Ferrante,2020-07-01
UNLOCKING SECRETS - How to Get People to Tell You Everything,David Craig,2022-08-22
UNMAKING THE PRESIDENCY - Donald Trump;s War on the World's Most Powerful Office,Hennessey & Wittes,2021-03-21
UNSEEN RAIN,NA,NA
"UNTIL WE RECKON - Violence, Incarceration and a Road to Repair",Sered,2020-09-20
UNVARNISHED GOSPELS,NA,NA
UP IN THE OLD HOTEL,Mitchell,2020-11-01
UPON THIS ROCK I WILL BUILD MY CHURCH,NA,NA
UPPER MIDWEST MERKOS-LUBAVITCH MINNESOTA,NA,NA
"UPPER ROOM, THE",NA,NA
"UPPER TRIAD, THE",NA,NA
"UPSTREAM CHRISTIAN IN A DOWNSTREAM WORLD, THE",NA,NA
URB,NA,NA
URBAN CURVES (#1),NA,2021-03-21
"URBAN INK (88 / V11 #95 / Blackmen #51 / V13 #53 / #24,27,28 / Fall 2014 / Holiday 2015)",NA,NA
"URBAN INK (V11 #86 / #16,83,90,92,94,95,97,99 / V. 13 #52 / #18 - All Covers / #19 - All Covers / #20,21,22,23,25,26,29,30,31,33, 34,42 - All Covers / Sum 2013 / Fall 2013 / Winter 2014 / 6,10-2014 / Hot Summer Issue 2014 / Spr 2015 / Winter 2015 / 3,5,7,9-2016)",NA,NA
URBAN NEWS MAGAZINE (#8),NA,2022-04-01
URBANDALE U.C.C. LETTER,NA,NA
URBANDALE UNITED CHURCH OF CHRIST,NA,NA
US ARMY RANGER HANDBOOK - Revised & Updated (U.S. Dept of Defense),NA,2025-10-01
USA BY RAIL,NA,2020-09-01
UTV ACTION,NA,2020-07-01
V FOR VENDETTA,Moore & Lloyd,2023-03-01
V-TWIN,NA,NA
"VALLEY OF THE DRY BONES, THE",Windsor,2020-07-01
"VALUES OF ASATRU, THE",NA,2021-02-21
"VAMPIRE RITUAL BOOK, THE (Belanger)",NA,2021-03-21
VAMPIRESS CARMILLA (#5 / 11-2021),NA,2021-10-21
VAMPYRE MAGICK - The Grimoire of the Living Vampire,Father Sebastian,2021-03-21
VAMPYRE SANGUINUMICON - The Lexicon of the Living Vampire (Sebastian),NA,2021-08-21
VANITY FAIR,NA,NA
"VARIETIES OF RELIGIOUS EXPERIENCE, THE:  A Study in Human Nature",William James,2024-07-01
VELVET LOVE GIRL ON GIRL (V1),NA,2021-07-21
VELVET LOVE GIRL ON GIRL ON GIRL V3,Andrei & Mazzotti,2021-07-21
VENGEANCE,Zane,2021-09-21
VERITY,Hoover,2023-08-23
VFW MAGAZINE (PHONE),NA,NA
VIBE,NA,NA
VICTORIA'S SECRET,NA,NA
VICTORIOUS BEGINNING IN CHRIST,NA,NA
VICTORIOUS CHRISTIAN LIVING,NA,NA
VICTORY MIRACLE LIVING,NA,NA
VICTORY OVER THE DARKNESS,NA,NA
VICTORY PROPAGANDA CARTOONS FROM WWII,Tony Husband,2023-12-01
"VICTORY, THE - A Gaunt's Ghosts Omnibus Pt 1",Abnett,2023-01-01
"VICTORY, THE - A Gaunt's Ghosts Omnibus Pt 2",Abnett,2023-01-01
VIDEO TRASH & TREASURES (ALL),NA,NA
VIDEOFLASH!,NA,NA
VIETNAM,NA,NA
VIETNAM BLUES,NA,NA
VILE - Peeking Under the Skin of Murderers,Jeffries,2021-06-21
VIRTUE,NA,NA
"VISION, THE -HOUSE OF PRAISE FAMILY NEWSLETTER",NA,NA
VISIONS OF HOPE,NA,NA
VISUAL SURVEY OF THE BIBLE,NA,NA
VIVA,NA,NA
VIXEN (Premier Issue),NA,2021-04-01
VIXEN - V3 (Kim Kardashian / Nicki Minaj Covers),NA,2025-03-01
"VIXEN DIARIES, THE",Steffans,2022-04-22
VIXENZ (#3),NA,2023-01-01
VIXENZ (#4),NA,2023-09-23
VOGUE,NA,NA
VOGUE ESSENTIALS LINGERIE,Cryer,2021-09-21
VOICES FROM THE HARLEM RENAISSANCE,Huggins,2020-11-01
VOICES OF STRUGGLE-VOICES OF PRIDE,NA,NA
VOLKS MANIA,NA,2021-01-21
VOODOO HOODOO,Haskins,2021-11-21
"VOODOO HOODOO SPELLBOOK, THE",Alvarado,2021-12-21
VOR TRU (112),NA,2021-03-21
"VOR TRU (57, 58, 111)",NA,NA
VORTEX,NA,NA
VOYAGE OF THE DEVILFISH,NA,NA
"VOYEUR'S MOTEL, THE",Talese,2021-04-01
"WALKING DEAD, THE - A Marine's Story of Vietnam",Roberts & Sasser,2025-07-01
"WALKING DRUM, THE",NA,NA
WALKING THE TWILIGHT PATH,Belanger,2022-03-22
WANDERING WITH GOD,NA,NA
WANTING YOU TO WANT ME - Stories from the Secret World of Strip Clubs,NA,2024-01-01
WAP (#2),NA,2021-09-21
WAP - Limited Edition,NA,2021-04-01
WAP - Women After Power (#1 - Special Edition),NA,2023-01-01
WAR CRIMES,NA,NA
WAR CRY,NA,2021-02-21
WAR LORD,Cornwell,2022-08-22
"WARS OF GODS AND MEN, THE - The Third Book of the Earth Chronicles",Sitchin,2023-09-23
WAS ABRAHAM JUSTIFIED BY WORKS? WILL EVERYBODY ULTIMATELY GO TO HEAVEN?,NA,NA
WATCHTOWER,NA,NA
WATERCOLOR ARTIST (6-2020),NA,NA
"WATERMELON, NOOSES AND STRAIGHT RAZORSD",Pilgrim,2021-07-21
"WAY OF DIVINE LOVE, THE",NA,NA
"WAY OF FIRE AND ICE, THE - The Living Tradition of Norse Paganism",Smith,2021-06-21
WAY TO HAPPINESS,NA,NA
"WAY, THE",NA,NA
"WAYS WE HIDE, THE (McMorris)",NA,2023-12-01
WE'RE ALL DOING TIME *RE-REVIEWED 1-99*,NA,NA
WELCOME TO THE GAME,Craig Henderson,2024-10-01
WELFARE WIFEY'S - A Hoodrat Novel,K'Wan,2021-04-01
WES & TOREN (Colak),NA,2021-08-21
WEST OF DODGE,NA,NA
WEST UNION COMMUNICATOR,NA,NA
WESTERN HORSEMEN,NA,NA
WESTERN OUTDOORS,NA,NA
WHAT BUDDHISTS BELIEVE,NA,NA
WHAT DID JESUS REALLY SAY?,NA,2020-11-20
WHAT DOESN'T KILL YOU MAKES YOU BLACKER,Young,2021-01-21
WHAT HAPPENED THAT NIGHT,Block,2021-04-01
WHAT IS A REAL CHRISTIAN?,NA,NA
WHAT IS ASATRU?,NA,2021-01-21
WHAT IT MEANS TO BE A CHRISTIAN,NA,NA
WHAT MADE JESUS MAD?,NA,2022-05-22
WHAT MEDITATION REALLY IS,NA,NA
WHAT MENNONITES BELIEVE,NA,NA
WHAT MUST I DO TO BE SAVED?,NA,NA
WHAT THE BIBLE IS ALL ABOUT,NA,NA
WHAT THE BIBLE TEACHES,NA,NA
WHAT THIS COMEDIAN SAID WILL SHOCK YOU,Bill Maher,2024-12-01
WHAT TO DO WHEN FAITH SEEMS WEAK & VICTORY LOST,NA,NA
WHAT TO DO WHEN YOU DON'T KNOW WHAT TO DO,NA,NA
WHAT WE CAN LEARN FROM BUDDHISM,NA,NA
"WHAT YOU MUST KNOW ABOUT VITAMINS, MINERALS, HERBS AND SO MUCH MORE - 2nd Edition",Smith,2021-02-21
"WHAT'S THE SCIENCE (#1, #2, #3, #4, #5)",NA,NA
WHEELS OF GRACE,NA,NA
"WHEN A KILLER CALLS - A Haunting Story of Murder, Criminal Profiling, and Justice in a Small Town",Douglas/Olshaker,2023-12-01
WHEN THE STREETS CLAP BACK - Prepare for War,Williams,2021-01-21
WHEN THEY COME FOR YOU - How Police and Government are Trampling our Liberties and How to Take them Back,Kirby,2023-12-01
WHEN TIME BEGAN - The Fifth Book of the Earth Chronicles,Sitchin,2023-09-23
WHERE ARE YOU,Trumble,2020-07-01
WHERE FLIES DON'T LAND,NA,NA
WHERE IS GOD WHEN IT HURTS,NA,NA
WHERE THE CRAWDADS SING,Owens,2020-11-01
WHITE COLLAR CRIME AND CRIMINAL JUSTICE CATALOG - Law Journal Press,NA,NA
"WHITE HOUSE, THE",Coleman,2021-04-01
WHITETAIL,NA,2021-12-21
WHO ARE THE GENTILES?,NA,NA
WHO CARES IF IT'S A CHOICE? ,Ellen Orleans,NA
WHO IS THIS MAN WHO SAYS HE'S GOD,NA,NA
WHO?,Brown,2020-11-20
"WHORE THE WIND BLEW MY WAY, THE",Sayles,2022-03-22
WHY DID THEY BECOME MUSLIMS? (#16),NA,NA
WHY DO THE RIGHTEOUS SUFFER,NA,NA
WHY GOD WHY,NA,NA
WHY MILLER TURNED KILLER,Milhouse,2020-09-20
WHY THE INNOCENT PLEAD GUILTY AND THE GUILTY GO FREE,Rakoff,2021-04-01
WICCA A GUIDE FOR THE SOLITARY PRACTITIONER,NA,NA
WIFE,Baker,2021-05-21
WIFE - Part 2,Baker,2021-05-21
"WIKIPEDIA ENCYCLOPEDIA OF SERIAL KILLERS, THE",NA,2022-01-22
WILD WEST,NA,NA
WILDFOWL,NA,NA
WILDLIFE CONSERVATION,NA,NA
WILDWOOD DESIGNS CATALOG,NA,NA
WILL (Will Smith w/ Mark Manson),NA,2024-05-01
"WILL TO POWER, THE",Nietzsche,2020-07-01
WILL YOU DIE FOR ME?,NA,NA
WILLIAM BOUGUEREAU - The Essential Works,Ross & Ross,2020-03-01
WILLIE NELSON'S LETTERS TO AMERICA (Willie Nelson w/ Turk Pipkin),NA,2024-05-01
WINDOWS MAGAZINE,NA,NA
"WINFIELD COLLECTION, THE",NA,NA
WINGS OF ANGELS (V2),NA,2022-04-22
WINGS OF JOY,NA,NA
WINNING LOVE,Niles,2022-10-22
WINTER PREY,John Sandford,2024-02-01
WINTERSTEEL - Cradle V8,Wright,2022-12-01
WIRED,NA,NA
WIRED (12-04 / 02-05 / 6-10 / 8-13),NA,NA
WIRING - 8th Updated Edition (Creative Homeowner),NA,2020-07-01
WISCONSIN OUTDOOR JOURNAL,NA,NA
"WISDOM OF ISLAM?, THE",NA,NA
WISDOM OF THE PROPHETS,NA,NA
WISDOM'S CRY,NA,NA
"WITCH'S FAMILIAR, THE (book by Grimassi)",NA,NA
"WITCH'S MAGICAL HANDBOOK, THE",NA,NA
"WITCHCRAFT - A Handbook of Magic, Spells, and Potions",Greywolf,2022-10-22
WITCHCRAFT TODAY (WITCHCRAFT & SHAMANISM),NA,NA
"WITCHES OF ADAMAS 03, THE",Yu lmai,2023-01-01
WITCHES OF ADAMAS 4,NA,2023-09-23
"WITCHES OF ADAMAS, THE - V8",Yu Imai,2025-11-01
WITCHES' CRAFT - A Multidenominational Wicca ,Wilborn,2021-05-21
"WITCHES' GOD, THE",Janet/Stewart Farrar,2022-03-22
"WITCHES' GODDESS, THE",Janet & Stewart Farrar,2023-01-01
WITCHING ACADEMY TAROT,Chen May have associated property restrictions (cards & packaging) at some institutions.,2023-12-01
"WITCHING HOUR, THE",Ann Rice,2023-08-23
WITH CHRIST IN THE SCHOOL OF PRAYER,NA,NA
WITH GOD,NA,NA
WITHIN THESE STREETS,NA,NA
WITHOUT PITY,Ann Rule,2022-09-22
WIZARD,NA,NA
"WIZARD'S BIBLE, INC.",NA,NA
"WOLF AGE, THE - The Vikings, the Anglo-Saxons, and the Battle for the North Sea Empire",Skeie,2024-03-01
WOLVERINE,NA,NA
WOMAN,NA,NA
WOMANHOOD - The Bare Reality (Dodsworth),NA,2021-08-21
WOMEN IN LOVE,Lawrence,2021-10-21
"WOMEN OF INK, THE",Banfalvi,2021-06-21
"WOMEN OF INK, THE",Schiffer,2021-08-21
"WOMEN OF KING, THE (Summer 2010 / 9,10-11 / Spr 2011 / #32 / Summer 2013)",NA,NA
WOMEN OF POLYNESIA,Blackburn,2021-12-21
WOMEN OF THE SUN - Bunny Yeager in Mexico (Nico B),NA,2021-08-21
WON BY ONE,NA,NA
WONDERFUL PROMISES,NA,NA
WONDERS OF THE WORLD,Claudia Martin,2023-03-01
WOOD WORKER,NA,NA
"WOOD WORKER'S JOURNAL, THE",NA,NA
WOODBASKET,NA,NA
WOODS & WATER INC,NA,NA
WOODTURNING (4-2020 / #343),NA,2020-04-01
WOODWORKING & FURNITURE DIGEST,NA,NA
WOODWORKING - The Complete Step by Step Manual - Tools / Techniques / Woods / Projects,DK,2024-09-01
"WORD AMONG US, THE",NA,NA
"WORD IS OUT, THE (Fall 2022:  Relationships / #24)",NA,2023-01-01
"WORD IS OUT, THE (Spring 2012 / Spr-Sum 2013 / Winter 2013-2014 / Winter 2014-2015 / Summer 2016 / #8,10,11,13,15,16,17,19,20 / Winter 2016 / Winter 2017 / 10 Year Anniversry Issue / Winter 2018 / #22 - Summer 2020 / #23 - Spring 2021)",NA,NA
WORD OF FAITH,NA,NA
"WORD WORKS!, THE",NA,NA
WORDS OF THE SPIRIT,NA,NA
WORKBENCH,NA,NA
WORKBOOK FOR ATOMIC HABITS,Clear,2020-05-01
WORKERS VANGUARD,NA,NA
WORKERS WORLD,NA,NA
"WORKPLACES OF CHRISTMAS, THE",NA,NA
WORLD,NA,NA
"WORLD AMONG US, THE",NA,NA
"WORLD ATLAS OF STREET ART AND GRAFFITI, THE",Schacter,2023-09-23
"WORLD ATLAS OF TATTOO, THE",Friedman,2019-02-19
WORLD BOXING,NA,NA
WORLD CHALLENGE INC.,NA,NA
"WORLD OF CYBERPUNK 2077, THE (Batylda)",NA,2020-11-20
"WORLD OF IT, THE (Wax)",NA,2021-05-21
WORLD OF PRODUCTS (Fall 2004),NA,NA
WORLD SERIAL KILLERS,Cawthorne,2023-08-23
WORLD SPORTS (NOW SPORTSWORLD),NA,NA
WORLD TENNIS,NA,NA
WORLD TRIGGER - V1,Ashihara  Books can be denied for treatment purposes on individual basis at institutional level.,2023-12-01
WORLD WAR II HISTORY,NA,NA
"WORLD'S WORST CRIMES, THE - An A-Z of Evil Deeds",Greig,2021-07-21
"WORLD'S WORST PRISONS, THE - Inside Stories from the Most Dangerous Jails on Earth",Farrington,2021-07-21
WORST OF WHILE YOU WERE SLEEPING (Schiffer Books),NA,2022-03-22
WORTH RISES - Community Corrections,NA,2021-05-21
WORTH RISES - Health Care,NA,2021-05-21
WORTH RISES - Transportation,NA,2021-05-21
WRATH,K'Wan,2020-11-01
WRECKING CREW,Ferak,2020-11-20
WRESTLER,NA,NA
WRESTLING ALMANAC,NA,NA
WRESTLING WORLD,NA,NA
WRITERS DIGEST,NA,NA
WW4,Capt Douglas Cohn,2021-12-21
"WWE - World Wrestling Ent (10,11,12-06 / Holiday 2006 . 5,6,7,8,11,12-07 / Best of 2007  / 1-08 / Holiday Edition 07-08  /  2,3,4,5,6,7,8,9,10,11,12-08 / Holiday 08 / Best of 2008 / 1,2,3,4,5,6,9,10-09 / Holiday 09 / 01,2,4,5,6,7,8,9,10,11,12-10 / Holiday 2010 / 1,2,3,4,5,6,7,9,10,11,12-11 / Holiday 2011 / 1,2,3,4,5,6,7,8,9,10,11,12-12 / 1,2,3,4,5,6,7,9,10,11,12-2013 / 01,3,4,5,6,8,9,10-14)",NA,NA
WWII HISTORY,NA,NA
WWII HISTORY,NA,NA
WWII QUARTERLY,NA,NA
X-MEN,NA,NA
XOTIX (#10),NA,2022-04-22
"XOTIX (#3, #4,#5,#6, #8 - Cover Model Kendall Dior / #9)",NA,NA
XOTIX - Cover Model Tiara (#9),NA,2021-12-21
XOTIX - Ms. Kari cover (no issue / date),NA,2021-12-21
XTREME RC CARS,NA,NA
"XXL (10-02 / 3,4-09 / 3,4,5-10 / 6,7-2014 / Spring 2015 / Summer 2015 / Summer 2017 / Summer 2023)",NA,NA
XXL (PREMIER ISSUE-SOUL STYLE TRUST #1),NA,NA
XXL (Spring 2024),NA,2024-07-01
XXL (Summer 2024),NA,2024-10-01
"XXL (VOL. 2#3,5,6/VOL. 3#3,5/04,05,07,10,11,12-00/#18 SPECIAL ISS., Jan/Feb/Mar/Apr/May/Jun/July/Aug/Sep/Oct.01, #13-11/01,12-01 /01,02,03,04,05,06,07,08,09,11,12-02/1,2,3,4,5,6,7,8,9,10,11,12-03  /  1, 2,3,4,5,6,7,8,910,11,12-04 / 1,2,3,4,5,6,7,8,9,10,11,12-05 / 1,2,3,4,5,6,7,8,9,10,11,12-06  /  1,2,3,4,5,6,7,8,9,10,11,12-07 / 1,3,4,5,6,7,8,9,10,11,12-08 / 1,2,5,6,7,8,9,10,11,12-09 / 01,6,7,8,9,10,11,12-10 / 01,3,4,5,6,7,8,9,10,11,12-11 / 1,3,4,5,6,7,8,9,10,11,12-12 / 1,3,4,5,6,7,8,9,10,11,12-13 / 01,4,5,8,9,10,11-2014 / Winter 2014 / Fall 2015 / Winter 2015 / Spr 2016 / Summer 2016 / Fall 2016 / Winter 2016 / Spr 2017 / Summer 2017 / Fall 2017 / Summer 2018 / Fall 2018 / Winter 2018 / Summer 2019 / Fall 2019 / Winter 2019 / April 2020 / Spring 2020 / Fall 2020 / Winter 2020 / Spring 2021 / Summer 2021 / Fall 2021 / Winter 2021 / Spring 2022 / Summer 2022 / Fall 2022 / Winter 2022 / Winter 2023)",NA,NA
YAHOO,NA,NA
YAVO DIGEST,NA,NA
YAYO IN CHIRAQ - The Murder Capital,Allen,2021-05-21
YEA NEWSLETTER (March to October 2022),NA,2022-12-01
YES! (Spring 2023),NA,2023-04-01
YESHIVA CHANOCH LENAAR OUTREACH,NA,NA
YKTV - Foreplay Black (#10),NA,2024-02-01
YKTV - Foreplay Gold (#15),NA,2024-03-01
YKTV - Foreplay Platinum (#14) - Twitter Reloaded,NA,2024-02-01
YKTV - Foreplay Platinum (#15) - Kitty Kats,NA,2024-02-01
YKTV - Foreplay Platinum (#16) - Sunny Daze,NA,2024-02-01
YKTV - Foreplay Platinum (#5),NA,2024-02-01
YKTV - Foreplay Red (13 SE),NA,2024-02-01
YKTV - Foreplay Red (SE 2) - CiCi Cover,NA,2024-04-01
YKTV - I Love Girls - Special Edition - Asian,NA,2023-11-01
YKTV - Red 13 SE (Lisa),NA,2023-08-23
YKTV - Viral  - Jim Jones Harlem Capo / Maino Big Brooklyn Covers (V22) - Decision changed due to lawsuit decision May 2024,NA,2024-05-01
YKTV - Viral (#11) - Bobby's Back Welcome Home GS9 Cover,NA,2024-05-01
YKTV - Viral (#12) - Rowdy Rebel Cover,NA,2024-05-01
YKTV - Viral (#13) - Lissa Aires Cover,NA,2024-07-01
YKTV - Viral (#16) - Bobby Shmurda / K Goddess Da Remix Queen Covers,NA,2024-05-01
YKTV - Viral (#24) - Justina Valentine,NA,2024-07-01
YKTV - Viral (#25) - Millyz Cover,NA,2024-07-01
YKTV - Viral (#5) - Wild'n Out Girls - Star Brim Cover,NA,2024-03-01
YKTV - Viral (V1) - Nicki Minaj Queen Cover,NA,2024-07-01
YKTV - Viral (V19 - J Prince),NA,2024-01-01
YKTV - Viral (V2),NA,2023-11-01
YKTV - Viral (V20),NA,2023-09-23
YKTV - Viral (V21) - Sauce Walka / Conway - front and back covers,NA,2024-07-01
YKTV - Viral (V23) - Super Fly God & I-Born Cvrs,NA,2024-07-01
YKTV - Viral (V3),NA,2023-11-01
YKTV - Viral - I Love Feet - Special Edition Starring Curvy Gold (#3),NA,2024-05-01
YKTV - Viral - I Love Feet Special Edition,NA,2022-09-22
YKTV - Viral - I Love Feet Special Edition (#2),NA,2024-01-01
YKTV - Viral - I Love Girls - Jesse Thicc,NA,2023-09-23
YKTV - Viral - I Love Girls - Special Edition,NA,2023-09-23
YKTV - Viral - Instagram Directory (V3),NA,2023-09-23
YKTV - Viral - Live SE-1 (Betty Crocker),NA,2024-01-01
YKTV - Viral - Live SE-1 - Gigi Torres Cvr,NA,2024-07-01
YKTV - Viral - Live SE-1 - NY NY Irene Cvr,NA,2024-07-01
YKTV - Viral Asian SE - I Love Girls Special Edition,NA,2024-07-01
YKTV - Viral Black (#11),NA,2024-02-01
YKTV - Viral Black (#14),NA,2023-12-01
YKTV - Viral Black (#15 / Sulema DVS),NA,2024-01-01
YKTV - Viral Black (#16) - Fit Mami,NA,2024-07-01
YKTV - Viral Black (#17) - Starring Ebony,NA,2024-07-01
YKTV - Viral Black (#22) - Sweetie,NA,2025-02-01
YKTV - Viral Black (26) - Virdi Cover,NA,2025-10-01
YKTV - Viral Black (V10 / Gina B),NA,2024-01-01
YKTV - Viral Black (V12),NA,2023-08-23
YKTV - Viral Black (V3) - I Love Girls,NA,2024-04-01
YKTV - Viral Black (V4) - I Love Girls,NA,2024-07-01
YKTV - Viral Black (V5),NA,2022-09-22
YKTV - Viral Black (V6),NA,2025-11-01
YKTV - Viral Black (V8 / Mia Osha),NA,2024-01-01
YKTV - Viral Black (V9 / Ebony),NA,2024-01-01
YKTV - Viral Black - Kita Reign (V13),NA,2023-10-23
YKTV - Viral Deluxe - I Love Girls - Jessi Thicc Serving Strawberry Milk Cover,NA,2024-05-01
YKTV - Viral Feet (V5),NA,2025-07-01
YKTV - Viral Gold  (V13) - Dessie Desires Cvr,NA,2024-07-01
YKTV - Viral Gold (#11) - Cheryee Cvr - The Art of Applying Pressure,NA,2024-07-01
YKTV - Viral Gold (#14),NA,2023-11-01
YKTV - Viral Gold (#15) - Starring Adriana Love,NA,2024-11-01
YKTV - Viral Gold (#16) - Starring Jersey Kitty,NA,2024-07-01
YKTV - Viral Gold (#22) - Ali,NA,2025-02-01
YKTV - Viral Gold (#26) - Cosmo Cover,NA,2025-10-01
YKTV - Viral Gold (18) - Honey,NA,2025-02-01
YKTV - Viral Gold (8) - Sasha / Summer Vibez,NA,2025-02-01
YKTV - Viral Gold (9) - Bobbi Dean,NA,2025-02-01
YKTV - Viral Gold (V 12) - Starring Rose,NA,2024-07-01
YKTV - Viral Gold (V3) - I Love Girls,NA,2024-04-01
YKTV - Viral Gold (V4) - I Love Girls,NA,2024-04-01
YKTV - Viral Gold (V5),NA,2025-11-01
YKTV - Viral Gold (V6),NA,2022-09-22
YKTV - Viral Gold - Desiree Cito (V7),NA,2023-09-23
YKTV - Viral Gold - Hollywood Brittany (V6),NA,2023-09-23
YKTV - Viral Gold - Starring Maxime (#17),NA,2024-05-01
YKTV - Viral Gold - Veda (V10),NA,2023-09-23
YKTV - Viral Platinum (#11) - Maddie,NA,2025-02-01
YKTV - Viral Platinum (#15),NA,2024-02-24
YKTV - Viral Platinum (#15) - Queen Drea,NA,2024-02-24
YKTV - Viral Platinum (#16) - Kaay Foxxy Cover,NA,NA
YKTV - Viral Platinum (#22) - Demi,NA,NA
YKTV - Viral Platinum (#24),NA,2025-07-01
YKTV - Viral Platinum (#26) - Paprika Cover,NA,NA
YKTV - Viral Platinum (Special Edition - V1) - I Love Girls,NA,2025-02-01
YKTV - Viral Platinum (V13) - Shady Shaina Cvr,NA,NA
YKTV - Viral Platinum (V14) - Starring Naomi North,NA,2024-07-01
YKTV - Viral Platinum (V3) - I Love Girls,NA,2024-04-01
YKTV - Viral Platinum (V4) - I Love Girls,NA,2025-02-01
YKTV - Viral Platinum (V5) - Kristina Rose,NA,2025-02-01
YKTV - Viral Platinum (V9) - Jenny Locke Cover,NA,2025-11-01
YKTV - Viral Platinum - Madi (V10),NA,2023-09-23
YKTV - Viral Platinum - Shady (V6),NA,2023-09-23
YKTV - Viral Platinum - Starring Bri Mance (#17),NA,NA
YKTV - Viral Platinum - Starring Grace (V12),NA,2023-09-23
YKTV - Viral Red (13 SE) - Lisa Cover,NA,2025-11-01
YKTV - Viral Red (15 SE) - Michelle Yee,NA,2024-02-01
YKTV - Viral Red (SE-#3) - I Love Girls,NA,2024-02-24
YKTV - Viral Red (V24) - Sammi Cover,NA,2025-10-01
YKTV - Viral Red - Cici (V2),NA,NA
YKTV - Virol Pornstagram - Instagram Directory (V3),NA,2023-12-01
YKTV -Viral Platinum (V8) - Featuring Angelina Summer Vibez,NA,2024-07-01
YO MAGAZINE,NA,NA
YOU,Kepnes,2022-08-22
YOU & YOUR CHILD,NA,NA
YOU ARE HERE - A Travel Photobook (Rough Guides),NA,2022-08-22
YOU ARE RESPONSIBLE,NA,NA
YOU BELONG TO ME,Ann Rule,2021-12-21
YOU CAN BE SURE,NA,NA
YOU CAN HAVE A HAPPY LIFE,NA,NA
YOU CAN HAVE WHAT YOU SAY!,NA,NA
YOU CAN LIVE FOREVER (LESSONS) EMMAUS PRISON MINISTRY,NA,NA
YOU CAN LIVE FOREVER IN PARADISE ON EARTH,NA,NA
YOU CAN START OVER,NA,NA
YOU CAN'T WIN,Black,2021-04-01
YOU WOULDN'T DO THIS,NA,NA
YOU'RE BORN AN ORIGINAL-DON'T DIE A COPY!,NA,NA
YOU'RE NOT THAT BODY!,NA,NA
YOUNG LESBIAN GIRLFRIENDS FOR MEN,Novak & Lopez,2021-09-21
YOUNG MISS,NA,NA
"YOUNG, RICH AND DANGEROUS",Saint,2020-11-01
YOUR BIBLE AND YOU,NA,NA
YOUR FATHER ABRAHAM,NA,NA
YOUR LIFE IN CHRIST,NA,NA
YOUR NEW LIFE,NA,NA
YOUR TISHREI GUIDE,NA,NA
YOUR TURN IS NEXT,NA,NA
"YOURS CRUELLY, ELVIRA - Memoirs of the Mistress of the Dark (Peterson)",NA,2025-06-01
YOUTH EDITION STEPS TO CHRIST,NA,NA
YU-GI-OH! The Art of Cards,NA,2021-06-21
ZANE'S SEX CHRONICLES,Zane,2022-07-22
"ZAPATISTAS' DIGNIFIED RAGE, THE",Henck,2020-11-01
"ZEN BOOK OF LIFE, THE",NA,2022-04-22
ZEN WIND,NA,NA
ZION'S FIRE,NA,NA
ZODIAC:  The Shocking True Story of Hunt for the Nation's Most Elusive Serial Killer,Graysmith,2021-07-21
ZOE POUND MAFIA - The Untold Story,Atkins,2022-07-22
NA,NA,NA
NA,NA,NA
